,movie_title,imdb_id,movie_budget,movie_revenue,movie_release,join_title,imdb_rating,imdb_total_votes,Publisher,Pages,Rating,RatingDistTotal,Authors
0,Jumanji,tt0113497,140092491.69435215,566398791.1204784,1995.0,jumanji,7.1,404354.0,Scholastic,48,4.07,total:28,A.L. Singer
1,Heat,tt0113277,129316146.17940198,403976782.5981661,1995.0,heat,8.3,779065.0,Philomel Books,220,3.98,total:19350,Mike Lupica
2,Heat,tt0113277,129316146.17940198,403976782.5981661,1995.0,heat,8.3,779065.0,iUniverse,256,3.45,total:73,Arthur Herzog III
3,Sense and Sensibility,tt0114388,35561940.199335545,290961328.90365446,1995.0,sense and sensibility,7.7,134114.0,"Oxford University Press, USA",446,4.07,total:917623,Jane Austen
4,Sense and Sensibility,tt0114388,35561940.199335545,290961328.90365446,1995.0,sense and sensibility,7.7,134114.0,AudioGO,0,4.07,total:917839,Jane Austen
5,Sense and Sensibility,tt0114388,35561940.199335545,290961328.90365446,1995.0,sense and sensibility,7.7,134114.0,Signet Classics,314,4.07,total:919827,Jane Austen
6,Othello,tt0114057,0.0,0.0,1995.0,othello,6.8,10530.0,Simon  Schuster,314,3.89,total:301217,William Shakespeare
7,Othello,tt0114057,0.0,0.0,1995.0,othello,6.8,10530.0,Barrons Educational Series,319,3.89,total:301924,William Shakespeare
8,Persuasion,tt0114117,0.0,0.0,1995.0,persuasion,7.6,12302.0,Oxford University Press,249,4.14,total:498446,Jane Austen
9,Persuasion,tt0114117,0.0,0.0,1995.0,persuasion,7.6,12302.0,Penguin,400,4.14,total:499902,Jane Austen
10,"Cry, the Beloved Country",tt0112749,0.0,1458093.429900332,1995.0,"cry, the beloved country",6.8,2189.0,Scribner,316,3.9,total:62698,Alan Paton
11,Richard III,tt0114279,0.0,0.0,1995.0,richard iii,7.3,16182.0,"Oxford University Press, USA",414,3.93,total:41998,William Shakespeare
12,Mortal Kombat,tt0113855,38794843.85382059,263365090.88744184,1995.0,mortal kombat,5.8,129942.0,Berkley,293,3.63,total:243,Jeff Rovin
13,Se7en,tt0114369,71123880.39867109,705445136.7449301,1995.0,se7en,8.6,1964444.0,Longman Publishing Group,80,3.85,total:68,David Fincher
14,Pocahontas,tt0114148,118539800.66445182,745895041.9167043,1995.0,pocahontas,6.7,214063.0,Doubleday Books for Young Readers,44,4.1,total:861,Ingri d'Aulaire
15,Georgia,tt0113158,0.0,0.0,1995.0,georgia,6.5,3460.0,Graphic Arts Books,144,4.0,total:3,Craig M. Tanner
16,The Postman,tt0110877,0.0,0.0,1994.0,the postman,7.8,40846.0,Miramax Books,128,3.71,total:10421,Antonio Skármeta
17,Friday,tt0113118,7543441.860465116,60812896.27790033,1995.0,friday,7.2,134200.0,Del Rey,384,3.84,total:25749,Robert A. Heinlein
18,La Haine,tt0113247,6465807.308970099,0.0,1995.0,la haine,8.1,218666.0,University of Illinois Press,128,4.24,total:34,Ginette Vincendeau
19,The Bridges of Madison County,tt0112579,51726458.4717608,392294790.8508704,1995.0,the bridges of madison county,7.6,94826.0,Grand Central Publishing,224,3.61,total:75618,Robert James Waller
20,Taxi Driver,tt0075314,7556960.573476702,164291659.55612904,1976.0,taxi driver,8.2,1001647.0,British Film Institute,79,3.91,total:163,Amy Taubin
21,The Neon Bible,tt0113952,0.0,0.0,1995.0,the neon bible,6.3,1153.0,Grove Press,162,3.71,total:5788,John Kennedy Toole
22,The Basketball Diaries,tt0112461,0.0,0.0,1995.0,the basketball diaries,7.3,129581.0,Penguin Books,224,3.95,total:29345,Jim Carroll
23,Rob Roy,tt0114287,60347534.88372093,68099846.02822591,1995.0,rob roy,6.9,48491.0,Modern Library,576,3.7,total:8828,Walter Scott
24,Belle de Jour,tt0061395,0.0,0.0,1967.0,belle de jour,7.6,52465.0,British Film Institute,96,4.24,total:38,Michael  Wood
25,Congo,tt0112715,107763455.14950164,327648537.25693023,1995.0,congo,5.3,51490.0,Avon Books,442,3.59,total:151786,Michael Crichton
26,Congo,tt0112715,107763455.14950164,327648537.25693023,1995.0,congo,5.3,51490.0,Knopf,348,3.59,total:152026,Michael Crichton
27,First Knight,tt0113071,118539800.66445182,275013275.083588,1995.0,first knight,6.0,81805.0,Pocket Books,281,3.88,total:477,Elizabeth Chadwick
28,Hackers,tt0113243,43105382.05980066,16301869.261820598,1995.0,hackers,6.2,79702.0,HarperTorch,208,3.51,total:185,David Bischoff
29,Kids,tt0113540,3232903.6544850497,15975320.129488371,1995.0,kids,7.0,90191.0,Grove Press,160,3.62,total:39,Larry  Clark
30,The Scarlet Letter,tt0114345,107763455.14950164,22376881.02176744,1995.0,the scarlet letter,5.3,17169.0,Penguin Books,279,3.4,total:678359,Nathaniel Hawthorne
31,The Scarlet Letter,tt0114345,107763455.14950164,22376881.02176744,1995.0,the scarlet letter,5.3,17169.0,W. W. Norton & Company,439,3.4,total:679902,Nathaniel Hawthorne
32,Total Eclipse,tt0114702,0.0,732552.2601461794,1995.0,total eclipse,6.4,17511.0,DAW,206,3.44,total:368,John Brunner
33,White Man's Burden,tt0114928,17242152.823920265,0.0,1995.0,white man's burden,5.3,5343.0,"Oxford University Press, USA",229,3.87,total:148,Winthrop D. Jordan
34,The Babysitter,tt0112438,0.0,0.0,1995.0,the babysitter,4.3,6379.0,St. Martin's Paperbacks,368,3.32,total:263,Diana Diamond
35,Circle of Friends,tt0112679,0.0,0.0,1995.0,circle of friends,6.6,9610.0,Arrow,722,4.03,total:57474,Maeve Binchy
36,Dream Man,tt0112899,0.0,0.0,1995.0,dream man,4.9,326.0,Pocket Books,368,4.04,total:17480,Linda Howard
37,Dolores Claiborne,tt0109642,0.0,0.0,1995.0,dolores claiborne,7.4,52033.0,Editorial Grijalbo,291,3.86,total:120755,Stephen King
38,Exit to Eden,tt0109758,0.0,15168738.057142856,1994.0,exit to eden,4.3,7634.0,Severn House Publishers,336,3.58,total:14831,Anne Rampling
39,Hideaway,tt0113303,32329036.54485049,26296987.919202656,1995.0,hideaway,5.3,7924.0,Brilliance Audio,12,3.84,total:32369,Dean Koontz
40,Just Cause,tt0113501,0.0,0.0,1995.0,just cause,6.4,32132.0,Ballantine Books,494,3.85,total:2331,John Katzenbach
41,Little Women,tt0110367,39908571.42857143,0.0,1994.0,little women,7.3,67220.0,Signet Classics,449,4.08,total:1595807,Louisa May Alcott
42,Little Women,tt0110367,39908571.42857143,0.0,1994.0,little women,7.3,67220.0,Barnes  Noble Classics,489,4.08,total:1601291,Louisa May Alcott
43,A Little Princess,tt0113670,36639574.75083056,0.0,1995.0,a little princess,7.6,38522.0,Penguin Books,242,4.2,total:261634,Frances Hodgson Burnett
44,A Little Princess,tt0113670,36639574.75083056,0.0,1995.0,a little princess,7.6,38522.0,HarperCollins,324,4.2,total:261998,Frances Hodgson Burnett
45,Like Water for Chocolate,tt0103994,4690788.141720896,50814060.18961677,1992.0,like water for chocolate,7.1,20122.0,Black Swan,222,3.95,total:317405,Laura Esquivel
46,Man of the House,tt0113755,0.0,0.0,1995.0,man of the house,5.3,11027.0,Headline,320,4.46,total:211,Joan Jonker
47,My Family,tt0113896,11853980.06644518,0.0,1995.0,my family,7.3,4778.0,Zondervan/Youth Specialties,199,3.33,total:6,Kurt Johnston
48,Nobody's Fool,tt0110684,0.0,0.0,1994.0,nobody's fool,7.3,24165.0,Vintage,560,4.11,total:24829,Richard Russo
49,Once Were Warriors,tt0110729,0.0,4880210.7885714285,1994.0,once were warriors,7.9,38725.0,University of Hawaii Press,192,3.95,total:2527,Alan Duff
50,The Shawshank Redemption,tt0111161,55428571.42857143,62837085.55428571,1994.0,the shawshank redemption,9.3,3116179.0,British Film Institute,96,4.43,total:750,Mark Kermode
51,The War,tt0111667,0.0,0.0,1994.0,the war,6.8,14189.0,The New Press,192,3.85,total:2144,Marguerite Duras
52,The Client,tt0109446,99771428.57142857,260769724.96,1994.0,the client,6.7,81651.0,Delta,483,4.01,total:378641,John Grisham
53,The Client,tt0109446,99771428.57142857,260769724.96,1994.0,the client,6.7,81651.0,Random House Large Print,720,4.01,total:379408,John Grisham
54,The Client,tt0109446,99771428.57142857,260769724.96,1994.0,the client,6.7,81651.0,Dell,566,4.01,total:379450,John Grisham
55,The Crow,tt0109506,33257142.85714285,208411428.57142857,1994.0,the crow,7.5,227272.0,Walker Books,528,4.02,total:12541,Alison Croggon
56,The Crow,tt0109506,33257142.85714285,208411428.57142857,1994.0,the crow,7.5,227272.0,Pocket Books,240,4.28,total:12072,James O'Barr
57,Four Weddings and a Funeral,tt0109831,13302857.142857142,564708130.3771428,1994.0,four weddings and a funeral,7.1,177345.0,St. Martin's Griffin,128,3.76,total:509,Richard Curtis
58,The Jungle Book,tt0110213,0.0,0.0,1994.0,the jungle book,6.1,19870.0,Tor Classics,277,3.93,total:100040,Rudyard Kipling
59,Dos Crímenes,tt0112889,0.0,0.0,1995.0,dos crímenes,7.3,348.0,Joaquin Mortiz,211,4.22,total:2275,Jorge Ibargüengoitia
60,The Age of Innocence,tt0106226,77230476.19047618,73267735.02745098,1993.0,the age of innocence,7.2,72869.0,W. W. Norton & Company,544,3.95,total:134858,Edith Wharton
61,Barcelona,tt0109219,7094857.142857143,0.0,1994.0,barcelona,7.0,6977.0,Noguer,82,4.0,total:1,Camilo José Cela
62,Black Beauty,tt0109279,0.0,0.0,1994.0,black beauty,6.6,11179.0,Scholastic Paperbacks,245,3.96,total:227605,Anna Sewell
63,Black Beauty,tt0109279,0.0,0.0,1994.0,black beauty,6.6,11179.0,Turtleback Books,228,3.96,total:228118,Anna Sewell
64,Blink,tt0109297,0.0,36956561.00571428,1994.0,blink,6.2,9613.0,Thomas Nelson,400,4.17,total:15679,Ted Dekker
65,Even Cowgirls Get the Blues,tt0106834,17737142.85714286,0.0,1994.0,even cowgirls get the blues,4.3,8148.0,No Exit Press,366,3.76,total:48617,Tom Robbins
66,The Firm,tt0106918,95402352.94117646,613865002.150252,1993.0,the firm,6.9,158144.0,Addison Wesley Publishing Company,76,4.02,total:545180,Robin Waterfield
67,The Firm,tt0106918,95402352.94117646,613865002.150252,1993.0,the firm,6.9,158144.0,Random House Audio,2,4.06,total:35450,John Grisham
68,A Good Man in Africa,tt0109920,0.0,0.0,1994.0,a good man in africa,5.1,2803.0,Vintage,352,3.85,total:3723,William  Boyd
69,The House of the Spirits,tt0107151,56787114.84593837,0.0,1993.0,the house of the spirits,6.9,26174.0,Black Swan,491,4.23,total:177625,Isabel Allende
70,Jurassic Park,tt0107290,143103529.41176468,2089992974.789916,1993.0,jurassic park,8.2,1150542.0,Random House Value Publishing,399,4.02,total:772965,Michael Crichton
71,M. Butterfly,tt0107468,0.0,3406761.236414565,1993.0,m. butterfly,6.7,11561.0,"Dramatists Play Service, Inc.",93,3.96,total:10648,David Henry Hwang
72,Made in America,tt0107478,49972661.06442577,0.0,1993.0,made in america,5.1,18539.0,Bantam Books,304,3.71,total:14,Peter Maas
73,Malice,tt0107497,0.0,105409005.79585432,1993.0,malice,6.5,30187.0,Dell,432,3.95,total:9096,Danielle Steel
74,Malice,tt0107497,0.0,105409005.79585432,1993.0,malice,6.5,30187.0,Delacorte Press,352,3.95,total:9106,Danielle Steel
75,Much Ado About Nothing,tt0107616,18171876.75070028,0.0,1993.0,much ado about nothing,7.3,54768.0,Cambridge University Press,196,4.07,total:207100,William Shakespeare
76,Much Ado About Nothing,tt0107616,18171876.75070028,0.0,1993.0,much ado about nothing,7.3,54768.0,Signet Classic,166,4.07,total:207100,William Shakespeare
77,Naked,tt0107653,0.0,0.0,1993.0,naked,7.7,47728.0,Turtleback Books,291,4.09,total:229698,David Sedaris
78,Naked,tt0107653,0.0,0.0,1993.0,naked,7.7,47728.0,Hachette Audio,3,4.09,total:230058,David Sedaris
79,North,tt0110687,88685714.28571428,0.0,1994.0,north,4.6,15380.0,HarperTrophy,354,3.72,total:385,Donna Jo Napoli
80,North,tt0110687,88685714.28571428,0.0,1994.0,north,4.6,15380.0,Dalkey Archive Press,454,4.02,total:606,Louis-Ferdinand Céline
81,Orlando,tt0107756,9381576.283441791,0.0,1992.0,orlando,7.1,20440.0,Penguin Classics,228,3.87,total:53508,Virginia Woolf
82,The Puppet Masters,tt0111003,0.0,19151839.634285714,1994.0,the puppet masters,5.9,10366.0,Del Rey/Ballantine Books,208,3.87,total:28897,Robert A. Heinlein
83,The Remains of the Day,tt0107943,26122072.829131648,52784556.82946778,1993.0,the remains of the day,7.8,90666.0,Pearson Education Limited,120,4.12,total:187792,Kazuo Ishiguro
84,Rising Sun,tt0107969,0.0,243500399.9630252,1993.0,rising sun,6.3,49777.0,Turtleback Books,399,3.63,total:46593,Michael Crichton
85,The Road to Wellville,tt0111001,0.0,0.0,1994.0,the road to wellville,5.9,13835.0,Penguin Books,496,3.67,total:5828,T. Coraghessan Boyle
86,Schindler's List,tt0108052,49972661.06442577,729976934.430364,1993.0,schindler's list,9.0,1553410.0,Touchstone,517,4.35,total:137213,Thomas Keneally
87,Schindler's List,tt0108052,49972661.06442577,729976934.430364,1993.0,schindler's list,9.0,1553410.0,Atria Books,400,4.35,total:137585,Thomas Keneally
88,The Secret Garden,tt0108071,0.0,0.0,1993.0,the secret garden,7.3,47530.0,Dover Publications,256,4.13,total:844700,Frances Hodgson Burnett
89,Shadowlands,tt0108101,49972661.06442577,0.0,1993.0,shadowlands,7.3,21307.0,Plume,112,4.1,total:427,William Nicholson
90,Six Degrees of Separation,tt0108149,0.0,0.0,1993.0,six degrees of separation,6.8,23862.0,Dramatists Play Service,74,4.0,total:5943,John Guare
91,Blade Runner,tt0083658,96210847.45762712,113871097.57864408,1982.0,blade runner,8.1,867643.0,Del Rey,216,4.09,total:322772,Philip K. Dick
92,Blade Runner,tt0083658,96210847.45762712,113871097.57864408,1982.0,blade runner,8.1,867643.0,British Film Institute,96,3.83,total:602,Scott Bukatman
93,The Nightmare Before Christmas,tt0107688,40886722.68907563,171802394.80750698,1993.0,the nightmare before christmas,7.9,403128.0,Disney Press,176,3.98,total:1406,Jun Asuka
94,The Three Musketeers,tt0108333,68144537.81512605,122430396.04313724,1993.0,the three musketeers,6.4,62915.0,Viking,704,4.07,total:262810,Alexandre Dumas
95,Germinal,tt0107002,0.0,0.0,1993.0,germinal,7.1,6038.0,Penguin Classics,592,4.14,total:27614,Émile Zola
96,Chasers,tt0109403,0.0,3540083.177142857,1994.0,chasers,5.2,7633.0,Ballantine Books,352,3.82,total:289,Lorenzo Carcaterra
97,Ghost,tt0099653,55969380.39215686,1284751686.2745097,1990.0,ghost,7.1,251409.0,Tor Books,279,3.18,total:800,Piers Anthony
98,The Silence of the Lambs,tt0102926,45753466.96362288,656786014.2783668,1991.0,the silence of the lambs,8.6,1674785.0,St. Martin's Press,352,4.19,total:441101,Thomas  Harris
99,Snow White and the Seven Dwarfs,tt0029583,0.0,0.0,1937.0,snow white and the seven dwarfs,7.6,234747.0,Harmony,128,4.19,total:22533,Walt Disney Company
100,Beauty and the Beast,tt0101414,60201930.21529325,908689266.3363328,1991.0,beauty and the beast,8.0,499046.0,Seastar Books,48,4.34,total:5862,Marianna Mayer
101,Jane Eyre,tt0116684,0.0,0.0,1996.0,jane eyre,6.8,10638.0,Penguin,532,4.12,total:1548529,Charlotte Brontë
102,Jane Eyre,tt0116684,0.0,0.0,1996.0,jane eyre,6.8,10638.0,Signet Classics,462,4.12,total:1553077,Charlotte Brontë
103,Jane Eyre,tt0116684,0.0,0.0,1996.0,jane eyre,6.8,10638.0,Turtleback Books,461,4.12,total:1553399,Charlotte Brontë
104,Theodore Rex,tt0114658,72201514.9501661,0.0,1995.0,theodore rex,2.4,5063.0,Random House Trade Paperbacks,565,4.19,total:40229,Edmund Morris
105,Frisk,tt0113122,0.0,0.0,1996.0,frisk,4.9,800.0,Grove Weidenfeld,204,3.43,total:3225,Dennis Cooper
106,Moll Flanders,tt0117071,0.0,0.0,1996.0,moll flanders,6.4,4670.0,Wordsworth Editions,339,3.52,total:40471,Daniel Defoe
107,James and the Giant Peach,tt0116683,79676690.36845508,60640805.17874597,1996.0,james and the giant peach,6.7,77652.0,Alfred A. Knopf,146,4.01,total:357187,Roald Dahl
108,James and the Giant Peach,tt0116683,79676690.36845508,60640805.17874597,1996.0,james and the giant peach,6.7,77652.0,HarperFestival,3,4.01,total:358468,Roald Dahl
109,The Promise,tt0111613,0.0,0.0,1995.0,the promise,6.7,969.0,Anchor Books,368,4.15,total:12132,Chaim Potok
110,The Promise,tt0111613,0.0,0.0,1995.0,the promise,6.7,969.0,Moyer Bell and its subsidiaries,256,4.01,total:375,Pearl S. Buck
111,Solo,tt0117688,0.0,0.0,1996.0,solo,4.1,4720.0,Headline Review,421,3.65,total:4259,Jill Mansell
112,Delta of Venus,tt0109593,0.0,135672.0347641196,1995.0,delta of venus,4.7,2496.0,Random House Value Publishing,0,3.62,total:18135,Anaïs Nin
113,The Quest,tt0117420,62902650.29088559,120354884.4815514,1996.0,the quest,5.6,29646.0,Thomas Dunne Books,512,3.85,total:9057,Wilbur Smith
114,Of Love and Shadows,tt0110712,0.0,0.0,1994.0,of love and shadows,4.9,2604.0,Dial Press Trade Paperback,304,3.97,total:23666,Isabel Allende
115,Mouth to Mouth,tt0112546,0.0,0.0,1995.0,mouth to mouth,6.3,1833.0,Kensington,280,3.81,total:3292,Erin McCarthy
116,Cold Comfort Farm,tt0112701,0.0,0.0,1995.0,cold comfort farm,7.2,7996.0,Penguin Classics,233,3.91,total:40159,Stella Gibbons
117,Twister,tt0117998,192901460.8920492,1036785645.099108,1996.0,twister,6.6,248146.0,Ballantine Books,182,3.63,total:1723,Michael Crichton
118,Ghost in the Shell,tt0113568,0.0,4930639.30067774,1995.0,ghost in the shell,7.9,169248.0,Titan,368,4.18,total:9990,Masamune Shirow
119,Thinner,tt0117894,0.0,0.0,1996.0,thinner,5.8,36205.0,Signet,320,3.72,total:166221,Richard Bachman
120,Kim,tt0042644,0.0,0.0,1950.0,kim,6.5,2359.0,Adamant Media Corporation,337,3.72,total:32132,Rudyard Kipling
121,Trainspotting,tt0117951,8387020.038784746,34577754.60530058,1996.0,trainspotting,8.1,759395.0,British Film Institute,96,4.03,total:76,Murray Smith
122,The Fan,tt0116277,115321525.53329024,39055037.35095023,1996.0,the fan,5.9,53348.0,Fawcett,320,3.44,total:321,Peter Abrahams
123,The Hunchback of Notre Dame,tt0116583,209675500.96961865,209966637.49947,1996.0,the hunchback of notre dame,7.0,181183.0,Tantor Audio,0,4.0,total:162555,Victor Hugo
124,A Time to Kill,tt0117913,83870200.38784745,319264512.9836846,1996.0,a time to kill,7.5,194946.0,Random House Audio Publishing Group,0,4.07,total:684687,John Grisham
125,Alaska,tt0115493,48225365.22301229,0.0,1996.0,alaska,5.8,6073.0,Dial Press Trade Paperback,868,4.12,total:11312,James A. Michener
126,Death in the Garden,tt0049521,0.0,0.0,1956.0,death in the garden,6.7,2795.0,Felony & Mayhem,294,3.65,total:617,Elizabeth Ironside
127,Ransom,tt0117438,167740400.7756949,648930329.3510537,1996.0,ransom,6.7,141860.0,Laurel Leaf,176,3.67,total:3678,Lois Duncan
128,Matilda,tt0117008,75483180.34906271,70156198.11950874,1996.0,matilda,7.0,190463.0,Puffin Books,240,4.32,total:590839,Roald Dahl
129,Emma,tt0116191,12580530.05817712,46614340.28535231,1996.0,emma,6.6,43486.0,Penguin Books,474,4.0,total:609938,Jane Austen
130,The Godfather,tt0068646,47238058.25242718,1929410233.088544,1972.0,the godfather,9.2,2172885.0,NAL,448,4.36,total:316399,Mario Puzo
131,The Godfather,tt0068646,47238058.25242718,1929410233.088544,1972.0,the godfather,9.2,2172885.0,Brilliance Audio,12,4.37,total:317196,Mario Puzo
132,Bound,tt0115736,9435397.54363284,14701014.044318035,1996.0,bound,7.3,65688.0,Simon Pulse,186,3.71,total:5286,Donna Jo Napoli
133,Gone Fishin',tt0119214,107851342.53450435,0.0,1997.0,gone fishin',4.8,11026.0,Washington Square Press,208,3.9,total:2366,Walter Mosley
134,The Island of Dr. Moreau,tt0116654,83870200.38784745,104057294.2383452,1996.0,the island of dr. moreau,4.6,37570.0,J. M. Dent & Sons,176,3.73,total:88821,H.G. Wells
135,Twelfth Night,tt0117991,0.0,0.0,1996.0,twelfth night,7.1,6687.0,Simon Schuster,272,3.98,total:151681,William Shakespeare
136,Mother Night,tt0117093,0.0,0.0,1996.0,mother night,7.1,5831.0,Dial Press,282,4.22,total:72252,Kurt Vonnegut Jr.
137,For Whom the Bell Tolls,tt0035896,0.0,0.0,1943.0,for whom the bell tolls,6.8,10916.0,Vintage Classics,490,3.97,total:241480,Ernest Hemingway
138,For Whom the Bell Tolls,tt0035896,0.0,0.0,1943.0,for whom the bell tolls,6.8,10916.0,P. F. Collier and Sons,503,3.97,total:241544,Ernest Hemingway
139,Breakfast at Tiffany's,tt0054698,27175603.217158176,103267292.22520109,1961.0,breakfast at tiffany's,7.5,201535.0,Penguin Books,157,3.89,total:204370,Truman Capote
140,Vertigo,tt0052357,28076406.1452514,317119553.0726257,1958.0,vertigo,8.2,452334.0,British Film Institute,87,3.83,total:157,Charles Barr
141,Charade,tt0056923,42623915.900131404,143584926.42522994,1963.0,charade,7.8,91515.0,Hachette Books,496,3.94,total:7770,Sandra Brown
142,The Maltese Falcon,tt0033870,0.0,0.0,1941.0,the maltese falcon,7.9,172542.0,Orion,213,3.91,total:82075,Dashiell Hammett
143,The Wizard of Oz,tt0032138,0.0,0.0,1939.0,the wizard of oz,8.1,458508.0,British Film Institute,69,4.0,total:815,Salman Rushdie
144,The Wizard of Oz,tt0032138,0.0,0.0,1939.0,the wizard of oz,8.1,458508.0,,219,3.99,total:348776,L. Frank Baum
145,Gone with the Wind,tt0031381,0.0,0.0,1939.0,gone with the wind,8.2,351538.0,Warner Books,1037,4.3,total:1041731,Margaret Mitchell
146,Rebecca,tt0032976,0.0,0.0,1940.0,rebecca,8.1,160835.0,Virago Press (UK),441,4.23,total:420434,Daphne du Maurier
147,Spellbound,tt0038109,0.0,0.0,1945.0,spellbound,7.5,55681.0,Penguin Books Ltd,439,3.63,total:24635,Jane Green
148,The Adventures of Robin Hood,tt0029843,0.0,0.0,1938.0,the adventures of robin hood,7.9,56999.0,University of Wisconsin Press,235,4.4,total:5,Rudy Behlmer
149,The Adventures of Robin Hood,tt0029843,0.0,0.0,1938.0,the adventures of robin hood,7.9,56999.0,Puffin,320,4.07,total:11799,Roger Lancelyn Green
150,Lost Horizon,tt0029162,0.0,0.0,1937.0,lost horizon,7.6,15421.0,Harper Perennial,241,3.92,total:16845,James Hilton
151,East of Eden,tt0048028,12.116847217033992,60.58423608516996,1955.0,east of eden,7.8,51071.0,Penguin Books,601,4.37,total:409480,John Steinbeck
152,East of Eden,tt0048028,12.116847217033992,60.58423608516996,1955.0,east of eden,7.8,51071.0,Bantam Books,691,4.37,total:409480,John Steinbeck
153,The Thin Man,tt0025878,0.0,0.0,1934.0,the thin man,7.9,34391.0,Vintage Crime/Black Lizard,201,3.95,total:25894,Dashiell Hammett
154,Around the World in Eighty Days,tt0048960,72538501.67722699,507769511.7405889,1956.0,around the world in eighty days,6.7,31356.0,Signet,236,3.93,total:175298,Jules Verne
155,The Scarlet Letter,tt0017350,0.0,0.0,1926.0,the scarlet letter,7.6,2114.0,Penguin Books,279,3.4,total:678359,Nathaniel Hawthorne
156,The Scarlet Letter,tt0017350,0.0,0.0,1926.0,the scarlet letter,7.6,2114.0,W. W. Norton & Company,439,3.4,total:679902,Nathaniel Hawthorne
157,Of Human Bondage,tt0025586,0.0,0.0,1934.0,of human bondage,7.0,8950.0,Replica Books,774,4.13,total:45518,W. Somerset Maugham
158,Cat on a Hot Tin Roof,tt0051459,33977094.97206704,198996189.0793296,1958.0,cat on a hot tin roof,7.9,56125.0,New Directions Publishing Corporation,173,4.08,total:51224,Tennessee Williams
159,A Farewell to Arms,tt0022879,0.0,0.0,1932.0,a farewell to arms,6.4,7385.0,Amereon Limited,336,3.81,total:253173,Ernest Hemingway
160,Bliss,tt0118742,0.0,598399.9470012547,1997.0,bliss,6.0,3069.0,Leisure Books,394,3.97,total:2254,Lynsay Sands
161,Last Man Standing,tt0116830,140482585.6496445,99107321.14006466,1996.0,last man standing,6.4,62996.0,Warners Visions Books,640,4.04,total:45331,David Baldacci
162,Last Man Standing,tt0116830,140482585.6496445,99107321.14006466,1996.0,last man standing,6.4,62996.0,Warner Books,821,4.04,total:45331,David Baldacci
163,The Chamber,tt0115862,104837750.48480932,47261610.65360052,1996.0,the chamber,6.0,16967.0,Random House Audio,0,3.79,total:119700,John Grisham
164,The Chamber,tt0115862,104837750.48480932,47261610.65360052,1996.0,the chamber,6.0,16967.0,Dell Publishing Company,676,3.79,total:119712,John Grisham
165,Pollyanna,tt0054195,0.0,0.0,1960.0,pollyanna,7.4,12253.0,Hard Press,170,3.98,total:73752,Eleanor H. Porter
166,Swiss Family Robinson,tt0054357,0.0,0.0,1960.0,swiss family robinson,7.1,19470.0,IndyPublish.com,332,3.92,total:94382,Johann David Wyss
167,"20,000 Leagues Under the Sea",tt0046672,60201930.21529324,339538886.4142539,1954.0,"20,000 leagues under the sea",7.2,39685.0,IndyPublish,440,3.88,total:186838,Jules Verne
168,"20,000 Leagues Under the Sea",tt0046672,60201930.21529324,339538886.4142539,1954.0,"20,000 leagues under the sea",7.2,39685.0,Evans Brothers,48,3.76,total:728,Pauline Francis
169,Alice in Wonderland,tt0043274,38341371.15839244,7310421434.200158,1951.0,alice in wonderland,7.3,163531.0,Gramercy Books,92,4.03,total:367242,Jane Carruth
170,Alice in Wonderland,tt0043274,38341371.15839244,7310421434.200158,1951.0,alice in wonderland,7.3,163531.0,Scholastic Paperbacks,160,4.02,total:214824,Lewis Carroll
171,The Secret Agent,tt0117582,0.0,0.0,1996.0,the secret agent,5.6,2753.0,Oxford University Press,304,3.59,total:17917,Joseph Conrad
172,The Ghost and the Darkness,tt0116409,104837750.48480932,157256625.72721398,1996.0,the ghost and the darkness,6.8,69470.0,Applause Theatre & Cinema Book Publishers,192,3.74,total:47,William Goldman
173,Jude,tt0116722,14677285.067873305,849185.7789269555,1996.0,jude,6.9,11615.0,Simon Pulse,288,4.22,total:1437,Kate Morgenroth
174,A Damsel in Distress,tt0028757,0.0,0.0,1937.0,a damsel in distress,6.8,2554.0,rbooks,216,4.08,total:4982,P.G. Wodehouse
175,Crossfire,tt0039286,0.0,0.0,1947.0,crossfire,7.2,10577.0,University of Queensland Pr (Australia),144,2.69,total:16,James Moloney
176,The Old Man and the Sea,tt0052027,0.0,0.0,1958.0,the old man and the sea,6.9,9137.0,Simon  Schuster Audio,3,3.77,total:779615,Ernest Hemingway
177,The Old Man and the Sea,tt0052027,0.0,0.0,1958.0,the old man and the sea,6.9,9137.0,Heinemann Library,92,3.77,total:782720,Ernest Hemingway
178,The Doors,tt0101761,91506933.92724577,82878535.6245286,1991.0,the doors,7.2,105628.0,Hachette Books,304,4.31,total:243,The Doors
179,Sophie's Choice,tt0084707,41233220.33898305,103206750.50847456,1982.0,sophie's choice,7.5,56004.0,Vintage Books,640,4.19,total:80087,William Styron
180,A Christmas Carol,tt0029992,0.0,0.0,1938.0,a christmas carol,7.5,9480.0,Bethany House Publishers,104,4.05,total:574810,Charles Dickens
181,A Streetcar Named Desire,tt0044081,23004822.69503546,102243656.42237982,1951.0,a streetcar named desire,7.9,118760.0,Dramatists Play Service,107,3.98,total:254700,Tennessee Williams
182,Microcosmos,tt0117040,0.0,0.0,1996.0,microcosmos,7.9,12016.0,Cambridge University Press,208,4.0,total:1,Jeremy Burgess
183,The Abyss,tt0096754,187341254.12541252,240867589.01042905,1989.0,the abyss,7.5,205387.0,Legend,363,4.07,total:18197,Orson Scott Card
184,Faust,tt0109781,0.0,0.0,1994.0,faust,7.4,4594.0,W.W. Norton & Company,752,3.96,total:29391,Johann Wolfgang von Goethe
185,Faust,tt0109781,0.0,0.0,1994.0,faust,7.4,4594.0,Hesperus Press,92,3.83,total:343,Ivan Turgenev
186,The English Patient,tt0116209,56612385.26179703,486397731.2501617,1996.0,the english patient,7.4,211128.0,Vintage,0,3.88,total:109082,Michael Ondaatje
187,One Flew Over the Cuckoo's Nest,tt0073486,18606195.02868069,675908952.3747611,1975.0,one flew over the cuckoo's nest,8.6,1135984.0,Signet,272,4.2,total:606956,Ken Kesey
188,One Flew Over the Cuckoo's Nest,tt0073486,18606195.02868069,675908952.3747611,1975.0,one flew over the cuckoo's nest,8.6,1135984.0,Signet,272,4.2,total:606956,Ken Kesey
189,One Flew Over the Cuckoo's Nest,tt0073486,18606195.02868069,675908952.3747611,1975.0,one flew over the cuckoo's nest,8.6,1135984.0,Signet,272,4.2,total:608126,Ken Kesey
190,One Flew Over the Cuckoo's Nest,tt0073486,18606195.02868069,675908952.3747611,1975.0,one flew over the cuckoo's nest,8.6,1135984.0,Barron's Educational Series,121,4.33,total:100,Peter Fish
191,The Princess Bride,tt0093779,46587863.554757625,89849976.7643806,1987.0,the princess bride,8.0,475349.0,Ballantine Books,456,4.26,total:750670,William Goldman
192,The Princess Bride,tt0093779,46587863.554757625,89849976.7643806,1987.0,the princess bride,8.0,475349.0,Ballantine Books,283,4.26,total:751947,William Goldman
193,Brazil,tt0088846,46031409.649952695,0.0,1985.0,brazil,7.8,219603.0,Random House Trade Paperbacks,272,3.45,total:2345,John Updike
194,A Clockwork Orange,tt0066921,17884952.380952384,216155908.5714286,1971.0,a clockwork orange,8.2,923993.0,Penguin Classics,159,3.99,total:570424,Anthony Burgess
195,To Kill a Mockingbird,tt0056592,21595739.014647137,141774363.75925434,1962.0,to kill a mockingbird,8.3,347310.0,Harper Perennial Modern Classics,323,4.27,total:4268356,Harper Lee
196,Return of the Jedi,tt0086190,107183910.11235954,1897503101.1235957,1983.0,return of the jedi,8.3,1186506.0,Skylark Books,128,3.63,total:27,Christopher Golden
197,The Third Man,tt0041959,0.0,8056498.643565181,1949.0,the third man,8.1,192461.0,Penguin Books,157,3.82,total:11473,Graham Greene
198,The Third Man,tt0041959,0.0,8056498.643565181,1949.0,the third man,8.1,192461.0,British Film Institute,87,3.78,total:50,Rob    White
199,Alien,tt0078748,52088291.97080292,496883480.68274456,1979.0,alien,8.5,1040202.0,Grand Central Publishing,270,4.09,total:17055,Alan Dean Foster
200,Ran,tt0089881,35290747.398297064,12488790.958410596,1985.0,ran,8.2,147981.0,Shambhala,110,4.19,total:42,Akira Kurosawa
201,Henry V,tt0097499,24086732.673267327,0.0,1989.0,henry v,7.5,32950.0,Washington Square Press,294,3.88,total:40143,William Shakespeare
202,Amadeus,tt0086879,57185347.69833497,165116429.68336925,1984.0,amadeus,8.4,456914.0,Harper Perennial,160,4.2,total:15746,Peter Shaffer
203,The Right Stuff,tt0086197,89457977.52808988,71235056.17977528,1983.0,the right stuff,7.8,68187.0,Black Dog & Leventhal,304,4.24,total:42012,Tom Wolfe
204,Glory,tt0097441,48173465.346534654,71800850.64620462,1989.0,glory,7.8,151209.0,Eerdmans Books for Young Readers,32,3.69,total:16,Nancy White Carlstrom
205,Dead Poets Society,tt0097165,43891379.537953794,631233284.7086469,1989.0,dead poets society,8.1,619804.0,Starfire,166,4.22,total:45564,N.H. Kleinbaum
206,The Graduate,tt0061722,29577629.179331303,1034677771.800608,1967.0,the graduate,8.0,299807.0,Penguin,192,3.41,total:8228,Charles Webb
207,The Treasure of the Sierra Madre,tt0040897,52052297.2972973,58997169.5945946,1948.0,the treasure of the sierra madre,8.2,139469.0,Hill & Wang,308,4.09,total:1901,B. Traven
208,The Shining,tt0081505,79012717.94871794,183049071.40553844,1980.0,the shining,8.4,1193734.0,Simon & Schuster Audio,16,4.22,total:1062889,Stephen King
209,The Shining,tt0081505,79012717.94871794,183049071.40553844,1980.0,the shining,8.4,1193734.0,Signet,447,4.22,total:1066421,Stephen King
210,Stand by Me,tt0092005,23611865.332120106,154325422.24160144,1986.0,stand by me,8.1,474615.0,Columbia Pictures Pubns,96,4.32,total:1505,Raynold Gideon
211,The Manchurian Candidate,tt0056218,863829560.5858855,1037739075.0625832,1962.0,the manchurian candidate,7.9,83618.0,British Film Institute,96,3.59,total:61,Greil Marcus
212,Akira,tt0094625,22370206.896551725,1546818.7148965518,1988.0,akira,8.0,221095.0,,359,4.38,total:22884,Katsuhiro Otomo
213,Cyrano de Bergerac,tt0099334,0.0,0.0,1990.0,cyrano de bergerac,7.5,27154.0,Dover Publications,144,4.06,total:70695,Edmond Rostand
214,The Unbearable Lightness of Being,tt0096332,47536689.655172415,27981790.074206896,1988.0,the unbearable lightness of being,7.2,40220.0,Harper Perennial,320,4.1,total:319363,Milan Kundera
215,The Unbearable Lightness of Being,tt0096332,47536689.655172415,27981790.074206896,1988.0,the unbearable lightness of being,7.2,40220.0,HarperCollins Publishers,314,4.1,total:320727,Milan Kundera
216,A Room with a View,tt0091867,9206281.92999054,64341611.92991485,1985.0,a room with a view,7.2,51351.0,Digireads.com,119,3.91,total:146790,E.M. Forster
217,A Room with a View,tt0091867,9206281.92999054,64341611.92991485,1985.0,a room with a view,7.2,51351.0,Vintage,246,3.91,total:147082,E.M. Forster
218,The Birds,tt0056869,26639947.437582124,121515765.26517738,1963.0,the birds,7.6,216805.0,Focus,98,3.88,total:3546,Aristophanes
219,Dracula,tt0103874,93815762.83441792,506283077.936775,1992.0,dracula,7.4,262739.0,Back Bay Books,448,3.99,total:885289,Bram Stoker
220,Dracula,tt0103874,93815762.83441792,506283077.936775,1992.0,dracula,7.4,262739.0,Palgrave MacMillan,622,3.99,total:888022,Bram Stoker
221,Carrie,tt0074285,10463483.870967742,196480974.91039425,1976.0,carrie,7.4,223253.0,Pocket Books,253,3.96,total:489304,Stephen King
222,The Crucible,tt0115988,52418875.24240466,0.0,1996.0,the crucible,6.8,42247.0,Penguin Books,143,3.58,total:310467,Arthur  Miller
223,The Last of the Mohicans,tt0104691,93815762.83441792,177090986.97764277,1992.0,the last of the mohicans,7.6,202123.0,State University of New York Press,418,3.7,total:84254,James Fenimore Cooper
224,The Last of the Mohicans,tt0104691,93815762.83441792,177090986.97764277,1992.0,the last of the mohicans,7.6,202123.0,Barnes  Noble Classics,480,3.7,total:84369,James Fenimore Cooper
225,Hamlet,tt0116477,0.0,0.0,1996.0,hamlet,7.7,41447.0,Cambridge University Press,289,4.02,total:695817,William Shakespeare
226,Hamlet,tt0116477,0.0,0.0,1996.0,hamlet,7.7,41447.0,Dover Publications,128,4.02,total:698155,William Shakespeare
227,Mother,tt0117091,0.0,0.0,1996.0,mother,6.9,7273.0,Citadel Press,406,3.93,total:11684,Maxim Gorky
228,Mother,tt0117091,0.0,0.0,1996.0,mother,6.9,7273.0,Echo Library,285,3.93,total:11707,Maxim Gorky
229,The Portrait of a Lady,tt0117364,0.0,7742972.382986426,1996.0,the portrait of a lady,6.2,13385.0,Penguin Classics,797,3.78,total:68057,Henry James
230,Underworld,tt0120414,0.0,0.0,1996.0,underworld,4.7,825.0,Scribner,827,3.92,total:25858,Don DeLillo
231,The Cement Garden,tt0106535,0.0,733632.7366946777,1993.0,the cement garden,7.0,5720.0,Vintage,144,3.54,total:24352,Ian McEwan
232,Fire on the Mountain,tt0116310,0.0,0.0,1996.0,fire on the mountain,7.3,54.0,Penguin Books,160,3.61,total:775,Anita Desai
233,Touch,tt0120357,0.0,0.0,1997.0,touch,5.6,3116.0,HarperTorch,336,3.53,total:1532,Elmore Leonard
234,Private Parts,tt0119951,56978067.754077785,83901830.67774151,1997.0,private parts,6.9,40213.0,Pocket Books,660,3.77,total:4246,Howard Stern
235,The Van,tt0118064,0.0,0.0,1996.0,the van,6.7,5059.0,Secker and Warburg,312,3.94,total:6301,Roddy Doyle
236,Crash,tt0115964,20967550.096961863,0.0,1996.0,crash,6.4,71088.0,Picador,224,3.61,total:21575,J.G. Ballard
237,Crash,tt0115964,20967550.096961863,0.0,1996.0,crash,6.4,71088.0,Laurel Leaf,176,3.79,total:11555,Jerry Spinelli
238,Anna Karenina,tt0118623,71222584.69259723,1611319.4067754075,1997.0,anna karenina,6.3,6392.0,Penguin Classics,838,4.05,total:631550,Leo Tolstoy
239,Traveller,tt0120366,0.0,0.0,1997.0,traveller,6.1,2463.0,Dell Publishing,355,3.92,total:1024,Richard  Adams
240,The Promise,tt0111613,0.0,0.0,1995.0,the promise,6.7,969.0,Anchor Books,368,4.15,total:12132,Chaim Potok
241,The Promise,tt0111613,0.0,0.0,1995.0,the promise,6.7,969.0,Moyer Bell and its subsidiaries,256,4.01,total:375,Pearl S. Buck
242,Shiloh,tt0120118,0.0,0.0,1996.0,shiloh,6.3,3990.0,Perfection Learning,137,3.94,total:72246,Phyllis Reynolds Naylor
243,The Pillow Book,tt0114134,0.0,0.0,1996.0,the pillow book,6.5,14103.0,Columbia University Press,419,4.01,total:5732,Sei Shōnagon
244,Contempt,tt0057345,9590381.077529564,5630917.657818659,1963.0,contempt,7.4,38014.0,NYRB Classics,251,3.91,total:3359,Alberto Moravia
245,Contact,tt0118884,183143789.2095357,348218060.70936006,1997.0,contact,7.5,307751.0,Pocket,580,4.14,total:116114,Carl Sagan
246,Contact,tt0118884,183143789.2095357,348218060.70936006,1997.0,contact,7.5,307751.0,Pocket Books,434,4.14,total:116309,Carl Sagan
247,Picture Perfect,tt0119896,38663688.83312421,90212591.22659974,1997.0,picture perfect,5.5,22330.0,Berkley,369,3.54,total:52316,Jodi Picoult
248,Desperate Measures,tt0118966,100113580.24691357,0.0,1998.0,desperate measures,6.1,18842.0,Grand Central Publishing,512,3.76,total:1125,David Morrell
249,The Edge,tt0119051,0.0,88137529.36130488,1997.0,the edge,7.0,83522.0,G.P. Putnam's Sons,368,4.02,total:4481,Dick Francis
250,L.A. Confidential,tt0119488,71222584.69259723,256842762.82258463,1997.0,l.a. confidential,8.2,649980.0,Random House Audio,0,4.21,total:28194,James Ellroy
251,A Thousand Acres,tt0120323,0.0,0.0,1997.0,a thousand acres,6.1,6016.0,Anchor,371,3.81,total:56730,Jane Smiley
252,The Game,tt0119174,101746549.56085318,222669572.48722705,1997.0,the game,7.7,461184.0,Firebird,181,3.64,total:3648,Diana Wynne Jones
253,The Ice Storm,tt0119349,36628757.84190714,16356899.438193224,1997.0,the ice storm,7.3,62792.0,Back Bay Books,288,3.66,total:5194,Rick Moody
254,I Know What You Did Last Summer,tt0119345,34593826.85069008,255559116.14373896,1997.0,i know what you did last summer,5.8,176873.0,Laurel Leaf,208,3.5,total:11066,Lois Duncan
255,The Devil's Advocate,tt0118971,115991066.49937265,311231828.5751568,1997.0,the devil's advocate,7.5,433995.0,Loyola Classics,448,3.88,total:1703,Morris L. West
256,Phantoms,tt0119891,0.0,11261340.146765431,1998.0,phantoms,5.4,24153.0,DAW,270,3.38,total:13,Rosalind M. Greenberg
257,Switchback,tt0119210,75292446.67503135,13190819.496612294,1997.0,switchback,6.4,15900.0,Harlequin,250,3.76,total:296,Catherine Anderson
258,The Rainmaker,tt0119978,81397239.64868255,93437456.25465494,1997.0,the rainmaker,7.2,89095.0,Delta,419,3.94,total:161446,John Grisham
259,The Rainmaker,tt0119978,81397239.64868255,93437456.25465494,1997.0,the rainmaker,7.2,89095.0,Random House Audio,0,3.94,total:161825,John Grisham
260,Witness,tt0090329,36825127.71996216,210845316.0399621,1985.0,witness,7.3,111597.0,Scholastic Paperbacks,161,3.72,total:5006,Karen Hesse
261,Starship Troopers,tt0120201,213667754.0777917,246662892.33836883,1997.0,starship troopers,7.3,340664.0,Ace Book,335,4.01,total:181361,Robert A. Heinlein
262,The Joy Luck Club,tt0107282,24986330.532212883,74643564.16,1993.0,the joy luck club,7.7,19371.0,Penguin Books,288,3.92,total:583691,Amy Tan
263,Mrs. Dalloway,tt0119723,0.0,6734443.355884566,1997.0,mrs. dalloway,6.5,4499.0,Houghton Mifflin Harcourt,194,3.79,total:210231,Virginia Woolf
264,The Butcher Boy,tt0118804,0.0,0.0,1997.0,the butcher boy,7.1,11898.0,Delta,231,3.84,total:7313,Patrick McCabe
265,Midnight in the Garden of Good and Evil,tt0119668,71222584.69259723,51087461.441907145,1997.0,midnight in the garden of good and evil,6.6,43167.0,Modern Library,388,3.92,total:211227,John Berendt
266,The Sweet Hereafter,tt0120255,10174654.95608532,6641170.258971141,1997.0,the sweet hereafter,7.4,37827.0,,416,3.85,total:8178,Russell Banks
267,The Postman,tt0119925,162794479.2973651,35868169.82504391,1997.0,the postman,6.1,82278.0,Miramax Books,128,3.71,total:10421,Antonio Skármeta
268,Afterglow,tt0118566,0.0,5018058.427101631,1997.0,afterglow,6.0,4030.0,Mira Books,248,3.7,total:1044,Catherine Coulter
269,Great Expectations,tt0119223,50056790.12345678,111114192.59437037,1998.0,great expectations,6.8,59155.0,Penguin Audio,3,3.77,total:622146,Charles Dickens
270,Great Expectations,tt0119223,50056790.12345678,111114192.59437037,1998.0,great expectations,6.8,59155.0,Signet Classics,494,3.77,total:623762,Charles Dickens
271,Great Expectations,tt0119223,50056790.12345678,111114192.59437037,1998.0,great expectations,6.8,59155.0,Brilliance Audio,518,3.77,total:623897,Charles Dickens
272,Firestorm,tt0120670,38043160.49382716,0.0,1998.0,firestorm,4.8,4516.0,Bantam,368,4.04,total:9345,Iris Johansen
273,Hard Rain,tt0120696,140159012.345679,39786272.07812345,1998.0,hard rain,5.9,38855.0,Vintage,368,3.45,total:44,Tim Riley
274,Fallen Angels,tt0112913,0.0,0.0,1995.0,fallen angels,7.5,58366.0,FaithWords,336,3.8,total:152,Patricia Hickman
275,Twilight,tt0119594,0.0,0.0,1998.0,twilight,6.2,15127.0,Schocken,224,3.92,total:823,Elie Wiesel
276,Midaq Alley,tt0112619,0.0,0.0,1995.0,midaq alley,7.3,3575.0,Anchor Books,286,3.85,total:8709,Naguib Mahfouz
277,The Man in the Iron Mask,tt0120744,0.0,0.0,1998.0,the man in the iron mask,6.5,186878.0,Turtleback Books,592,3.99,total:64230,Alexandre Dumas
278,The Man in the Iron Mask,tt0120744,0.0,0.0,1998.0,the man in the iron mask,6.5,186878.0,Abdo Publishing Company,238,4.07,total:627,Raymond H. Harris
279,Wild Things,tt0120890,40045432.09876543,134552651.85185185,1998.0,wild things,6.6,138647.0,Bella Books,172,3.98,total:706,Karin Kallmaker
280,Fireworks,tt0119250,0.0,0.0,1997.0,fireworks,7.7,34986.0,Anchor Books,288,4.0,total:28,George Plimpton
281,Wide Awake,tt0120510,12013629.629629629,0.0,1998.0,wide awake,5.8,4773.0,Knopf Books for Young Readers,221,3.72,total:3886,David Levithan
282,Eden,tt0119049,0.0,0.0,1996.0,eden,5.7,375.0,Mariner Books,276,3.91,total:4249,Stanisław Lem
283,Eden,tt0119049,0.0,0.0,1996.0,eden,5.7,375.0,Houghton Mifflin Harcourt P,262,3.91,total:4262,Stanisław Lem
284,The Gingerbread Man,tt0119196,0.0,0.0,1998.0,the gingerbread man,5.7,12107.0,Brighter Child,32,4.1,total:358,Catherine McCafferty
285,Live Flesh,tt0118819,0.0,3124754.563011292,1997.0,live flesh,7.3,35134.0,Fawcett,352,3.73,total:1321,Ruth Rendell
286,Love Walked In,tt0118727,0.0,0.0,1997.0,love walked in,5.3,466.0,Love Inspired,250,3.85,total:78,Merrillee Whren
287,Les Misérables,tt0119683,0.0,28224663.27239506,1998.0,les misérables,7.4,45147.0,Signet Classics,1463,4.17,total:641220,Victor Hugo
288,Fear and Loathing in Las Vegas,tt0120669,37042024.69135802,21384811.36543209,1998.0,fear and loathing in las vegas,7.5,314910.0,Harper Perennial,230,4.08,total:288789,Hunter S. Thompson
289,Insomnia,tt0119375,0.0,0.0,1997.0,insomnia,7.2,16895.0,Debolsillo,890,3.82,total:130678,Stephen King
290,Cousin Bette,tt0118894,0.0,0.0,1998.0,cousin bette,6.2,2972.0,Modern Library,468,3.85,total:8121,Honoré de Balzac
291,Doctor Dolittle,tt0118998,142161283.95061725,589582099.0780246,1998.0,doctor dolittle,5.4,106237.0,Yearling,128,3.42,total:120,N.H. Kleinbaum
292,Whatever,tt0140688,0.0,0.0,1998.0,whatever,6.4,1073.0,Serpent's Tail,160,3.5700000000000003,total:10979,Michel Houellebecq
293,Wings,tt0018578,0.0,0.0,1927.0,wings,7.5,15824.0,Dell,480,3.85,total:5054,Danielle Steel
294,All Quiet on the Western Front,tt0020629,0.0,0.0,1930.0,all quiet on the western front,8.1,71013.0,Fawcett Crest,256,3.97,total:343162,Erich Maria Remarque
295,How Green Was My Valley,tt0033729,0.0,0.0,1941.0,how green was my valley,7.7,28504.0,Penguin Classics,448,4.17,total:14214,Richard Llewellyn
296,Mrs. Miniver,tt0035093,0.0,0.0,1942.0,mrs. miniver,7.6,20811.0,Mariner Books,162,3.97,total:1322,Jan Struther
297,Hamlet,tt0040416,10273479.72972973,0.0,1948.0,hamlet,7.5,19506.0,Cambridge University Press,289,4.02,total:695817,William Shakespeare
298,Hamlet,tt0040416,10273479.72972973,0.0,1948.0,hamlet,7.5,19506.0,Dover Publications,128,4.02,total:698155,William Shakespeare
299,All the King's Men,tt0041113,0.0,0.0,1949.0,all the king's men,7.4,17822.0,Harcourt Brace,439,4.09,total:54036,Robert Penn Warren
300,The Greatest Show on Earth,tt0044672,49053761.8147448,441483856.3327032,1952.0,the greatest show on earth,6.5,17031.0,iUniverse,148,3.0,total:6,Daniel Scott Buck
301,Tom Jones,tt0057590,10655978.975032851,400664809.4612352,1963.0,tom jones,6.4,15071.0,Wordsworth Editions,734,3.74,total:30813,Henry Fielding
302,Tom Jones,tt0057590,10655978.975032851,400664809.4612352,1963.0,tom jones,6.4,15071.0,W. W. Norton & Company,816,3.74,total:30845,Henry Fielding
303,Chariots of Fire,tt0082158,20458990.82568807,219368382.1636697,1981.0,chariots of fire,7.1,69908.0,Dell Publishing Company,176,3.96,total:368,William J. Weatherby
304,Out of Africa,tt0089755,95131579.94323556,394333303.0032166,1985.0,out of africa,7.2,91287.0,Penguin Books,330,3.96,total:32185,Isak Dinesen
305,The Last Emperor,tt0093389,66970053.85996409,128070706.6125673,1987.0,the last emperor,7.7,117633.0,Brighter Child,32,4.0,total:5,Jeremy Smith
306,Labyrinth,tt0091369,73787079.16287534,37572135.7366333,1986.0,labyrinth,7.3,160507.0,Fawcett,384,3.97,total:105,Jon Land
307,Halloween,tt0077651,1551999.9999999998,362133333.3333333,1978.0,halloween,7.7,332916.0,Bantam,166,4.13,total:7398,Richard Curtis
308,Babes in Toyland,tt0054649,0.0,0.0,1961.0,babes in toyland,6.1,5105.0,Houghton Mifflin Harcourt P,79,3.25,total:8,James Howe
309,Dune,tt0087182,127078550.44074436,98249796.4144956,1984.0,dune,6.2,190563.0,Ace/Berkley Books,535,4.23,total:689160,Frank Herbert
310,The Last Temptation of Christ,tt0095497,19573931.03448276,23414853.61448276,1988.0,the last temptation of christ,7.5,66790.0,Simon  Schuster,506,4.16,total:11714,Nikos Kazantzakis
311,Lolita,tt0119558,126165721.45545794,2157140.8068255954,1997.0,lolita,6.8,72803.0,Random House Audio,12,3.89,total:634182,Vladimir Nabokov
312,Lolita,tt0119558,126165721.45545794,2157140.8068255954,1997.0,lolita,6.8,72803.0,Kniga,398,3.89,total:635964,Vladimir Nabokov
313,Disturbing Behavior,tt0134619,30034074.07407407,35054505.823604934,1998.0,disturbing behavior,5.7,27070.0,Starfire,192,3.52,total:31,John Whitman
314,Seventh Heaven,tt0124115,0.0,0.0,1997.0,seventh heaven,6.5,429.0,Avon,379,4.0,total:1911,Catherine Anderson
315,The Jungle Book,tt0061852,39436838.90577508,2029455341.5567172,1967.0,the jungle book,7.6,209726.0,Tor Classics,277,3.93,total:100040,Rudyard Kipling
316,Kidnapped,tt0053994,0.0,0.0,1960.0,kidnapped,6.5,1722.0,Atheneum Books for Young Readers,64,3.79,total:56495,Robert Louis Stevenson
317,Kidnapped,tt0053994,0.0,0.0,1960.0,kidnapped,6.5,1722.0,ACC Distribution,208,3.79,total:56574,Robert Louis Stevenson
318,Peter Pan,tt0046183,48703903.9039039,1064236930.7645644,1953.0,peter pan,7.3,162562.0,Henry Holt and Co.,176,4.07,total:255182,J.M. Barrie
319,Sleeping Beauty,tt0053285,67087487.07342295,570243640.1240951,1959.0,sleeping beauty,7.2,169534.0,Hartorch,400,3.92,total:3187,Phillip Margolin
320,Something Wicked This Way Comes,tt0086336,62951910.112359546,18740077.916404493,1983.0,something wicked this way comes,6.7,12409.0,Gauntlet Press,230,3.94,total:92240,Ray Bradbury
321,Tex,tt0084783,0.0,0.0,1982.0,tex,6.4,2714.0,Alfaguara,224,3.84,total:10197,S.E. Hinton
322,The Outsiders,tt0086066,33132584.26966292,111649012.89168538,1983.0,the outsiders,7.0,106982.0,Penguin Books,160,4.09,total:883824,S.E. Hinton
323,The Lord of the Rings,tt0077869,20693333.33333333,157638812.79999998,1978.0,the lord of the rings,6.2,38531.0,Highbridge Company,9,4.5,total:539613,J.R.R. Tolkien
324,Nineteen Eighty-Four,tt0087803,0.0,0.0,1984.0,nineteen eighty-four,7.0,85766.0,Plume,339,4.18,total:2917777,George Orwell
325,Cujo,tt0085382,16566292.13483146,70241078.65168539,1983.0,cujo,6.1,54636.0,Plaza y Janés,432,3.72,total:214181,Stephen King
326,"First Love, Last Rites",tt0128214,600681.4814814815,81176.0954074074,1998.0,"first love, last rites",5.6,380.0,Anchor,176,3.66,total:5234,Ian McEwan
327,Who's Afraid of Virginia Woolf?,tt0061184,76309912.1706399,343259169.93575907,1966.0,who's afraid of virginia woolf?,8.0,83266.0,NAL,272,4.08,total:58297,Edward Albee
328,Who's Afraid of Virginia Woolf?,tt0061184,76309912.1706399,343259169.93575907,1966.0,who's afraid of virginia woolf?,8.0,83266.0,Dramatists Play Service,100,4.08,total:58397,Edward Albee
329,Doctor Dolittle,tt0061584,177465775.07598785,88732887.53799392,1967.0,doctor dolittle,6.2,10868.0,Yearling,128,3.42,total:120,N.H. Kleinbaum
330,Charlotte's Web,tt0070016,0.0,0.0,1973.0,charlotte's web,6.9,23765.0,Puffin,176,4.17,total:1346349,E.B. White
331,Watership Down,tt0078480,5173333.333333333,19212559.786666665,1978.0,watership down,7.5,42393.0,Charles Scribner's Sons,476,4.06,total:417592,Richard  Adams
332,House,tt0091223,8854449.49954504,0.0,1986.0,house,6.1,32187.0,Mariner Books,352,3.98,total:2076,Tracy Kidder
333,The Best Man,tt0133413,0.0,0.0,1997.0,the best man,6.1,468.0,Dramatists Play Service,88,4.0,total:252,Gore Vidal
334,Rosemary's Baby,tt0063522,30439225.80645161,317665910.2864516,1968.0,rosemary's baby,8.0,253543.0,Caedmon,6,4.0,total:105787,Ira Levin
335,The Wrong Man,tt0051207,14507700.335445398,24179500.559075665,1956.0,the wrong man,7.4,34029.0,Harlequin Superromance,304,3.26,total:42,Laura Abbot
336,Strangers on a Train,tt0044079,15336548.463356974,89463199.36958236,1951.0,strangers on a train,7.9,147334.0,W. W. Norton & Company,281,3.77,total:16336,Patricia Highsmith
337,Strangers on a Train,tt0044079,15336548.463356974,89463199.36958236,1951.0,strangers on a train,7.9,147334.0,Silhouette Books,253,3.59,total:22,Ruth Wind
338,Keep the Aspidistra Flying,tt0119453,0.0,0.0,1997.0,keep the aspidistra flying,6.3,1620.0,Penguin Books Ltd,277,3.89,total:14977,George Orwell
339,The Untouchables,tt0094226,72793536.80430879,222079844.01321363,1987.0,the untouchables,7.8,348790.0,Buccaneer Books,256,3.89,total:684,Eliot Ness
340,Jamaica Inn,tt0031505,0.0,0.0,1939.0,jamaica inn,6.3,12005.0,Avon,302,3.87,total:29380,Daphne du Maurier
341,The Skin Game,tt0022395,0.0,0.0,1931.0,the skin game,5.7,3883.0,Xlibris Corporation,188,4.25,total:4,Joseph T. Wilkins
342,The Ring,tt0018328,0.0,0.0,1927.0,the ring,6.1,4232.0,Xlibris,260,3.43,total:291,Piers Anthony
343,One True Thing,tt0120776,0.0,0.0,1998.0,one true thing,6.9,13225.0,Dell Publishing Company,400,4.03,total:36676,Anna Quindlen
344,Ronin,tt0122690,110124938.27160493,83316291.48958024,1998.0,ronin,7.2,204621.0,DC Comics,302,3.64,total:6492,Frank Miller
345,The Sheltering Sky,tt0100594,63601568.62745098,5279143.89734902,1990.0,the sheltering sky,6.7,14556.0,Ecco Press,313,3.91,total:23798,Paul Bowles
346,What Dreams May Come,tt0120889,170193086.41975307,143132471.77669135,1998.0,what dreams may come,7.0,119001.0,Tor Books,288,3.95,total:11052,Richard Matheson
347,The Inheritors,tt0141824,0.0,0.0,1998.0,the inheritors,7.3,1207.0,Mariner Books,240,3.53,total:3521,William Golding
348,Beloved,tt0120603,0.0,0.0,1998.0,beloved,6.1,9931.0,Vintage,324,3.84,total:305047,Toni Morrison
349,Happiness,tt0147612,6006814.814814814,5621157.280987654,1998.0,happiness,7.7,78608.0,HarperPerennial,320,3.79,total:3112,Will Ferguson
350,Gods and Monsters,tt0120684,20022716.049382716,12917911.55002469,1998.0,gods and monsters,7.3,33887.0,Harper Perennial,320,4.1,total:889,Christopher Bram
351,The Stepford Wives,tt0073747,0.0,0.0,1975.0,the stepford wives,6.9,21148.0,Perennial,144,3.76,total:27639,Ira Levin
352,King Kong,tt0024216,0.0,0.0,1933.0,king kong,7.9,94787.0,Pocket Star Books,374,3.79,total:196,Christopher Golden
353,King Kong,tt0074751,133700071.6845878,526745990.9634408,1976.0,king kong,6.0,37697.0,Pocket Star Books,374,3.79,total:196,Christopher Golden
354,Lifeforce,tt0089489,76719016.08325449,0.0,1985.0,lifeforce,6.1,33432.0,Warner Books (NY),220,3.34,total:668,Colin Wilson
355,A Simple Plan,tt0120324,0.0,0.0,1998.0,a simple plan,7.5,81076.0,Vintage,432,3.9,total:25010,Scott B. Smith
356,First Blood,tt0083944,51541525.42372881,430244271.659661,1982.0,first blood,7.7,295080.0,Armchair Detective Library,252,3.99,total:6428,David Morrell
357,The Thin Red Line,tt0120863,104118123.45679012,196476034.7896296,1998.0,the thin red line,7.6,209662.0,Sceptre,475,3.99,total:12056,James  Jones
358,A Civil Action,tt0120633,140159012.345679,113534608.58992592,1998.0,a civil action,6.6,32208.0,Vintage,512,3.97,total:14199,Jonathan Harr
359,Affliction,tt0118564,12209585.947302382,12881223.06067754,1997.0,affliction,6.9,21090.0,Babel,486,3.99,total:3278,Russell Banks
360,Another Day in Paradise,tt0127722,0.0,0.0,1998.0,another day in paradise,6.5,9604.0,Penguin Books,272,4.02,total:294,Eddie Little
361,The Gate,tt0093075,7279353.680430879,0.0,1987.0,the gate,6.1,21379.0,Peter Owen Publishers,213,3.95,total:1270,Natsume Sōseki
362,Trick or Treat,tt0092112,0.0,20061874.506132845,1986.0,trick or treat,5.9,9171.0,Clarkson Potter,48,3.56,total:9,Emily Gwathmey
363,The Last Days,tt0174852,0.0,0.0,1998.0,the last days,7.9,6363.0,Dalkey Archive Press,250,3.8,total:257,Raymond Queneau
364,Blast from the Past,tt0124298,68930661.80935034,79295903.28694597,1999.0,blast from the past,6.7,75817.0,Delta,304,3.45,total:3160,Ben Elton
365,Message in a Bottle,tt0139462,157555798.4213722,234127947.9653188,1999.0,message in a bottle,6.3,41924.0,Grand Central Publishing,370,3.96,total:211317,Nicholas Sparks
366,Message in a Bottle,tt0139462,157555798.4213722,234127947.9653188,1999.0,message in a bottle,6.3,41924.0,Free Press,352,4.43,total:7,Jefferson A. Singer
367,Breakfast of Champions,tt0120618,23633369.76320583,0.0,1999.0,breakfast of champions,4.6,8633.0,"Samuel French, Inc.",106,4.0,total:17,Robert Egan
368,Pet Sematary,tt0098084,30777491.74917492,153805743.1671287,1989.0,pet sematary,6.5,122095.0,Pocket Books,576,3.99,total:397379,Stephen King
369,Christine,tt0085333,0.0,70241078.65168539,1983.0,christine,6.8,100263.0,LGF,411,3.78,total:190194,Stephen King
370,Night Shift,tt0084412,0.0,72486912.11169492,1982.0,night shift,6.5,19532.0,Signet,326,4.0,total:140984,Stephen King
371,Logan's Run,tt0074812,52317419.35483871,145326164.87455195,1976.0,logan's run,6.8,64495.0,Bantam Books,149,3.66,total:9915,William F. Nolan
372,Planet of the Apes,tt0063442,55171096.77419355,317665910.2864516,1968.0,planet of the apes,8.0,207855.0,Wings,192,3.95,total:31260,Pierre Boulle
373,Battle for the Planet of the Apes,tt0069768,12913948.477751756,67187437.72740047,1973.0,battle for the planet of the apes,5.4,37263.0,Award Books,158,3.66,total:493,David Gerrold
374,Avalanche,tt0077189,33626666.666666664,0.0,1978.0,avalanche,3.8,2638.0,Coffee House Press,128,3.69,total:35,Quincy Troupe
375,Harvest,tt0125778,0.0,0.0,1999.0,harvest,4.6,331.0,Pocket Books,368,4.11,total:18521,Tess Gerritsen
376,Bandits,tt0118682,0.0,0.0,1997.0,bandits,6.4,3383.0,The New Press,226,3.79,total:481,Eric Hobsbawm
377,"Love, etc.",tt0116932,0.0,0.0,1996.0,"love, etc.",6.2,787.0,Vintage,240,3.7,total:3231,Julian Barnes
378,Election,tt0126886,0.0,0.0,1999.0,election,7.2,109902.0,Berkley Books,200,3.86,total:7309,Tom Perrotta
379,Election,tt0126886,0.0,0.0,1999.0,election,7.2,109902.0,Putnam Adult,200,3.86,total:7315,Tom Perrotta
380,Heaven,tt0120697,0.0,0.0,1999.0,heaven,6.5,912.0,Tyndale Momentum,533,4.28,total:9822,Randy Alcorn
381,The Castle,tt0118826,1600829.3375156836,1753681.143989962,1997.0,the castle,7.6,18491.0,Schocken,528,3.96,total:41582,Franz Kafka
382,A Midsummer Night's Dream,tt0140379,21663922.28293868,0.0,1999.0,a midsummer night's dream,6.4,27942.0,Signet Book,162,3.94,total:428449,William Shakespeare
383,Dracula,tt0021814,0.0,0.0,1931.0,dracula,7.3,63687.0,Back Bay Books,448,3.99,total:885289,Bram Stoker
384,Dracula,tt0021814,0.0,0.0,1931.0,dracula,7.3,63687.0,Palgrave MacMillan,622,3.99,total:888022,Bram Stoker
385,Frankenstein,tt0021884,0.0,0.0,1931.0,frankenstein,7.7,85931.0,"Oxford University Press, USA",224,3.8,total:1106777,Mary Wollstonecraft Shelley
386,Frankenstein,tt0021884,0.0,0.0,1931.0,frankenstein,7.7,85931.0,Dover Publications,166,3.8,total:1110135,Mary Wollstonecraft Shelley
387,The War of the Worlds,tt0046534,24351951.95195195,24351951.95195195,1953.0,the war of the worlds,7.0,40876.0,House of Stratus,252,3.82,total:232175,H.G. Wells
388,The War of the Worlds,tt0046534,24351951.95195195,24351951.95195195,1953.0,the war of the worlds,7.0,40876.0,Modern Library,192,3.82,total:232207,H.G. Wells
389,The War of the Worlds,tt0046534,24351951.95195195,24351951.95195195,1953.0,the war of the worlds,7.0,40876.0,Children's Press(CT),182,3.82,total:232870,H.G. Wells
390,Pork Chop Hill,tt0053183,0.0,0.0,1959.0,pork chop hill,7.0,5635.0,Berkley,256,3.62,total:123,S.L.A. Marshall
391,The General's Daughter,tt0144214,118166848.81602916,294837813.0026472,1999.0,the general's daughter,6.4,67420.0,Random House Audio,0,4.09,total:59301,Nelson DeMille
392,The General's Daughter,tt0144214,118166848.81602916,294837813.0026472,1999.0,the general's daughter,6.4,67420.0,Zebra,254,2.8200000000000003,total:17,Kate Huntington
393,The General's Daughter,tt0144214,118166848.81602916,294837813.0026472,1999.0,the general's daughter,6.4,67420.0,Grand Central Publishing,464,4.09,total:59381,Nelson DeMille
394,An Ideal Husband,tt0122541,27572264.72374013,36504085.2112204,1999.0,an ideal husband,6.8,17510.0,Dover Publications,78,4.04,total:35316,Oscar Wilde
395,An Ideal Husband,tt0122541,27572264.72374013,36504085.2112204,1999.0,an ideal husband,6.8,17510.0,BookSurge Classics,126,4.04,total:35391,Oscar Wilde
396,My Son the Fanatic,tt0119743,0.0,830941.6860225846,1997.0,my son the fanatic,6.8,1705.0,Faber & Faber,125,3.62,total:539,Hanif Kureishi
397,Runaway Bride,tt0163187,137861323.61870068,609460311.3497996,1999.0,runaway bride,5.6,108969.0,Avon,390,4.25,total:8,Deborah  Gordon
398,Spartacus,tt0054331,132530337.07865168,662651685.3932583,1960.0,spartacus,7.9,149944.0,iBooks,363,3.83,total:1463,Howard Fast
399,Lolita,tt0056193,21595739.014647137,99880292.942743,1962.0,lolita,7.5,114212.0,Random House Audio,12,3.89,total:634182,Vladimir Nabokov
400,Lolita,tt0056193,21595739.014647137,99880292.942743,1962.0,lolita,7.5,114212.0,Kniga,398,3.89,total:635964,Vladimir Nabokov
401,The Color Purple,tt0088939,46031409.649952695,448935159.6529044,1985.0,the color purple,7.7,102462.0,Pocket,295,4.21,total:491232,Alice Walker
402,Native Son,tt0091613,5902966.333030026,3840236.729099181,1986.0,native son,6.0,657.0,Harper Perennial Modern Classics,504,3.99,total:80838,Richard Wright
403,The Gambler,tt0129111,0.0,0.0,1997.0,the gambler,6.3,463.0,Modern Library,188,3.89,total:49689,Fyodor Dostoyevsky
404,The Gambler,tt0129111,0.0,0.0,1997.0,the gambler,6.3,463.0,W. W. Norton  Company,192,3.89,total:49973,Fyodor Dostoyevsky
405,The Acid House,tt0122515,0.0,0.0,1998.0,the acid house,6.2,8282.0,Bloomsbury Methuen Drama,289,3.71,total:13807,Irvine Welsh
406,Better Than Chocolate,tt0168987,0.0,0.0,1999.0,better than chocolate,6.1,9002.0,HarperTorch,400,2.87,total:156,Susan Waggoner
407,Cat's Eye,tt0088889,0.0,0.0,1985.0,cat's eye,6.3,30053.0,McClelland & Stewart,421,3.94,total:54654,Margaret Atwood
408,Oscar and Lucinda,tt0119843,0.0,0.0,1997.0,oscar and lucinda,6.5,7396.0,Vintage,448,3.73,total:19177,Peter Carey
409,The Pelican Brief,tt0107798,102216806.72268906,443548380.87260497,1993.0,the pelican brief,6.6,102018.0,Delta,400,4.0,total:355827,John Grisham
410,The Pelican Brief,tt0107798,102216806.72268906,443548380.87260497,1993.0,the pelican brief,6.6,102018.0,Random House Audio,0,4.0,total:356626,John Grisham
411,A Christmas Story,tt0085334,0.0,63926485.19910112,1983.0,a christmas story,7.9,176095.0,Broadway Books,144,4.08,total:3779,Jean Shepherd
412,With Friends Like These...,tt0119692,0.0,0.0,1998.0,with friends like these...,5.9,646.0,Del Rey,236,3.94,total:2333,Alan Dean Foster
413,The Source,tt0181833,0.0,710763.7483910139,1999.0,the source,7.2,873.0,"Random House, Inc.",1080,4.3,total:37855,James A. Michener
414,Rosie,tt0163185,0.0,0.0,1998.0,rosie,7.3,588.0,Penguin Books,288,3.66,total:3666,Anne Lamott
415,Othello,tt0045251,0.0,0.0,1951.0,othello,7.5,10035.0,Simon  Schuster,314,3.89,total:301217,William Shakespeare
416,Othello,tt0045251,0.0,0.0,1951.0,othello,7.5,10035.0,Barrons Educational Series,319,3.89,total:301924,William Shakespeare
417,Blue Streak,tt0181316,128014086.2173649,231919181.10503948,1999.0,blue streak,6.4,92926.0,Random House Value Publishing,0,3.75,total:12,Richard Dooling
418,Caligula,tt0080491,82867737.22627737,110986512.52788322,1979.0,caligula,5.3,40934.0,Gallimard,224,4.08,total:8536,Albert Camus
419,Splendor,tt0127296,0.0,90009.65819064967,1999.0,splendor,6.0,3853.0,BOA Editions Ltd.,96,4.0,total:3,Steve Kronen
420,Romance,tt2378428,0.0,0.0,2012.0,romance,6.3,118.0,Dramatists Play Service,54,3.36,total:174,David Mamet
421,Romance,tt2378428,0.0,0.0,2012.0,romance,6.3,118.0,Vintage,128,3.36,total:174,David Mamet
422,The Dark Half,tt0106664,34072268.90756302,24103086.462745097,1993.0,the dark half,6.0,21589.0,New English Library,469,3.77,total:119048,Stephen King
423,Gulliver's Travels,tt0031397,0.0,0.0,1939.0,gulliver's travels,6.6,5249.0,Penguin,306,3.5700000000000003,total:223306,Jonathan Swift
424,Gulliver's Travels,tt0031397,0.0,0.0,1939.0,gulliver's travels,6.6,5249.0,Penguin Audiobooks,6,3.5700000000000003,total:223839,Jonathan Swift
425,Total Recall,tt0100802,165364078.43137255,664809187.4425725,1990.0,total recall,7.5,374979.0,Avon Books,278,3.93,total:8412,Piers Anthony
426,Body Heat,tt0082089,0.0,89494462.89431192,1981.0,body heat,7.4,42995.0,Loveswept,256,3.33,total:9,Ruth  Owen
427,The Conformist,tt0065571,6418891.820580475,0.0,1970.0,the conformist,7.9,38123.0,Steerforth,323,3.98,total:1834,Alberto Moravia
428,The Razor's Edge,tt0087980,0.0,0.0,1984.0,the razor's edge,6.4,6248.0,Vintage International,314,4.19,total:35018,W. Somerset Maugham
429,The Razor's Edge,tt0087980,0.0,0.0,1984.0,the razor's edge,6.4,6248.0,William Heinemann Ltd,304,4.19,total:35112,W. Somerset Maugham
430,Indochine,tt0104507,0.0,0.0,1992.0,indochine,7.0,11570.0,Bantam,688,3.76,total:88,Christie Dickason
431,Fight Club,tt0137523,124075191.2568306,198626169.72133577,1999.0,fight club,8.8,2531052.0,W.W. Norton & Company (NYC),218,4.19,total:475330,Chuck Palahniuk
432,Fever Pitch,tt0119114,0.0,0.0,1997.0,fever pitch,6.6,12217.0,Riverhead Books,247,3.74,total:32913,Nick Hornby
433,The Best Man,tt0168501,17725027.322404373,68091243.90431087,1999.0,the best man,6.7,12622.0,Dramatists Play Service,88,4.0,total:252,Gore Vidal
434,The Guardian,tt0099710,0.0,43345453.57189019,1990.0,the guardian,5.4,6950.0,Thomas Nelson Publishers,239,3.71,total:84,Jane Hamilton
435,The Insider,tt0140352,177250273.22404373,118737815.27392836,1999.0,the insider,7.8,189398.0,Ballantine Books,384,3.68,total:681,Stephen W. Frey
436,Coma,tt0077355,0.0,0.0,1978.0,coma,6.9,22427.0,Signet Books,320,3.87,total:46579,Robin Cook
437,Creepshow,tt0083767,27488813.559322037,72256940.69745763,1982.0,creepshow,6.8,56814.0,Plume,66,4.07,total:35658,Stephen King
438,Falling Down,tt0106856,56787114.84593837,92911881.33210082,1993.0,falling down,7.5,221705.0,iUniverse,124,0.0,total:0,David T. Boyd
439,The Taming of the Shrew,tt0061407,0.0,0.0,1967.0,the taming of the shrew,7.1,9330.0,Simon  Schuster,291,3.8,total:149403,William Shakespeare
440,The Taming of the Shrew,tt0061407,0.0,0.0,1967.0,the taming of the shrew,7.1,9330.0,BBC Audiobooks,2,3.8,total:149541,William Shakespeare
441,Robin Hood,tt0070608,113946604.21545666,243515037.1863232,1973.0,robin hood,7.5,147262.0,Atheneum Books for Young Readers,64,4.0,total:1329,Paul Creswick
442,Mansfield Park,tt0178737,0.0,0.0,1999.0,mansfield park,7.0,27160.0,Miramax Books,432,3.86,total:273521,Jane Austen
443,Mansfield Park,tt0178737,0.0,0.0,1999.0,mansfield park,7.0,27160.0,Barnes  Noble Classics,427,3.86,total:274028,Jane Austen
444,Babes in Toyland,tt0024852,0.0,0.0,1934.0,babes in toyland,7.1,7994.0,Houghton Mifflin Harcourt P,79,3.25,total:8,James Howe
445,Maurice,tt0093512,0.0,0.0,1987.0,maurice,7.6,26244.0,W. W. Norton  Company,256,4.03,total:25994,E.M. Forster
446,The Grapes of Wrath,tt0032551,0.0,0.0,1940.0,the grapes of wrath,8.1,106861.0,Penguin Books,455,3.96,total:717269,John Steinbeck
447,The Natural,tt0087781,88954985.30852106,152341699.55212536,1984.0,the natural,7.4,56347.0,Farrar Straus Giroux,231,3.63,total:9768,Bernard Malamud
448,A River Runs Through It,tt0105265,0.0,101884607.98403469,1992.0,a river runs through it,7.2,69605.0,University of Chicago Press,168,4.17,total:7309,Norman Maclean
449,Awakenings,tt0099077,0.0,132536701.19843136,1990.0,awakenings,7.8,173221.0,Vintage,464,4.1,total:10244,Oliver Sacks
450,The River,tt0088007,57185347.69833497,36535083.251714006,1984.0,the river,6.3,8271.0,Pan,128,3.95,total:595,Rumer Godden
451,End of Days,tt0146675,196944748.02671525,417501286.580595,1999.0,end of days,5.8,121196.0,Prometheus Books,327,3.93,total:15,Erna Paris
452,The End of the Affair,tt0172396,45297292.04614451,21324814.93799636,1999.0,the end of the affair,7.0,25127.0,Vintage Classics,160,3.94,total:46499,Graham Greene
453,The End of the Affair,tt0048034,0.0,0.0,1955.0,the end of the affair,6.5,1575.0,Vintage Classics,160,3.94,total:46499,Graham Greene
454,A Map of the World,tt0160513,0.0,0.0,1999.0,a map of the world,6.5,4906.0,Anchor Books,400,3.81,total:69803,Jane Hamilton
455,Daddy-Long-Legs,tt0010040,0.0,0.0,1919.0,daddy-long-legs,6.6,1516.0,IndyPublish.com,112,4.14,total:40914,Jean Webster
456,The Great Santini,tt0079239,0.0,0.0,1979.0,the great santini,7.1,7399.0,Bantam,440,4.14,total:29091,Pat Conroy
457,The Green Mile,tt0120689,118166848.81602916,560504752.8840315,1999.0,the green mile,8.6,1520353.0,Penguin Signet,592,4.44,total:237387,Stephen King
458,Stuart Little,tt0164912,261936514.8755313,591100842.277207,1999.0,stuart little,6.0,157748.0,Alfaguara,142,3.89,total:105302,E.B. White
459,Fantasia 2000,tt0120910,157555798.4213722,178972692.90686098,1999.0,fantasia 2000,7.1,43376.0,Hal Leonard Publishing Corporation,48,0.0,total:0,Anonymous
460,Ulysses,tt0047630,0.0,0.0,1954.0,ulysses,6.6,5299.0,IndyPublish.com,736,3.73,total:105034,James Joyce
461,Angela's Ashes,tt0145653,49.23618700667881,25.60281724347298,1999.0,angela's ashes,7.3,24214.0,Simon & Schuster,224,4.11,total:517984,Frank McCourt
462,Snow Falling on Cedars,tt0120834,0.0,0.0,1999.0,snow falling on cedars,6.7,14903.0,Bloomsbury Publishing PLC,404,3.84,total:161235,David Guterson
463,Snow Falling on Cedars,tt0120834,0.0,0.0,1999.0,snow falling on cedars,6.7,14903.0,Vintage,460,3.84,total:161523,David Guterson
464,"Girl, Interrupted",tt0172493,78777899.2106861,0.0,1999.0,"girl, interrupted",7.3,229612.0,Vintage,169,3.9,total:173890,Susanna Kaysen
465,Papillon,tt0070511,91157283.37236534,404639584.4496487,1973.0,papillon,8.0,144105.0,William Morrow Paperbacks,544,4.25,total:52410,Henri Charrière
466,The Boys from Brazil,tt0077269,0.0,0.0,1978.0,the boys from brazil,7.0,32992.0,Random House,312,4.06,total:33560,Ira Levin
467,Black Sunday,tt0054067,0.0,0.0,1960.0,black sunday,7.1,19618.0,Random House Audio,0,3.6,total:7873,Thomas  Harris
468,Santitos,tt0126651,0.0,0.0,1999.0,santitos,6.6,590.0,Debolsillo,224,3.83,total:1357,María Amparo Escandón
469,Howards End,tt0104454,0.0,60901804.13767172,1992.0,howards end,7.4,38020.0,Dover Publications,246,3.96,total:73268,E.M. Forster
470,Hard Boiled,tt0104684,10554273.318872016,0.0,1992.0,hard boiled,7.7,57383.0,Titan,128,3.72,total:2522,Frank Miller
471,Of Mice and Men,tt0105046,0.0,12831857.356355747,1992.0,of mice and men,7.4,50347.0,Penguin Books,103,3.87,total:1857114,John Steinbeck
472,The Beach,tt0163978,76637448.31659774,276003778.9797047,2000.0,the beach,6.6,265071.0,Longman,112,3.94,total:68159,Alex Garland
473,Snow Day,tt0184907,0.0,0.0,2000.0,snow day,5.2,14386.0,Volo,80,3.94,total:16,Marcia Thornton Jones
474,"To Sir, with Love",tt0062376,6309894.224924012,0.0,1967.0,"to sir, with love",7.6,21612.0,Vintage Classics,208,4.17,total:11555,E.R. Braithwaite
475,Bluebeard,tt0036653,0.0,0.0,1944.0,bluebeard,5.9,2303.0,Mariner Books,144,3.61,total:440,Max Frisch
476,Wonder Boys,tt0185014,67057767.27702303,0.0,2000.0,wonder boys,7.2,68439.0,Random House Value Publishing,0,3.93,total:32788,Michael Chabon
477,Wonder Boys,tt0185014,67057767.27702303,0.0,2000.0,wonder boys,7.2,68439.0,Harper Perennial,368,3.93,total:32816,Michael Chabon
478,A Raisin in the Sun,tt0055353,16305361.930294909,0.0,1961.0,a raisin in the sun,8.0,10424.0,Random House,162,3.78,total:63299,Lorraine Hansberry
479,The Ogre,tt0118043,0.0,0.0,1996.0,the ogre,6.8,2778.0,Johns Hopkins University Press,373,4.06,total:1644,Michel Tournier
480,On the Beach,tt0053137,0.0,0.0,1959.0,on the beach,7.1,15466.0,House of Stratus,296,3.94,total:33872,Nevil Shute
481,Blind Date,tt0092666,52411346.49910233,114494668.32244164,1987.0,blind date,6.0,25467.0,Grove Press,224,3.69,total:1174,Jerzy Kosiński
482,Turtle Diary,tt0090219,0.0,0.0,1985.0,turtle diary,6.9,868.0,Bloomsbury Publishing PLC,182,4.0,total:1320,Russell Hoban
483,A Night to Remember,tt0051994,19027173.184357543,0.0,1958.0,a night to remember,7.9,18787.0,Zebra,256,3.35,total:20,Adrienne Basso
484,A Night to Remember,tt0051994,19027173.184357543,0.0,1958.0,a night to remember,7.9,18787.0,Holt McDougal,208,4.03,total:16470,Walter Lord
485,Double Indemnity,tt0036775,0.0,0.0,1944.0,double indemnity,8.3,177665.0,Vintage Crime/Black Lizard,115,4.11,total:18090,James M. Cain
486,Bloodsport,tt0092675,4194413.793103448,33013165.584413797,1988.0,bloodsport,6.8,101057.0,St. Martin's Paperbacks,288,3.9,total:10,Matt Braun
487,The Good Mother,tt0095238,0.0,0.0,1988.0,the good mother,5.7,1898.0,Harper Perennial,320,3.82,total:10751,Sue Miller
488,Here On Earth,tt0195778,0.0,0.0,2000.0,here on earth,5.2,9208.0,Berkley,336,3.69,total:44694,Alice Hoffman
489,Lord of the Flies,tt0057261,2663994.743758213,0.0,1963.0,lord of the flies,6.8,21501.0,Listening Library (Audio),6,3.68,total:2162549,William Golding
490,Lord of the Flies,tt0057261,2663994.743758213,0.0,1963.0,lord of the flies,6.8,21501.0,The Putnam Publishing Group,202,3.68,total:2168181,William Golding
491,Modern Times,tt0027977,0.0,0.0,1936.0,modern times,8.5,278184.0,Phoenix,876,4.26,total:2340,Paul  Johnson
492,Inherit the Wind,tt0053946,0.0,0.0,1960.0,inherit the wind,8.1,34866.0,Ballantine Books,129,3.96,total:19994,Jerome Lawrence
493,High Fidelity,tt0146882,57478086.23744831,90290974.93538098,2000.0,high fidelity,7.4,197191.0,Riverhead Trade,323,3.94,total:168440,Nick Hornby
494,High Fidelity,tt0146882,57478086.23744831,90290974.93538098,2000.0,high fidelity,7.4,197191.0,Filmfour,192,3.94,total:168778,Nick Hornby
495,Hook,tt0102057,168565404.6028211,724481642.3672161,1991.0,hook,6.8,286314.0,Ballantine Books,275,3.67,total:1374,Terry Brooks
496,True Grit,tt0065126,0.0,129474621.84873948,1969.0,true grit,7.4,54099.0,Signet,304,4.16,total:37966,Charles Portis
497,Misery,tt0100157,50881254.90196078,155892207.19134116,1990.0,misery,7.8,256728.0,New English Library,370,4.16,total:467542,Stephen King
498,My Life,tt0107630,0.0,62430536.54588234,1993.0,my life,6.8,12761.0,Knopf Publishing Group,957,3.73,total:42024,Bill Clinton
499,Solaris,tt0069293,0.0,0.0,1972.0,solaris,7.9,103457.0,Mariner Books,204,3.98,total:67873,Stanisław Lem
500,Mystery Train,tt0097940,7493650.165016501,0.0,1989.0,mystery train,7.5,32511.0,Allia,424,4.05,total:3152,Greil Marcus
501,The Prince of Tides,tt0102713,72242316.2583519,180094312.63869342,1991.0,the prince of tides,6.8,20928.0,Dial Press Trade Paperback,679,4.24,total:187594,Pat Conroy
502,The Postman Always Rings Twice,tt0082934,44637798.16513761,0.0,1981.0,the postman always rings twice,6.6,27233.0,Orion,116,3.8,total:29488,James M. Cain
503,American Psycho,tt0144084,13411553.455404606,65652550.68843473,2000.0,american psycho,7.6,807095.0,Picador,399,3.82,total:225587,Bret Easton Ellis
504,East Is East,tt0166175,7483900.425015179,55538418.943533696,1999.0,east is east,6.9,20687.0,Penguin Books,384,3.64,total:2374,T. Coraghessan Boyle
505,Marathon Man,tt0074860,37784802.86738351,126195544.79139784,1976.0,marathon man,7.4,74207.0,Ballantine Books,311,4.12,total:19100,William Goldman
506,The Virgin Suicides,tt0159097,11816684.881602917,20500721.30380085,1999.0,the virgin suicides,7.2,183045.0,Warner Books (NY),249,3.84,total:219327,Jeffrey Eugenides
507,Where the Heart Is,tt0198021,28739043.11872416,64703415.05039574,2000.0,where the heart is,6.7,38023.0,Grand Central Publishing,376,4.02,total:231592,Billie Letts
508,Inferno,tt0080923,12475692.307692306,0.0,1980.0,inferno,6.5,25849.0,Modern Library,490,4.0,total:134162,Dante Alighieri
509,Hamlet,tt0171359,3831872.415829888,3005623.01023036,2000.0,hamlet,5.9,10295.0,Cambridge University Press,289,4.02,total:695817,William Shakespeare
510,Hamlet,tt0171359,3831872.415829888,3005623.01023036,2000.0,hamlet,5.9,10295.0,Dover Publications,128,4.02,total:698155,William Shakespeare
511,Loser,tt0217630,0.0,0.0,2000.0,loser,5.3,31622.0,HarperCollins,218,3.73,total:18332,Jerry Spinelli
512,Possession,tt0082933,0.0,0.0,1981.0,possession,7.2,53734.0,Vintage,555,3.89,total:67751,A.S. Byatt
513,Moonraker,tt0079574,161000175.18248177,995871787.6851388,1979.0,moonraker,6.3,114807.0,"Penguin Books, Limited (UK)",247,3.74,total:19567,Ian Fleming
514,Romeo and Juliet,tt0063518,0.0,370038424.64,1968.0,romeo and juliet,7.6,36777.0,Simon Schuster,368,3.74,total:1976840,William Shakespeare
515,The Running Man,tt0093894,78617019.74865349,111001714.13500896,1987.0,the running man,6.6,181447.0,New English Library,219,3.87,total:96176,Richard Bachman
516,Alien Nation,tt0094631,44740413.79310345,89914381.76979311,1988.0,alien nation,6.3,17470.0,Warner Books,217,3.55,total:239,Alan Dean Foster
517,Firestarter,tt0087262,47654456.415279135,54263071.59114593,1984.0,firestarter,6.1,39077.0,Plume,400,3.88,total:179621,Stephen King
518,Sunshine,tt0145503,0.0,0.0,1999.0,sunshine,7.4,16323.0,Jove,405,3.85,total:35681,Robin McKinley
519,Hamlet,tt0099726,0.0,52688686.82327843,1990.0,hamlet,6.7,24661.0,Cambridge University Press,289,4.02,total:695817,William Shakespeare
520,Hamlet,tt0099726,0.0,52688686.82327843,1990.0,hamlet,6.7,24661.0,Dover Publications,128,4.02,total:698155,William Shakespeare
521,Coming Home,tt0077362,15519999.999999998,0.0,1978.0,coming home,7.3,15732.0,Hodder & Stoughton,977,4.3,total:16593,Rosamunde Pilcher
522,Prince of the City,tt0082945,0.0,0.0,1981.0,prince of the city,7.4,10374.0,White Wolf Games Studio,317,3.56,total:61,Keith Herber
523,Serpico,tt0070666,22789320.84309133,226373920.37470725,1973.0,serpico,7.7,143871.0,Harper Perennial,402,3.99,total:2894,Peter Maas
524,Jesus' Son,tt0186253,0.0,0.0,1999.0,jesus' son,6.9,7709.0,Methuen Publishing,192,4.09,total:30041,Denis Johnson
525,Asylum,tt0068230,0.0,0.0,1972.0,asylum,6.5,8951.0,University of Pittsburgh Press,88,4.17,total:87,Quan Barry
526,Two Women,tt0054749,0.0,0.0,1960.0,two women,7.7,13421.0,Zoland Books,331,3.97,total:1679,Alberto Moravia
527,The Crush,tt0106627,13628907.563025208,30913533.34543417,1993.0,the crush,5.8,24085.0,Coronet Books,480,3.91,total:11675,Sandra Brown
528,The Art of War,tt0160009,76637448.31659774,57859558.71612522,2000.0,the art of war,5.7,31971.0,NuVision Publications,52,3.97,total:299914,Sun Tzu
529,The Art of War,tt0160009,76637448.31659774,57859558.71612522,2000.0,the art of war,5.7,31971.0,Da Capo Press,336,4.06,total:7093,Niccolò Machiavelli
530,The Watcher,tt0204626,63225894.86119314,0.0,2000.0,the watcher,5.3,29381.0,New English Library,157,3.31,total:29,J. Sheridan Le Fanu
531,Fantastic Voyage,tt0060397,52043360.10037641,122095859.47302385,1966.0,fantastic voyage,6.8,22172.0,Bantam,208,3.91,total:24228,Isaac Asimov
532,The Invisible Man,tt0024184,0.0,0.0,1933.0,the invisible man,7.6,43294.0,Scholastic Paperbacks,208,3.64,total:130322,H.G. Wells
533,Runaway,tt0088024,0.0,0.0,1984.0,runaway,5.9,15670.0,Alfred A. Knopf,335,3.98,total:19721,Alice Munro
534,Requiem for a Dream,tt0180093,8621712.935617248,14158975.49760189,2000.0,requiem for a dream,8.3,956009.0,Da Capo Press,279,4.11,total:53576,Hubert Selby Jr.
535,Requiem for a Dream,tt0180093,8621712.935617248,14158975.49760189,2000.0,requiem for a dream,8.3,956009.0,Marion Boyars,279,4.11,total:53633,Hubert Selby Jr.
536,Lost Souls,tt0160484,0.0,0.0,2000.0,lost souls,4.8,11680.0,Gauntlet Press,494,3.89,total:16157,Poppy Z. Brite
537,The Time Machine,tt0054387,8283146.06741573,0.0,1960.0,the time machine,7.5,47516.0,Signet Classics,118,3.89,total:389736,H.G. Wells
538,Haunted,tt0113269,0.0,0.0,1995.0,haunted,6.2,7798.0,Anchor,419,3.59,total:83833,Chuck Palahniuk
539,The Beyond,tt0082307,0.0,0.0,1981.0,the beyond,6.6,27312.0,Eos,304,3.86,total:189,Jeffrey Ford
540,The Little Vampire,tt0192255,42150596.57412876,25972408.243260484,2000.0,the little vampire,5.8,12339.0,Pocket Books,245,4.05,total:4216,Angela Sommer-Bodenburg
541,The Legend of Bagger Vance,tt0146984,153274896.6331955,75601744.93287654,2000.0,the legend of bagger vance,6.7,61570.0,"Chivers Large print (Chivers, Windsor, Paragon & C",248,3.87,total:3732,Steven Pressfield
542,Born on the Fourth of July,tt0096969,37468250.82508251,430889428.8520132,1989.0,born on the fourth of july,7.2,122781.0,Akashic Books,224,3.85,total:4008,Ron Kovic
543,Chocolat,tt0241303,47898405.19787359,292180928.87314826,2000.0,chocolat,7.2,208425.0,Soundings,10,3.96,total:106961,Joanne Harris
544,Finding Forrester,tt0181536,82385256.94034259,153370241.28264618,2000.0,finding forrester,7.3,92386.0,It Books,192,3.96,total:314,James W. Ellison
545,The Gift,tt0219699,19159362.07914944,23007792.015688125,2000.0,the gift,6.7,79670.0,Penguin Books,406,4.0,total:3146,Vladimir Nabokov
546,The Gift,tt0219699,19159362.07914944,23007792.015688125,2000.0,the gift,6.7,79670.0,"Little, Brown and Company",153,3.46,total:389,Pete Hamill
547,Before Night Falls,tt0247196,0.0,16332463.346202008,2000.0,before night falls,7.1,26990.0,Serpents Tail,317,4.17,total:4546,Reinaldo Arenas
548,The House of Mirth,tt0200720,19159362.07914944,9894668.615900768,2000.0,the house of mirth,7.0,8506.0,Dover Publications,272,3.95,total:79301,Edith Wharton
549,All the Pretty Horses,tt0149624,109208363.8511518,0.0,2000.0,all the pretty horses,5.8,16202.0,Vintage Books / Random House,302,3.99,total:90538,Cormac McCarthy
550,The Alamo,tt0053580,132530337.07865168,87249138.57677902,1960.0,the alamo,6.8,19170.0,Hyperion,384,3.49,total:108,Frank T. Thompson
551,The Pledge,tt0237572,64651936.21867882,54307626.42369021,2001.0,the pledge,6.7,75232.0,University of Chicago Press,176,3.98,total:4243,Friedrich Dürrenmatt
552,Cry Freedom,tt0092804,0.0,0.0,1987.0,cry freedom,7.4,15148.0,Crossway Books,379,3.85,total:33,Marlo Schalesky
553,The Dead,tt0092843,0.0,0.0,1987.0,the dead,7.2,9589.0,Melville House Publishing,64,4.05,total:15273,James Joyce
554,The Glass Menagerie,tt0093093,0.0,0.0,1987.0,the glass menagerie,7.1,2388.0,New Directions,104,3.7,total:108303,Tennessee Williams
555,Housekeeping,tt0093225,0.0,3154237.1254578093,1987.0,housekeeping,7.1,3184.0,Picador USA,219,3.82,total:38666,Marilynne Robinson
556,Housekeeping,tt0093225,0.0,3154237.1254578093,1987.0,housekeeping,7.1,3184.0,Bantam Books,224,3.82,total:38799,Marilynne Robinson
557,Ironweed,tt0093277,0.0,0.0,1987.0,ironweed,6.7,10572.0,Penguin Books Ltd,256,3.86,total:15299,William  Kennedy
558,Less Than Zero,tt0093407,2.911741472172352,36095062.48603232,1987.0,less than zero,6.4,23358.0,Vintage Books,208,3.58,total:63965,Bret Easton Ellis
559,A Month in the Country,tt0093562,0.0,0.0,1987.0,a month in the country,6.8,2213.0,New York Review of Books,135,4.1,total:7655,J.L. Carr
560,No Man's Land,tt0093638,0.0,0.0,1987.0,no man's land,6.1,5963.0,Hesperus Press,160,3.17,total:180,Graham Greene
561,Head Over Heels,tt0192111,25860774.487471525,19256061.98724373,2001.0,head over heels,5.4,15875.0,Headline Review,448,3.72,total:4302,Jill Mansell
562,Fever,tt0177769,11.816684881602914,0.0,1999.0,fever,5.5,810.0,Berkley Books,352,3.77,total:8118,Robin Cook
563,Hannibal,tt0212985,160706241.45785877,649645316.5525285,2001.0,hannibal,6.8,309374.0,Random House Audio,0,3.76,total:81995,Thomas  Harris
564,Avalon,tt0099073,0.0,0.0,1990.0,avalon,7.2,7293.0,Chicago Review Press,440,3.86,total:3511,Anya Seton
565,Gray's Anatomy,tt0116447,0.0,0.0,1996.0,gray's anatomy,6.8,2623.0,Vintage,96,3.97,total:415,Spalding Gray
566,Of Mice and Men,tt0031742,0.0,0.0,1939.0,of mice and men,7.8,7366.0,Penguin Books,103,3.87,total:1857114,John Steinbeck
567,Elmer Gantry,tt0053793,33132584.26966292,114859625.4681648,1960.0,elmer gantry,7.7,14122.0,Phébus,352,3.99,total:4772,Sinclair Lewis
568,The Brothers,tt0250274,0.0,0.0,2001.0,the brothers,6.3,5300.0,Oberon Books,112,4.0,total:1,Reza de Wet
569,The Tailor of Panama,tt0236784,38791161.73120729,51737179.96592255,2001.0,the tailor of panama,6.1,32418.0,Knopf,332,3.47,total:6862,John le Carré
570,Along Came a Spider,tt0164334,110831890.66059226,194285646.2098405,2001.0,along came a spider,6.4,101862.0,HarperCollins,435,4.1,total:385749,James Patterson
571,Kingdom Come,tt2043893,0.0,0.0,2011.0,kingdom come,7.5,166.0,DC Comics,231,4.26,total:51951,Mark Waid
572,Kingdom Come,tt2043893,0.0,0.0,2011.0,kingdom come,7.5,166.0,Aspect,416,4.46,total:2767,Elliot S. Maggin
573,The Body,tt0201485,0.0,0.0,2001.0,the body,5.4,9841.0,Penguin Books,80,4.25,total:32410,Stephen King
574,The Visit,tt0199129,0.0,0.0,2000.0,the visit,6.2,294.0,"Samuel French, Inc.",120,3.88,total:11975,Friedrich Dürrenmatt
575,Eureka,tt0243889,0.0,0.0,2000.0,eureka,7.7,4605.0,University of Illinois Press,232,3.72,total:484,Edgar Allan Poe
576,Cleopatra,tt0056937,331560785.80814713,756574507.2273324,1963.0,cleopatra,7.0,40196.0,Waking Lion Press,308,3.86,total:1214,H. Rider Haggard
577,The Lost World,tt0016039,0.0,0.0,1925.0,the lost world,7.0,6427.0,Random House Value Publishing,0,3.78,total:115266,Michael Crichton
578,True Believer,tt0098524,0.0,0.0,1989.0,true believer,6.7,5875.0,Warner Books,322,3.8,total:75261,Nicholas Sparks
579,True Believer,tt0098524,0.0,0.0,1989.0,true believer,6.7,5875.0,Grand Central Publishing,465,3.8,total:75385,Nicholas Sparks
580,Candy,tt0062776,28536774.193548385,0.0,1968.0,candy,5.1,4028.0,Ballantine Books,304,4.09,total:6371,Luke Davies
581,Love Story,tt0066011,18828749.3403694,1167382459.1029024,1970.0,love story,6.9,39516.0,Harper Perennial,131,3.62,total:51182,Erich Segal
582,Himalaya,tt0210727,0.0,0.0,1999.0,himalaya,7.4,5951.0,Thomas Dunne Books,288,3.96,total:3415,Michael Palin
583,Ice Castles,tt0077716,0.0,0.0,1978.0,ice castles,6.6,4359.0,Fawcett,220,3.86,total:180,Leonore Fleischer
584,Evolution,tt0251075,147775854.214123,181720507.30897492,2001.0,evolution,6.1,141283.0,Del Rey Books,646,3.98,total:2780,Stephen Baxter
585,Catch-22,tt0065528,154053403.6939314,213207086.4,1970.0,catch-22,7.1,27905.0,Caedmon,16,3.98,total:698350,Joseph Heller
586,Wolves,tt0226648,0.0,10775587.676794171,1999.0,wolves,6.3,260.0,HarperTrophy,32,4.11,total:166,Seymour Simon
587,Faust,tt0016847,0.0,0.0,1926.0,faust,8.1,17898.0,W.W. Norton & Company,752,3.96,total:29391,Johann Wolfgang von Goethe
588,Faust,tt0016847,0.0,0.0,1926.0,faust,8.1,17898.0,Hesperus Press,92,3.83,total:343,Ivan Turgenev
589,Salvador,tt0091886,13281674.24931756,0.0,1986.0,salvador,7.3,24609.0,Vintage,112,3.76,total:2151,Joan Didion
590,Moby Dick,tt0049513,54403876.25792024,125733402.90719344,1956.0,moby dick,7.3,23605.0,Naxos Audiobooks,25,3.5,total:463805,Herman Melville
591,Moby Dick,tt0049513,54403876.25792024,125733402.90719344,1956.0,moby dick,7.3,23605.0,Wildside Press,512,3.5,total:464538,Herman Melville
592,The Last Dragon,tt0089461,30687606.433301795,79033733.13634814,1985.0,the last dragon,6.8,18999.0,"Little, Brown Books for Young Readers",368,4.02,total:3933,Silvana De Mari
593,Outland,tt0082869,59517064.22018349,64630305.40091743,1981.0,outland,6.6,34405.0,Warner Books (NY),269,3.53,total:451,Alan Dean Foster
594,Final Fantasy: The Spirits Within,tt0173840,253066150.34168565,157255361.2382688,2001.0,final fantasy: the spirits within,6.4,85489.0,Minstrel,144,3.24,total:114,Dean Wesley Smith
595,The Accidental Tourist,tt0094606,0.0,0.0,1988.0,the accidental tourist,6.7,18207.0,Ballantine Books,352,3.91,total:93213,Anne Tyler
596,The Accidental Tourist,tt0094606,0.0,0.0,1988.0,the accidental tourist,6.7,18207.0,Knopf,355,3.91,total:93312,Anne Tyler
597,Bad Dreams,tt0094701,11185103.448275862,27395388.655724134,1988.0,bad dreams,5.6,4639.0,Running Press,280,3.17,total:190,Kim Newman
598,Bird,tt0094747,0.0,0.0,1988.0,bird,7.1,14179.0,DK Children,64,4.02,total:85,David Burnie
599,"Bright Lights, Big City",tt0094799,0.0,0.0,1988.0,"bright lights, big city",5.7,9529.0,Editions de l'Olivier,192,3.77,total:27931,Jay McInerney
600,"Bright Lights, Big City",tt0094799,0.0,0.0,1988.0,"bright lights, big city",5.7,9529.0,Vintage,208,3.77,total:27966,Jay McInerney
601,Criminal Law,tt0097125,0.0,0.0,1988.0,criminal law,5.7,5215.0,Wadsworth Publishing Company,497,3.83,total:122,Joel Samaha
602,High Spirits,tt0095304,0.0,20691778.661931034,1988.0,high spirits,5.8,11782.0,Penguin Books,208,3.86,total:661,Robertson Davies
603,The Milagro Beanfield War,tt0095638,0.0,0.0,1988.0,the milagro beanfield war,6.8,7270.0,Holt McDougal,456,4.1,total:9643,John     Nichols
604,The Serpent and the Rainbow,tt0096071,19573931.03448276,54793112.201793104,1988.0,the serpent and the rainbow,6.4,29256.0,Simon  Schuster,304,3.91,total:3797,Wade Davis
605,Torch Song Trilogy,tt0096289,0.0,13606669.956,1988.0,torch song trilogy,7.8,8238.0,Villard,175,4.22,total:2081,Harvey Fierstein
606,Watchers,tt0096425,0.0,0.0,1988.0,watchers,5.4,5130.0,Brilliance Audio,13,4.18,total:147113,Dean Koontz
607,Always,tt0096794,82965412.54125413,198407207.6132013,1989.0,always,6.4,34751.0,Pocket Books,392,3.78,total:3800,Jude Deveraux
608,A Dry White Season,tt0097243,0.0,0.0,1989.0,a dry white season,7.0,6734.0,William Morrow Paperbacks,316,4.05,total:3386,André Brink
609,Enemies: A Love Story,tt0097276,0.0,20753586.51920792,1989.0,enemies: a love story,6.6,2786.0,Signet,345,3.95,total:2448,Isaac Bashevis Singer
610,The Girl in a Swing,tt0097435,0.0,0.0,1988.0,the girl in a swing,5.3,902.0,Random House,339,3.52,total:1778,Richard  Adams
611,In Country,tt0097570,48.173465346534655,0.0,1989.0,in country,5.9,3364.0,HarperCollins Publishers,247,3.58,total:2419,Bobbie Ann Mason
612,An Innocent Man,tt0097579,0.0,53653475.36528053,1989.0,an innocent man,6.5,8141.0,Harlequin Kimani Romance,298,3.69,total:13,Deirdre Savoy
613,Last Exit to Brooklyn,tt0097714,0.0,0.0,1989.0,last exit to brooklyn,6.8,7504.0,Bloomsbury,290,3.93,total:23899,Hubert Selby Jr.
614,Leviathan,tt0097737,66907590.75907591,42030315.46165016,1989.0,leviathan,5.8,26254.0,Penguin Books,275,3.96,total:14561,Paul Auster
615,Leviathan,tt0097737,66907590.75907591,42030315.46165016,1989.0,leviathan,5.8,26254.0,Penguin Books,736,3.7,total:36037,Thomas Hobbes
616,Loverboy,tt0097790,0.0,10599037.527524753,1989.0,loverboy,6.1,9326.0,Avon Books,313,3.97,total:31,Richard Belsky
617,Millennium,tt0097883,0.0,0.0,1989.0,millennium,5.7,7379.0,Ace Books (NY),272,3.76,total:2461,John Varley
618,Jurassic Park III,tt0163025,171789430.523918,681211238.3468792,2001.0,jurassic park iii,6.0,363028.0,Addison Wesley Publishing Company,42,3.58,total:60,Peter Buchman
619,Planet of the Apes,tt0133152,184719817.76765376,669076866.0610478,2001.0,planet of the apes,5.7,239865.0,Wings,192,3.95,total:31260,Pierre Boulle
620,Skin Deep,tt0098343,0.0,0.0,1989.0,skin deep,6.1,5493.0,Fantagraphics,104,4.07,total:825,Charles Burns
621,Skin Deep,tt0098343,0.0,0.0,1989.0,skin deep,6.1,5493.0,Bella Books,290,3.97,total:342,Kenna White
622,The Hotel New Hampshire,tt0087428,23827228.207639568,0.0,1984.0,the hotel new hampshire,5.8,9643.0,Black Swan,520,3.91,total:56678,John Irving
623,Basket Case,tt0083624,120263.55932203388,0.0,1982.0,basket case,6.2,23640.0,Grand Central Publishing,400,3.82,total:14851,Carl Hiaasen
624,Chocolat,tt0094868,0.0,0.0,1988.0,chocolat,7.3,4962.0,Soundings,10,3.96,total:106961,Joanne Harris
625,The Awakening,tt0080402,0.0,0.0,1980.0,the awakening,4.9,3175.0,Women's Press (UK),224,3.65,total:165791,Kate Chopin
626,Rat Race,tt0250687,88665512.52847381,157932736.1988155,2001.0,rat race,6.5,128744.0,G.P. Putnam's Sons,304,3.98,total:2928,Dick Francis
627,Our Lady of the Assassins,tt0250809,0.0,0.0,2000.0,our lady of the assassins,6.8,4445.0,Serpent's Tail,144,3.7,total:2483,Fernando Vallejo
628,Sayonara,tt0050933,0.0,0.0,1957.0,sayonara,7.0,8628.0,Fawcett,208,3.81,total:2201,James A. Michener
629,I Never Promised You a Rose Garden,tt0076172,16577580.919931857,0.0,1977.0,i never promised you a rose garden,6.4,1690.0,Signet,288,3.87,total:27766,Hannah  Green
630,The Changeling,tt0080516,0.0,49902769.23076922,1980.0,the changeling,7.1,43647.0,iUniverse,228,4.17,total:1365,Zilpha Keatley Snyder
631,Bandits,tt0219965,138539863.3257403,124929527.97439636,2001.0,bandits,6.5,73523.0,The New Press,226,3.79,total:481,Eric Hobsbawm
632,Not Without My Daughter,tt0102555,0.0,0.0,1991.0,not without my daughter,6.5,16651.0,Transworld Publishers Ltd,528,4.1,total:24572,Betty Mahmoody
633,The Last Castle,tt0272020,132998268.7927107,51061557.99644647,2001.0,the last castle,6.9,89385.0,"Underwood/Miller, Berkley",115,3.79,total:991,Jack Vance
634,Focus,tt0246628,0.0,0.0,2001.0,focus,6.7,3216.0,Buchet Chastel,287,3.85,total:935,Arthur  Miller
635,Harry Potter and the Philosopher's Stone,tt0241527,230899772.2095672,1803743856.5056949,2001.0,harry potter and the philosopher's stone,7.7,924578.0,Bloomsbury Publishing PLC,223,4.47,total:6588013,J.K. Rowling
636,Little Women,tt0024264,0.0,0.0,1933.0,little women,7.1,8392.0,Signet Classics,449,4.08,total:1595807,Louisa May Alcott
637,Little Women,tt0024264,0.0,0.0,1933.0,little women,7.1,8392.0,Barnes  Noble Classics,489,4.08,total:1601291,Louisa May Alcott
638,Guadalcanal Diary,tt0035957,0.0,0.0,1943.0,guadalcanal diary,6.7,2383.0,Modern Library,250,4.24,total:3650,Richard Tregaskis
639,The Falls,tt0080715,0.0,0.0,1980.0,the falls,7.1,1794.0,HarperAudio,0,3.58,total:9573,Joyce Carol Oates
640,Lord of the Flies,tt0100054,0.0,0.0,1990.0,lord of the flies,6.4,35835.0,Listening Library (Audio),6,3.68,total:2162549,William Golding
641,Lord of the Flies,tt0100054,0.0,0.0,1990.0,lord of the flies,6.4,35835.0,The Putnam Publishing Group,202,3.68,total:2168181,William Golding
642,The Sicilian,tt0093966,48043734.2908438,0.0,1987.0,the sicilian,5.4,5768.0,Ballantine Books,416,3.97,total:19389,Mario Puzo
643,No Man's Land,tt0283509,1869647.1771298405,0.0,2001.0,no man's land,7.9,50095.0,Hesperus Press,160,3.17,total:180,Graham Greene
644,And Then There Were None,tt0037515,0.0,0.0,1945.0,and then there were none,7.3,18064.0,St. Martin's Press,264,4.26,total:740875,Agatha Christie
645,The Blue Angel,tt0020697,0.0,0.0,1930.0,the blue angel,7.6,17313.0,British Film Institute,96,3.77,total:13,S.S. Prawer
646,The Owl and the Pussycat,tt0066195,0.0,0.0,1970.0,the owl and the pussycat,6.4,4661.0,Puffin Books,32,4.19,total:8057,Edward Lear
647,The Owl and the Pussycat,tt0066195,0.0,0.0,1970.0,the owl and the pussycat,6.4,4661.0,Tundra Books,24,4.2,total:8061,Edward Lear
648,A Beautiful Mind,tt0268978,110831890.66059226,579174840.9196355,2001.0,a beautiful mind,8.2,1037427.0,Faber  Faber,461,4.13,total:119195,Sylvia Nasar
649,Sahara,tt0036323,0.0,0.0,1943.0,sahara,7.5,10653.0,St. Martin's Griffin,272,3.96,total:2570,Michael Palin
650,Black Hawk Down,tt0265086,169942232.34624144,319546168.08410025,2001.0,black hawk down,7.7,446833.0,Corgi,571,4.29,total:51389,Mark Bowden
651,The Shipping News,tt0120824,0.0,0.0,2001.0,the shipping news,6.7,34597.0,Scribner Book Company,337,3.86,total:127043,Annie Proulx
652,Wuthering Heights,tt0066585,0.0,0.0,1970.0,wuthering heights,6.3,2355.0,Running Press Book Publishers,248,3.85,total:1270598,Emily Brontë
653,Wuthering Heights,tt0066585,0.0,0.0,1970.0,wuthering heights,6.3,2355.0,Penguin Books,335,3.85,total:1275195,Emily Brontë
654,Dragonslayer,tt0082288,66956697.24770642,52486659.36678899,1981.0,dragonslayer,6.6,21325.0,Del Rey Books,218,3.65,total:298,Wayland Drew
655,Fire and Ice,tt0085542,3975910.1123595503,2521002.0116853933,1983.0,fire and ice,6.5,14189.0,HarperCollins Children'sBooks,352,4.38,total:43118,Erin Hunter
656,The Count of Monte Cristo,tt0245844,63887900.95666854,137623753.1213506,2002.0,the count of monte cristo,7.7,157127.0,Tor Classics,580,4.25,total:717363,Alexandre Dumas
657,The Mothman Prophecies,tt0265349,58411795.160382666,100682839.67558809,2002.0,the mothman prophecies,6.4,88352.0,Hodder & Stoughton,352,3.54,total:3465,John A. Keel
658,A Walk to Remember,tt0281358,20079054.586381543,75254597.17159258,2002.0,a walk to remember,7.3,228979.0,Grand Central Publishing,240,4.17,total:644072,Nicholas Sparks
659,A Walk to Remember,tt0281358,20079054.586381543,75254597.17159258,2002.0,a walk to remember,7.3,228979.0,Grand Central Publishing,240,4.17,total:646174,Nicholas Sparks
660,Rare Birds,tt0295552,9235990.888382688,0.0,2001.0,rare birds,6.3,1865.0,powerHouse Books,128,3.56,total:16,Amanda de Cadenet
661,The Hunchback of Notre Dame,tt0050781,0.0,0.0,1956.0,the hunchback of notre dame,6.6,3443.0,Tantor Audio,0,4.0,total:162555,Victor Hugo
662,Heidi,tt0028988,0.0,0.0,1937.0,heidi,7.2,5270.0,Sterling,272,3.99,total:168190,Johanna Spyri
663,Crossroads,tt0275022,21904423.1851435,111604916.25796284,2002.0,crossroads,3.9,46655.0,Catbird Press,224,3.83,total:76,Karel Čapek
664,Saturday Night and Sunday Morning,tt0054269,0.0,0.0,1960.0,saturday night and sunday morning,7.5,9874.0,Plume,192,3.83,total:3606,Alan Sillitoe
665,Sleuth,tt0069281,0.0,0.0,1972.0,sleuth,7.9,52025.0,Marion Boyars,93,4.13,total:567,Anthony Shaffer
666,Black Like Me,tt0057889,0.0,0.0,1964.0,black like me,6.6,797.0,Berkley Books,208,4.13,total:57229,John Howard Griffin
667,Black Like Me,tt0057889,0.0,0.0,1964.0,black like me,6.6,797.0,Aldrich Museum of Contemporary Art,64,4.0,total:6,Fred Wilson
668,Cross Creek,tt0085380,0.0,0.0,1983.0,cross creek,6.9,2302.0,Scribner,384,4.07,total:1633,Marjorie Kinnan Rawlings
669,The Time Machine,tt0268695,146029487.90095666,225851352.6210917,2002.0,the time machine,6.0,134509.0,Signet Classics,118,3.89,total:389736,H.G. Wells
670,Hopscotch,tt0080889,0.0,0.0,1980.0,hopscotch,7.1,9791.0,Pantheon,564,4.24,total:28119,Julio Cortázar
671,The Island,tt0080934,0.0,0.0,1980.0,the island,5.3,5053.0,Scholastic Paperbacks,208,3.72,total:1503,Gary Paulsen
672,The Jazz Singer,tt0080948,0.0,0.0,1980.0,the jazz singer,6.0,5391.0,University of Wisconsin Press,188,4.67,total:3,Robert L. Carringer
673,Barabbas,tt0055774,0.0,0.0,1961.0,barabbas,6.9,7555.0,Vintage,144,3.83,total:3853,Pär Lagerkvist
674,George Washington,tt0262432,0.0,0.0,2000.0,george washington,7.2,8881.0,Hudson Hills Press,162,3.0,total:2,Barbara J. Mitnick
675,George Washington,tt0262432,0.0,0.0,2000.0,george washington,7.2,8881.0,Doubleday Books for Young Readers,64,4.26,total:885,Ingri d'Aulaire
676,Crush,tt0245407,0.0,0.0,2001.0,crush,5.8,4033.0,Yale University Press,62,4.31,total:17939,Richard Siken
677,The Aviator,tt0088758,0.0,4002253.0809460734,1985.0,the aviator,5.6,1636.0,Ballantine Books,160,3.81,total:194,Ernest K. Gann
678,Cuba,tt0079013,0.0,0.0,1979.0,cuba,5.6,3158.0,,520,3.93,total:651,Brendan Sainsbury
679,Joe,tt0065916,907203.3773087072,165344268.64042217,1970.0,joe,6.8,4950.0,Prestel Publishing,96,4.23,total:53,Hiroshi Sugimoto
680,The Mystic Masseur,tt0282771,0.0,0.0,2001.0,the mystic masseur,5.8,483.0,Pan MacMillan,215,3.48,total:2105,V.S. Naipaul
681,White Fang,tt0103247,33713080.92056422,83784615.61158131,1991.0,white fang,6.7,23758.0,Scholastic Paperbacks,252,3.98,total:143874,Jack London
682,White Fang,tt0103247,33713080.92056422,83784615.61158131,1991.0,white fang,6.7,23758.0,Thorndike Press,354,3.98,total:144286,Jack London
683,About a Boy,tt0276751,49284952.16657288,235472549.24029264,2002.0,about a boy,7.1,197854.0,Riverhead Books,307,3.8,total:120793,Nick Hornby
684,About a Boy,tt0276751,49284952.16657288,235472549.24029264,2002.0,about a boy,7.1,197854.0,Indigo,286,3.8,total:120930,Nick Hornby
685,The Importance of Being Earnest,tt0278500,0.0,0.0,2002.0,the importance of being earnest,6.8,25709.0,Samuel French Ltd,114,4.17,total:291547,Oscar Wilde
686,The Hound of the Baskervilles,tt0052905,0.0,0.0,1959.0,the hound of the baskervilles,6.9,13762.0,IndyPublish.com,176,4.11,total:234084,Arthur Conan Doyle
687,Insomnia,tt0278504,83966955.54305008,207571479.8955543,2002.0,insomnia,7.2,335664.0,Debolsillo,890,3.82,total:130678,Stephen King
688,The Gambler,tt0071532,0.0,0.0,1974.0,the gambler,7.1,7005.0,Modern Library,188,3.89,total:49689,Fyodor Dostoyevsky
689,The Gambler,tt0071532,0.0,0.0,1974.0,the gambler,7.1,7005.0,W. W. Norton  Company,192,3.89,total:49973,Fyodor Dostoyevsky
690,Monkey Business,tt0044916,0.0,24526880.9073724,1952.0,monkey business,6.9,16301.0,Kids Can Press,32,4.17,total:144,Wallace Edwards
691,Dakota,tt0037627,0.0,0.0,1945.0,dakota,5.9,1840.0,St. Martin's Paperbacks,306,3.72,total:39,Matt Braun
692,Silent Running,tt0067756,7873009.708737863,0.0,1972.0,silent running,6.6,33152.0,Wiley,320,4.17,total:448,James F. Calvert
693,Cherish,tt0298798,0.0,0.0,2002.0,cherish,6.6,3016.0,Avon,385,4.03,total:3313,Catherine Anderson
694,The Emperor's New Clothes,tt0282768,0.0,0.0,2001.0,the emperor's new clothes,6.8,2863.0,Andrews McMeel Publishing,30,4.0,total:1,Samantha Easton
695,Silver Bullet,tt0090021,0.0,0.0,1985.0,silver bullet,6.4,34741.0,Signet,255,3.65,total:45852,Stephen King
696,Minority Report,tt0181689,186187597.0737197,654162685.766843,2002.0,minority report,7.6,611645.0,Gollancz,304,3.83,total:16856,Philip K. Dick
697,The Importance of Being Earnest,tt0044744,0.0,0.0,1952.0,the importance of being earnest,7.4,6780.0,Samuel French Ltd,114,4.17,total:291547,Oscar Wilde
698,Perfect,tt0089798,58306452.22327341,39644882.98717123,1985.0,perfect,4.8,6493.0,Milkweed Editions,172,3.77,total:12701,Natasha Friend
699,1776,tt0068156,0.0,0.0,1972.0,1776,7.6,11007.0,Simon  Schuster,386,4.07,total:176884,David McCullough
700,1776,tt0068156,0.0,0.0,1972.0,1776,7.6,11007.0,Simon & Schuster,386,4.07,total:177288,David McCullough
701,The Kid Stays in the Picture,tt0303353,73014.74395047834,2618374.4313337086,2002.0,the kid stays in the picture,7.3,8255.0,Faber & Faber,462,3.92,total:3180,Robert  Evans
702,Possession,tt0256276,45634214.96904896,18461290.634462576,2002.0,possession,6.3,13955.0,Vintage,555,3.89,total:67751,A.S. Byatt
703,Clash of the Titans,tt0082186,55797247.706422016,152855920.28330275,1981.0,clash of the titans,6.9,50434.0,Warner Books (NY),304,3.88,total:1098,Alan Dean Foster
704,The Swarm,tt0078350,0.0,0.0,1978.0,the swarm,4.5,9194.0,Regan Books,881,4.06,total:15402,Frank Schätzing
705,The Experiment,tt0250258,0.0,0.0,2001.0,the experiment,7.7,98263.0,Signet,481,3.56,total:697,John Darnton
706,Heaven,tt0246677,20079054.586381543,0.0,2002.0,heaven,6.9,26956.0,Tyndale Momentum,533,4.28,total:9822,Randy Alcorn
707,The Onion Field,tt0079668,0.0,0.0,1979.0,the onion field,6.8,6127.0,Dell,448,4.13,total:18302,Joseph Wambaugh
708,Texasville,tt0103069,0.0,0.0,1990.0,texasville,6.0,3254.0,Simon  Schuster,544,3.7,total:4037,Larry McMurtry
709,The Fan,tt0082362,0.0,0.0,1981.0,the fan,5.8,3205.0,Fawcett,320,3.44,total:321,Peter Abrahams
710,Flashback,tt0099581,0.0,16506245.43523137,1990.0,flashback,6.2,5986.0,Avon Books,407,3.69,total:101,Cait London
711,Flashback,tt0099581,0.0,16506245.43523137,1990.0,flashback,6.2,5986.0,Forge Books,400,3.49,total:174,Gary Braver
712,The Rules of Attraction,tt0292644,7301474.395047833,0.0,2002.0,the rules of attraction,6.6,54950.0,Vintage Contemporaries,283,3.69,total:39337,Bret Easton Ellis
713,Tuck Everlasting,tt0283084,27380528.981429376,34970546.692357905,2002.0,tuck everlasting,6.6,26520.0,Farrar Straus Giroux,139,3.87,total:216634,Natalie Babbitt
714,Tuck Everlasting,tt0283084,27380528.981429376,34970546.692357905,2002.0,tuck everlasting,6.6,26520.0,Farrar Straus Giroux,139,3.87,total:217156,Natalie Babbitt
715,White Oleander,tt0283139,0.0,0.0,2002.0,white oleander,7.1,35490.0,Back Bay Books,480,3.97,total:315225,Janet Fitch
716,The Ring,tt0298130,87617692.740574,455153712.4329994,2002.0,the ring,7.1,396530.0,Xlibris,260,3.43,total:291,Piers Anthony
717,Tully,tt0212604,0.0,0.0,2000.0,tully,7.2,2034.0,Harper,614,3.89,total:9563,Paullina Simons
718,Billy Bathgate,tt0101453,115587706.01336303,0.0,1991.0,billy bathgate,5.9,13367.0,Blackstone Audiobooks,9,3.79,total:6309,E.L. Doctorow
719,All Night Long,tt0082001,0.0,37198165.13761468,1981.0,all night long,5.5,2159.0,G.P. Putnam's Sons,416,3.96,total:8263,Jayne Ann Krentz
720,The Chosen,tt0082175,0.0,0.0,1981.0,the chosen,7.2,2588.0,Random House Publishing Group,271,4.05,total:81501,Chaim Potok
721,Endless Love,tt0082329,0.0,120866785.32146788,1981.0,endless love,4.9,10478.0,Ecco Press,432,3.54,total:3583,Scott Spencer
722,Eye of the Needle,tt0082351,0.0,66956697.24770642,1981.0,eye of the needle,7.1,13768.0,HarperCollins Publishers,339,4.18,total:122319,Ken Follett
723,The Four Seasons,tt0082405,0.0,0.0,1981.0,the four seasons,6.8,7378.0,Mira Books,368,3.99,total:3004,Mary Alice Monroe
724,Ghost Story,tt0082449,0.0,0.0,1981.0,ghost story,6.3,10853.0,"Pocket Books / Simon & Schuster, Inc.",567,3.95,total:65420,Peter Straub
725,Lady Chatterley's Lover,tt0082640,0.0,0.0,1981.0,lady chatterley's lover,5.1,3649.0,Modern Library,376,3.5,total:95220,D.H. Lawrence
726,Ghost Ship,tt0288477,63887900.95666854,124763731.9826224,2002.0,ghost ship,5.6,115317.0,Scholastic Inc.,313,3.67,total:493,Dietlof Reiche
727,Casino Royale,tt0061452,118310516.71732524,411569929.7332523,1967.0,casino royale,5.0,34307.0,Blackstone Audiobooks,4,3.73,total:60961,Ian Fleming
728,Exodus,tt0053804,44176779.02621722,240211235.95505616,1960.0,exodus,6.7,12458.0,"Bantam Books, Inc.",608,4.34,total:88982,Leon Uris
729,Ararat,tt0273435,0.0,0.0,2002.0,ararat,6.3,15013.0,Ecco,72,4.06,total:812,Louise Glück
730,Fingers,tt0077549,0.0,0.0,1978.0,fingers,6.7,3021.0,Tor Teen,197,3.5700000000000003,total:223,William Sleator
731,Madame Bovary,tt0102368,0.0,4677504.555783222,1991.0,madame bovary,6.6,4811.0,Penguin Classics,327,3.67,total:237971,Gustave Flaubert
732,Ragtime,tt0082970,0.0,0.0,1981.0,ragtime,7.3,11338.0,Bantam Books,369,3.88,total:36297,E.L. Doctorow
733,Tales of Ordinary Madness,tt0086410,0.0,0.0,1981.0,tales of ordinary madness,6.6,3184.0,City Lights Publishers,238,3.92,total:21668,Charles Bukowski
734,Tales of Ordinary Madness,tt0086410,0.0,0.0,1981.0,tales of ordinary madness,6.6,3184.0,Oni Press,112,2.92,total:13,Malcolm Bourne
735,Revolution #9,tt0253586,0.0,0.0,2002.0,revolution #9,6.7,382.0,Fawcett,302,3.42,total:139,Peter Abrahams
736,The Quiet American,tt0258068,54761057.96285875,50515476.94784469,2002.0,the quiet american,7.0,30780.0,Penguin Classics Deluxe Editions,180,3.97,total:45078,Graham Greene
737,Solaris,tt0307479,85792324.14181204,54766092.32945414,2002.0,solaris,6.2,88427.0,Mariner Books,204,3.98,total:67873,Stanisław Lem
738,Empire,tt0262396,7301474.395047833,33935924.11984243,2002.0,empire,5.9,8121.0,Tor Books,352,3.43,total:9255,Orson Scott Card
739,Empire,tt0262396,7301474.395047833,33935924.11984243,2002.0,empire,5.9,8121.0,Vintage,496,3.85,total:1973,Gore Vidal
740,Medea,tt0066065,0.0,0.0,1969.0,medea,6.9,6001.0,Cambridge University Press,431,3.87,total:52670,Euripides
741,Best Friends,tt0083641,0.0,0.0,1982.0,best friends,5.5,3475.0,"Little, Brown Books for Young Readers",32,4.0,total:12,Loretta Krupinski
742,Best Friends,tt0083641,0.0,0.0,1982.0,best friends,5.5,3475.0,First Avenue Editions (Tm),32,2.78,total:9,Marcia Leonard
743,Cannery Row,tt0083717,0.0,0.0,1982.0,cannery row,6.6,4319.0,Penguin Books,181,4.04,total:108179,John Steinbeck
744,The Children's Hour,tt0054743,0.0,0.0,1961.0,the children's hour,7.8,20062.0,Dell Publishing Company,383,3.56,total:618,Douglas Clegg
745,A Kiss Before Dying,tt0049414,0.0,0.0,1956.0,a kiss before dying,6.7,4842.0,Carroll & Graf Publishers,242,3.94,total:8851,Ira Levin
746,War and Peace,tt0049934,72538501.67722699,151121878.4942229,1956.0,war and peace,6.7,11473.0,Oxford University Press,1392,4.12,total:250130,Leo Tolstoy
747,The Pianist,tt0253474,63887900.95666854,219176711.62822732,2002.0,the pianist,8.5,988772.0,Picador,224,4.24,total:67235,Władysław Szpilman
748,City of God,tt0317248,6023716.375914463,55932524.76848621,2002.0,city of god,8.6,852914.0,Random House Audio,0,3.41,total:2590,E.L. Doctorow
749,Divine Intervention,tt0979876,0.0,0.0,0.0,divine intervention,3.8,59.0,Trafalgar Square Publishing,128,4.0,total:3,Terence Reese
750,Blind Date,tt0086978,0.0,0.0,1984.0,blind date,4.9,2359.0,Grove Press,224,3.69,total:1174,Jerzy Kosiński
751,Ethan Frome,tt0106833,0.0,0.0,1993.0,ethan frome,6.3,2383.0,IndyPublish.com,120,3.39,total:102987,Edith Wharton
752,The Last Unicorn,tt0084237,0.0,22181857.57457627,1982.0,the last unicorn,7.3,32197.0,Ballantine Books,248,4.17,total:92384,Peter S. Beagle
753,Paradise,tt0084469,0.0,19203685.15254237,1982.0,paradise,4.9,3263.0,Plume (Penguin Books Ltd),318,3.8,total:22167,Toni Morrison
754,Paradise,tt0084469,0.0,19203685.15254237,1982.0,paradise,4.9,3263.0,Bloomsbury,249,3.5,total:606,Abdulrazak Gurnah
755,Q,tt0084556,0.0,0.0,1982.0,q,6.0,10533.0,Piper,798,4.17,total:6317,Luther Blissett
756,Q,tt0084556,0.0,0.0,1982.0,q,6.0,10533.0,Mariner Books,768,4.17,total:6331,Luther Blissett
757,Shoot the Moon,tt0084675,0.0,27832423.72881356,1982.0,shoot the moon,6.8,3267.0,St. Martin's Paperbacks,384,4.02,total:94,Joseph T. Klempner
758,White Dog,tt0084899,27488813.559322037,0.0,1982.0,white dog,7.0,11433.0,University Of Chicago Press,290,3.85,total:963,Romain Gary
759,The Road,tt0084934,0.0,0.0,1982.0,the road,7.9,15225.0,Alfred A. Knopf,241,3.97,total:683245,Cormac McCarthy
760,Q & A,tt0100442,0.0,0.0,1990.0,q & a,6.6,7805.0,Scribner,336,3.99,total:29284,Vikas Swarup
761,The Red Badge of Courage,tt0043961,20959949.566587865,0.0,1951.0,the red badge of courage,7.1,5213.0,Atheneum Books,173,3.24,total:86340,Stephen Crane
762,Dark Blue,tt0279331,27380528.981429376,16861787.670005627,2002.0,dark blue,6.6,25300.0,Avatar Press,72,3.26,total:283,Warren Ellis
763,Old School,tt0302886,42633253.01204819,154643863.3320482,2003.0,old school,7.0,253999.0,Bloomsbury,196,3.82,total:10855,Tobias Wolff
764,Spider,tt0278731,0.0,0.0,2002.0,spider,6.7,42845.0,Gallimard Education,227,3.77,total:1801,Patrick McGrath
765,Seize the Day,tt0091920,0.0,0.0,1986.0,seize the day,5.8,1663.0,Penguin Classics,114,3.54,total:9728,Saul Bellow
766,Bringing Down the House,tt0305669,35527710.84337349,235682665.91421688,2003.0,bringing down the house,5.6,40793.0,Arrow,320,3.89,total:22126,Ben Mezrich
767,Prozac Nation,tt0236640,0.0,0.0,2001.0,prozac nation,6.2,19994.0,Riverhead Books,384,3.6,total:53647,Elizabeth Wurtzel
768,The Lost Honor of Katharina Blum,tt0073858,6202065.00956023,0.0,1975.0,the lost honor of katharina blum,7.3,5246.0,Penguin Classics,140,3.69,total:10699,Heinrich Böll
769,Equus,tt0075995,0.0,0.0,1977.0,equus,7.1,9160.0,Longman Schools Division (a Pearson Education Company),144,3.94,total:18121,Peter Shaffer
770,Women in Love,tt0066579,11357422.969187671,0.0,1969.0,women in love,7.1,9612.0,Dover Publications,416,3.67,total:28650,D.H. Lawrence
771,Women in Love,tt0066579,11357422.969187671,0.0,1969.0,women in love,7.1,9612.0,Cambridge University Press,696,3.67,total:28697,D.H. Lawrence
772,Dreamcatcher,tt0285531,120794216.86746988,134499805.8293976,2003.0,dreamcatcher,5.5,99874.0,Albin Michel,688,3.63,total:146595,Stephen King
773,Unknown Pleasures,tt0318025,0.0,0.0,2002.0,unknown pleasures,6.8,2784.0,,117,3.69,total:650,Chris Ott
774,Dreams,tt0100998,0.0,0.0,1990.0,dreams,7.7,31751.0,Puffin Books,40,3.85,total:266,Ezra Jack Keats
775,Holes,tt0311289,35527710.84337349,0.0,2003.0,holes,7.0,107550.0,Yearling Books,233,3.96,total:925322,Louis Sachar
776,Fahrenheit 451,tt0060390,0.0,0.0,1966.0,fahrenheit 451,7.2,46978.0,Blackstone Audiobooks,5,3.99,total:1572872,Ray Bradbury
777,Identity,tt0309698,53291566.26506024,160335734.793253,2003.0,identity,7.3,286129.0,Harper,176,3.68,total:19681,Milan Kundera
778,Spellbound,tt0334405,0.0,0.0,2002.0,spellbound,7.6,12606.0,Penguin Books Ltd,439,3.63,total:24635,Jane Green
779,The Trip,tt0250067,0.0,0.0,2002.0,the trip,7.0,4003.0,HarperTrophy,32,3.79,total:249,Ezra Jack Keats
780,Treasure Island,tt0043067,0.0,0.0,1950.0,treasure island,6.9,10368.0,Kingfisher,311,3.83,total:380722,Robert Louis Stevenson
781,Treasure Island,tt0043067,0.0,0.0,1950.0,treasure island,6.9,10368.0,Running Press Kids,48,3.83,total:381855,Robert Louis Stevenson
782,Come September,tt0054759,0.0,0.0,1961.0,come september,6.9,4428.0,AK Press,1,4.43,total:227,Arundhati Roy
783,King Rat,tt0059358,0.0,0.0,1965.0,king rat,7.5,5434.0,Tor Books,320,3.54,total:8296,China Miéville
784,The Railway Children,tt0066279,0.0,0.0,1970.0,the railway children,7.3,6168.0,"Penguin Books, Limited (UK)",212,4.01,total:49628,E. Nesbit
785,Battle Cry,tt0047860,0.0,0.0,1955.0,battle cry,6.4,2797.0,Avon,694,4.15,total:8969,Leon Uris
786,The Trial,tt0057427,0.0,0.0,1962.0,the trial,7.6,26249.0,Vintage,255,3.97,total:215662,Franz Kafka
787,The Trial,tt0057427,0.0,0.0,1962.0,the trial,7.6,26249.0,Schocken,288,3.97,total:216519,Franz Kafka
788,Eat a Bowl of Tea,tt0097261,0.0,0.0,1989.0,eat a bowl of tea,6.3,866.0,Lyle Stuart,256,3.45,total:203,Louis Chu
789,Shattered,tt0102900,52977698.58945806,27719451.39872309,1991.0,shattered,6.5,12427.0,G.P. Putnam's Sons,256,3.9,total:5043,Dick Francis
790,Where the Heart Is,tt0100924,0.0,0.0,1990.0,where the heart is,5.9,1872.0,Grand Central Publishing,376,4.02,total:231592,Billie Letts
791,I Capture the Castle,tt0300015,0.0,0.0,2003.0,i capture the castle,6.8,8291.0,St. Martin's Paperbacks,346,4.0,total:80236,Dodie Smith
792,Born to Be Wild,tt0113533,0.0,0.0,1995.0,born to be wild,5.2,1797.0,Jove,354,3.78,total:2785,Catherine Coulter
793,I'll Be There,tt0325352,0.0,0.0,2003.0,i'll be there,6.4,2264.0,Jump At The Sun,12,0.0,total:0,Charles R. Smith Jr.
794,Le Divorce,tt0306734,0.0,23078793.85831325,2003.0,le divorce,4.9,12481.0,Plume,320,2.88,total:4299,Diane Johnson
795,The Red Pony,tt0041792,0.0,0.0,1949.0,the red pony,6.3,1301.0,Puffin,95,3.44,total:46193,John Steinbeck
796,The Day of the Dolphin,tt0069946,0.0,0.0,1973.0,the day of the dolphin,6.0,3818.0,Fawcett,318,3.85,total:844,Robert Merle
797,The Rachel Papers,tt0098160,0.0,0.0,1989.0,the rachel papers,5.9,2362.0,Vintage,240,3.59,total:9129,Martin Amis
798,The Rachel Papers,tt0098160,0.0,0.0,1989.0,the rachel papers,5.9,2362.0,Alfred A. Knopf,227,3.59,total:9143,Martin Amis
799,The Business of Fancydancing,tt0303313,365073.7197523917,0.0,2002.0,the business of fancydancing,6.6,561.0,Hanging Loose Press,84,4.18,total:1949,Sherman Alexie
800,The Keep,tt0085780,19879550.561797757,12132347.237752808,1983.0,the keep,5.7,16511.0,Knopf,240,3.45,total:12906,Jennifer Egan
801,The Red Shoes,tt0040725,6848986.486486487,0.0,1948.0,the red shoes,8.1,42376.0,Harper Perennial,359,3.91,total:54,Rosemary Sullivan
802,Dracula,tt0079073,0.0,0.0,1979.0,dracula,6.5,12215.0,Back Bay Books,448,3.99,total:885289,Bram Stoker
803,Dracula,tt0079073,0.0,0.0,1979.0,dracula,6.5,12215.0,Palgrave MacMillan,622,3.99,total:888022,Bram Stoker
804,War and Peace,tt0311356,0.0,0.0,2002.0,war and peace,8.1,158.0,Oxford University Press,1392,4.12,total:250130,Leo Tolstoy
805,The Handmaid's Tale,tt0099731,0.0,0.0,1990.0,the handmaid's tale,6.0,11974.0,Everyman's Library,350,4.11,total:1342979,Margaret Atwood
806,Earth,tt0150433,0.0,1059145.6154074073,1998.0,earth,7.6,8370.0,Spectra,704,3.92,total:6808,David Brin
807,Death in Venice,tt0067445,0.0,0.0,1971.0,death in venice,7.3,24400.0,Bedford/St. Martin's,295,3.73,total:34485,Thomas Mann
808,Dust,tt0243232,0.0,0.0,2001.0,dust,6.3,2504.0,Laurel Leaf,192,3.53,total:1426,Arthur Slade
809,Taking Sides,tt0260414,0.0,0.0,2001.0,taking sides,7.0,4131.0,HMH Books for Young Readers,176,3.37,total:857,Gary Soto
810,Children Of The Night,tt0103957,0.0,0.0,1991.0,children of the night,4.7,1407.0,Warner Books,464,3.71,total:6581,Dan Simmons
811,Daisy Miller,tt0071385,13861880.341880342,0.0,1974.0,daisy miller,6.2,2225.0,Wildside Press,164,3.37,total:26130,Henry James
812,The Ugly American,tt0056632,0.0,0.0,1963.0,the ugly american,6.6,2690.0,W. W. Norton  Company,288,4.01,total:3718,William J. Lederer
813,The Bostonians,tt0086992,0.0,0.0,1984.0,the bostonians,6.2,2701.0,Oxford University Press,504,3.59,total:6235,Henry James
814,See No Evil,tt0067727,0.0,0.0,1971.0,see no evil,6.6,4641.0,Random House Audio,0,3.93,total:4544,Robert B. Baer
815,See No Evil,tt0067727,0.0,0.0,1971.0,see no evil,6.6,4641.0,Love Inspired Suspense,250,4.03,total:58,Gayle Roper
816,Once Bitten,tt0089730,9820034.058656575,30687606.433301795,1985.0,once bitten,5.6,18916.0,Xlibris Corporation,268,4.33,total:15,Adrian Hunter
817,The Adventures of Huckleberry Finn,tt0053571,0.0,0.0,1960.0,the adventures of huckleberry finn,6.2,1688.0,Penguin Classics,327,3.82,total:1117780,Mark Twain
818,The Prince and the Pauper,tt0029440,0.0,0.0,1937.0,the prince and the pauper,7.2,3109.0,Digital Scanning,420,3.85,total:104296,Mark Twain
819,Underworld,tt0320691,39080481.927710846,170015119.2780723,2003.0,underworld,7.0,297277.0,Scribner,827,3.92,total:25858,Don DeLillo
820,A Brief History of Time,tt0103882,0.0,0.0,1991.0,a brief history of time,7.3,6131.0,Bantam Books,212,4.17,total:276259,Stephen Hawking
821,Kiss of the Spider Woman,tt0089424,0.0,0.0,1985.0,kiss of the spider woman,7.3,18803.0,Vintage,281,3.98,total:12137,Manuel Puig
822,All the President's Men,tt0074119,49410896.05734767,410401089.6057348,1976.0,all the president's men,7.9,134914.0,Pocket Books,480,4.19,total:44752,Carl Bernstein
823,Avalon,tt0267287,14777585.4214123,16303544.752801822,2001.0,avalon,6.4,14002.0,Chicago Review Press,440,3.86,total:3511,Anya Seton
824,The Meaning of Life,tt0085959,0.0,0.0,1983.0,the meaning of life,7.5,128765.0,"Oxford University Press, USA",187,3.5,total:1581,Terry Eagleton
825,Ruby,tt0105291,0.0,0.0,1992.0,ruby,5.5,1746.0,Harper Perennial,224,3.69,total:1682,Francesca Lia Block
826,The Debut,tt0163745,1915936.207914944,0.0,2000.0,the debut,6.4,721.0,Vintage,192,3.66,total:1145,Anita Brookner
827,Eureka,tt0083906,0.0,409425.9703370786,1983.0,eureka,5.9,4355.0,University of Illinois Press,232,3.72,total:484,Edgar Allan Poe
828,Tough Guys Don't Dance,tt0094169,14558707.360861758,2499002.1184919206,1987.0,tough guys don't dance,5.0,2102.0,Random House,240,3.5,total:2631,Norman Mailer
829,Leap of Faith,tt0104695,0.0,0.0,1992.0,leap of faith,6.2,15610.0,Corgi,256,3.71,total:5157,Danielle Steel
830,In Cold Blood,tt0061809,34507234.042553194,128244173.33641335,1967.0,in cold blood,7.9,31208.0,Random House Audio,15,4.07,total:498212,Truman Capote
831,Out of Time,tt0313443,88819277.10843374,98581515.76771083,2003.0,out of time,6.5,70155.0,Tor Teen,128,2.9,total:184,John Marsden
832,Out of Time,tt0313443,88819277.10843374,98581515.76771083,2003.0,out of time,6.5,70155.0,Pan Australia,144,2.9,total:184,John Marsden
833,Mystic River,tt0327056,44409638.55421687,278576369.02168673,2003.0,mystic river,7.9,512875.0,William Morrow Paperbacks,416,4.18,total:118023,Dennis Lehane
834,Sylvia,tt0325055,12434698.795180723,17763855.421686746,2003.0,sylvia,6.3,11533.0,"Farrar, Straus and Giroux",129,3.85,total:1244,Leonard Michaels
835,In the Cut,tt0199626,21316626.506024096,40.85686746987952,2003.0,in the cut,5.4,27493.0,Plume,180,3.23,total:2215,Susanna Moore
836,Black Sunday,tt0075765,0.0,0.0,1977.0,black sunday,6.8,9666.0,Random House Audio,0,3.6,total:7873,Thomas  Harris
837,The Eye,tt0325655,0.0,0.0,2002.0,the eye,6.6,30808.0,Vintage,104,3.68,total:4090,Vladimir Nabokov
838,The Cat in the Hat,tt0312528,0.0,0.0,2003.0,the cat in the hat,4.2,92556.0,Random House Books for Young Readers,61,4.17,total:398469,Dr. Seuss
839,Jane Eyre,tt0036969,0.0,0.0,1943.0,jane eyre,7.4,10109.0,Penguin,532,4.12,total:1548529,Charlotte Brontë
840,Jane Eyre,tt0036969,0.0,0.0,1943.0,jane eyre,7.4,10109.0,Signet Classics,462,4.12,total:1553077,Charlotte Brontë
841,Jane Eyre,tt0036969,0.0,0.0,1943.0,jane eyre,7.4,10109.0,Turtleback Books,461,4.12,total:1553399,Charlotte Brontë
842,A Tale of Two Cities,tt0027075,0.0,0.0,1935.0,a tale of two cities,7.8,6746.0,Simon  Schuster,496,3.84,total:781949,Charles Dickens
843,A Tale of Two Cities,tt0027075,0.0,0.0,1935.0,a tale of two cities,7.8,6746.0,In Audio,12,3.84,total:782355,Charles Dickens
844,Kafka,tt0102181,26488849.29472903,0.0,1991.0,kafka,6.8,11019.0,,176,4.03,total:2891,David Zane Mairowitz
845,The Lover,tt0101316,0.0,0.0,1992.0,the lover,6.8,24854.0,Pantheon Books,117,3.74,total:33882,Marguerite Duras
846,Presumed Innocent,tt0100404,55969380.39215686,563009195.9622275,1990.0,presumed innocent,6.9,51477.0,Twtp Assorted,431,4.1,total:103214,Scott Turow
847,Proof,tt0102721,0.0,1263441.052887899,1991.0,proof,7.2,7449.0,G.P. Putnam's Sons,368,4.05,total:6245,Dick Francis
848,Proof,tt0102721,0.0,1263441.052887899,1991.0,proof,7.2,7449.0,G.P. Putnam's Sons,334,4.05,total:6258,Dick Francis
849,Battle Royale,tt0266308,8621712.935617248,47898405.19787359,2000.0,battle royale,7.5,203916.0,"VIZ, LLC",617,4.23,total:51405,Koushun Takami
850,Revenge,tt0100485,0.0,39803428.7897098,1990.0,revenge,6.2,22367.0,St. Martin's Press,240,3.5700000000000003,total:70,Mary Morris
851,Wild at Heart,tt0100935,24168596.07843137,37042181.95212549,1990.0,wild at heart,7.2,110121.0,Grove Press,160,3.79,total:1138,Barry Gifford
852,Little Women,tt0041594,0.0,0.0,1949.0,little women,7.2,8739.0,Signet Classics,449,4.08,total:1595807,Louisa May Alcott
853,Little Women,tt0041594,0.0,0.0,1949.0,little women,7.2,8739.0,Barnes  Noble Classics,489,4.08,total:1601291,Louisa May Alcott
854,A Midsummer Night's Dream,tt0026714,0.0,0.0,1935.0,a midsummer night's dream,6.8,4128.0,Signet Book,162,3.94,total:428449,William Shakespeare
855,Beauty and the Beast,tt0038348,0.0,0.0,1946.0,beauty and the beast,7.9,29469.0,Seastar Books,48,4.34,total:5862,Marianna Mayer
856,The Tragedy of Macbeth,tt0067372,0.0,0.0,1971.0,the tragedy of macbeth,7.4,15789.0,Echo Library,172,3.9,total:641709,William Shakespeare
857,Red River,tt0040724,41093918.91891892,123446132.43243244,1948.0,red river,7.7,37056.0,Grand Central Publishing,420,3.85,total:2905,Lalita Tademy
858,A Shot in the Dark,tt0058586,0.0,129665783.0029735,1964.0,a shot in the dark,7.3,33339.0,Hesperus Press,94,3.72,total:46,Saki
859,The Navigator,tt0015163,0.0,0.0,1924.0,the navigator,7.5,11851.0,Mandarin,304,3.81,total:387,Morris L. West
860,The Hunchback of Notre Dame,tt0031455,0.0,0.0,1939.0,the hunchback of notre dame,7.8,13056.0,Tantor Audio,0,4.0,total:162555,Victor Hugo
861,"Play It Again, Sam",tt0069097,0.0,0.0,1972.0,"play it again, sam",7.6,29253.0,Random House (NY),88,3.87,total:753,Woody Allen
862,Pygmalion,tt0030637,0.0,0.0,1938.0,pygmalion,7.7,10297.0,Dover Publications,82,3.9,total:85519,George Bernard Shaw
863,A Passage to India,tt0087892,25415710.088148877,86374188.32814887,1984.0,a passage to india,7.3,22650.0,Penguin Books,376,3.68,total:64627,E.M. Forster
864,Anna Karenina,tt0026071,0.0,0.0,1935.0,anna karenina,7.0,6124.0,Penguin Classics,838,4.05,total:631550,Leo Tolstoy
865,Accident,tt0061328,5915525.835866261,0.0,1967.0,accident,6.8,5316.0,Dell,464,3.96,total:12739,Danielle Steel
866,The Collector,tt0059043,0.0,0.0,1965.0,the collector,7.5,12928.0,Back Bay Books,305,3.98,total:52004,John Fowles
867,Naked Lunch,tt0102511,38529235.33778768,0.0,1991.0,naked lunch,6.9,59986.0,Grove Press,289,3.46,total:74999,William S. Burroughs
868,Run,tt0102818,38529235.33778768,10618002.262093542,1991.0,run,6.2,3382.0,HarperLuxe,416,3.5700000000000003,total:37832,Ann Patchett
869,A Summer Place,tt0053320,0.0,0.0,1959.0,a summer place,6.9,4199.0,Harlequin Superromance,304,3.81,total:47,Laura Abbot
870,Shoot the Piano Player,tt0054389,0.0,0.0,1960.0,shoot the piano player,7.4,21613.0,Vintage Crime/Black Lizard,158,4.02,total:3042,David Goodis
871,In America,tt0298845,0.0,0.0,2003.0,in america,7.6,45191.0,St. Martins Press-3PL,398,3.31,total:1776,Susan Sontag
872,Girl with a Pearl Earring,tt0335119,0.0,55897149.03807229,2003.0,girl with a pearl earring,6.9,84940.0,Plume Books,233,3.88,total:602181,Tracy Chevalier
873,House of Sand and Fog,tt0315983,29310361.44578313,30096936.081927717,2003.0,house of sand and fog,7.5,75079.0,Vintage,368,3.85,total:119928,Andre Dubus III
874,Monster,tt0340855,14211084.337349398,107255643.67421688,2003.0,monster,7.3,170475.0,Amistad,281,3.72,total:58109,Walter Dean Myers
875,Cheaper by the Dozen,tt0349205,71055421.68674698,337890047.47855425,2003.0,cheaper by the dozen,5.9,114177.0,Harper,224,4.02,total:35735,Frank B. Gilbreth Jr.
876,Cold Mountain,tt0159365,140334457.8313253,307338695.9874699,2003.0,cold mountain,7.2,162377.0,Grove Press,356,3.86,total:215220,Charles Frazier
877,Peter Pan,tt0316396,177638554.21686748,216674646.04626507,2003.0,peter pan,6.8,83767.0,Henry Holt and Co.,176,4.07,total:255182,J.M. Barrie
878,The Great Gatsby,tt0071577,45051111.11111111,183900021.74358976,1974.0,the great gatsby,6.4,28446.0,Wordsworth Editions Ltd,122,3.92,total:3577073,F. Scott Fitzgerald
879,The Great Gatsby,tt0071577,45051111.11111111,183900021.74358976,1974.0,the great gatsby,6.4,28446.0,Cambridge University Press,276,3.92,total:3589597,F. Scott Fitzgerald
880,Wuthering Heights,tt0104181,0.0,0.0,1992.0,wuthering heights,6.6,15145.0,Running Press Book Publishers,248,3.85,total:1270598,Emily Brontë
881,Wuthering Heights,tt0104181,0.0,0.0,1992.0,wuthering heights,6.6,15145.0,Penguin Books,335,3.85,total:1275195,Emily Brontë
882,Ship of Fools,tt0059712,0.0,0.0,1965.0,ship of fools,7.0,7552.0,Ace,370,3.74,total:2834,Richard Paul Russo
883,Jane Eyre,tt0065911,0.0,0.0,1971.0,jane eyre,6.4,1295.0,Penguin,532,4.12,total:1548529,Charlotte Brontë
884,Jane Eyre,tt0065911,0.0,0.0,1971.0,jane eyre,6.4,1295.0,Signet Classics,462,4.12,total:1553077,Charlotte Brontë
885,Jane Eyre,tt0065911,0.0,0.0,1971.0,jane eyre,6.4,1295.0,Turtleback Books,461,4.12,total:1553399,Charlotte Brontë
886,Bonjour Tristesse,tt0051429,0.0,0.0,1958.0,bonjour tristesse,6.8,6144.0,Pocket,154,3.64,total:25560,Françoise Sagan
887,Ransom,tt0073796,0.0,0.0,1975.0,ransom,5.6,2665.0,Laurel Leaf,176,3.67,total:3678,Lois Duncan
888,Dr. Jekyll and Mr. Hyde,tt0033553,0.0,0.0,1941.0,dr. jekyll and mr. hyde,6.8,10597.0,Bantam Classics,98,3.81,total:358754,Robert Louis Stevenson
889,The Ox-Bow Incident,tt0036244,0.0,0.0,1943.0,the ox-bow incident,8.0,26565.0,Modern Library,247,3.83,total:4878,Walter Van Tilburg Clark
890,Money for Nothing,tt0107594,24986330.532212883,2373301.619271708,1993.0,money for nothing,5.7,4647.0,Penguin Books,240,3.94,total:1013,P.G. Wodehouse
891,Heat and Dust,tt0084058,0.0,0.0,1983.0,heat and dust,6.5,2316.0,Counterpoint,190,3.55,total:7021,Ruth Prawer Jhabvala
892,Mesmerized,tt0091513,15343803.216650898,0.0,1985.0,mesmerized,4.7,1111.0,Pocket Star Books,576,3.85,total:194,Gayle Lynds
893,The Perfect Score,tt0314498,0.0,0.0,2004.0,the perfect score,5.7,27004.0,Simon Spotlight Entertainment,192,3.56,total:71,David Levithan
894,Miracle,tt0349825,48750960.815888345,112206792.33786364,2004.0,miracle,7.5,62256.0,Dell,225,3.74,total:4840,Danielle Steel
895,The Innocent,tt0106185,0.0,0.0,1993.0,the innocent,5.6,1791.0,Dutton,503,3.96,total:26532,Harlan Coben
896,The Sailor Who Fell from Grace with the Sea,tt0075161,0.0,0.0,1976.0,the sailor who fell from grace with the sea,6.2,1806.0,Berkley Publishing Group,144,3.89,total:17945,Yukio Mishima
897,The Diary of Anne Frank,tt0052738,33543743.53671148,0.0,1959.0,the diary of anne frank,7.4,14339.0,Dramatists Play Service,70,4.06,total:7401,Frances Goodrich
898,Richard III,tt0049674,0.0,0.0,1955.0,richard iii,7.3,5718.0,"Oxford University Press, USA",414,3.93,total:41998,William Shakespeare
899,The Chase,tt0060232,0.0,0.0,1966.0,the chase,7.1,14890.0,University of Minnesota Press,121,3.6,total:258,Alejo Carpentier
900,Spartan,tt0360009,33516285.56092324,14125089.457949542,2004.0,spartan,6.5,34112.0,Atria Books (NYC),320,3.68,total:4470,Valerio Massimo Manfredi
901,Broken Wings,tt0317842,0.0,0.0,2002.0,broken wings,7.3,2595.0,Pocket Books,377,3.63,total:227,John E. Douglas
902,Games People Play,tt0371683,0.0,0.0,2004.0,games people play,4.5,212.0,Ballantine Books,216,3.81,total:25737,Eric Berne
903,The Wind in the Willows,tt0118172,25.16106011635424,2.0967550096961864,1996.0,the wind in the willows,6.3,3597.0,Penguin Books,197,3.99,total:169596,Kenneth Grahame
904,The Wind in the Willows,tt0118172,25.16106011635424,2.0967550096961864,1996.0,the wind in the willows,6.3,3597.0,Yearling,244,3.99,total:169941,Kenneth Grahame
905,Never Die Alone,tt0354766,5223317.230273752,10312569.31830381,2004.0,never die alone,5.6,6317.0,Holloway House Publishing Company,224,4.29,total:773,Donald Goines
906,The Alamo,tt0318974,252460332.79656464,44955282.39209876,2004.0,the alamo,6.1,23328.0,Hyperion,384,3.49,total:108,Frank T. Thompson
907,Cheaper by the Dozen,tt0042327,0.0,0.0,1950.0,cheaper by the dozen,7.0,5962.0,Harper,224,4.02,total:35735,Frank B. Gilbreth Jr.
908,Envy,tt0326856,69644229.73698336,0.0,2004.0,envy,4.8,33219.0,NYRB Classics,152,3.75,total:2928,Yury Olesha
909,Troy,tt0332452,304693505.0993022,866043150.1531723,2004.0,troy,7.3,603970.0,Scholastic Point,368,3.69,total:4162,Adèle Geras
910,Under Fire,tt0086510,0.0,0.0,1983.0,under fire,7.0,9448.0,Penguin Classics,352,3.83,total:1406,Henri Barbusse
911,Mercy,tt0188055,0.0,0.0,2000.0,mercy,5.3,2527.0,Washington Square Press,400,3.58,total:46658,Jodi Picoult
912,The Passion of Ayn Rand,tt0140447,0.0,0.0,1999.0,the passion of ayn rand,5.8,1702.0,Anchor,464,3.75,total:1729,Barbara Branden
913,The Discovery of Heaven,tt0251052,0.0,0.0,2001.0,the discovery of heaven,6.7,3921.0,Penguin Books,730,4.17,total:11430,Harry Mulisch
914,Chance,tt0282410,136902.64490714687,0.0,2002.0,chance,6.8,1288.0,Penguin Books,400,3.59,total:593,Joseph Conrad
915,Midnight,tt0031647,0.0,0.0,1939.0,midnight,7.8,6277.0,Random House Value Publishing,0,3.83,total:23583,Dean Koontz
916,Pride and Prejudice,tt0032943,0.0,0.0,1940.0,pride and prejudice,7.3,9849.0,Modern Library,279,4.26,total:2821508,Jane Austen
917,The Man in the Gray Flannel Suit,tt0049474,0.0,0.0,1956.0,the man in the gray flannel suit,7.1,4380.0,Amereon Limited,304,3.83,total:2636,Sloan Wilson
918,The Man in the Gray Flannel Suit,tt0049474,0.0,0.0,1956.0,the man in the gray flannel suit,7.1,4380.0,Da Capo Press,288,3.83,total:2641,Sloan Wilson
919,The Fountainhead,tt0041386,0.0,0.0,1949.0,the fountainhead,7.0,11559.0,Dutton,752,3.87,total:288859,Ayn Rand
920,Monster in a Box,tt0102467,0.0,729992.1775849601,1992.0,monster in a box,7.5,905.0,Vintage,96,4.03,total:566,Spalding Gray
921,Midnight,tt0166707,0.0,0.0,1998.0,midnight,6.8,820.0,Random House Value Publishing,0,3.83,total:23583,Dean Koontz
922,School Ties,tt0105327,0.0,34512630.89411424,1992.0,school ties,6.9,28846.0,Penguin Books,144,3.65,total:68,William  Boyd
923,The Canterville Ghost,tt0036696,0.0,0.0,1944.0,the canterville ghost,6.9,3542.0,Wildside Press,52,3.89,total:40816,Oscar Wilde
924,Good Guys Wear Black,tt0079227,5173333.333333333,94672000.0,1978.0,good guys wear black,5.1,4123.0,Random House Value Publishing,0,3.0,total:1,John MacDougall Murray
925,The Postman Always Rings Twice,tt0038854,0.0,0.0,1946.0,the postman always rings twice,7.4,24288.0,Orion,116,3.8,total:29488,James M. Cain
926,Tuesdays with Morrie,tt0207805,0.0,0.0,1999.0,tuesdays with morrie,7.4,5109.0,Anchor Books,192,4.11,total:742356,Mitch Albom
927,Tinker Tailor Soldier Spy,tt0080297,0.0,0.0,1979.0,tinker tailor soldier spy,8.4,10405.0,Pan Macmillan,317,4.05,total:65942,John le Carré
928,Treasure Island,tt0100813,0.0,0.0,1990.0,treasure island,7.0,6511.0,Kingfisher,311,3.83,total:380722,Robert Louis Stevenson
929,Treasure Island,tt0100813,0.0,0.0,1990.0,treasure island,7.0,6511.0,Running Press Kids,48,3.83,total:381855,Robert Louis Stevenson
930,Twister,tt0096321,0.0,0.0,1989.0,twister,5.2,2483.0,Ballantine Books,182,3.63,total:1723,Michael Crichton
931,The Parallax View,tt0071970,0.0,0.0,1974.0,the parallax view,7.1,24016.0,MIT Press (MA),433,4.0,total:1137,Slavoj Žižek
932,Second Skin,tt0232611,0.0,0.0,1999.0,second skin,6.3,1826.0,New Directions,210,3.85,total:392,John Hawkes
933,Victory,tt0114846,0.0,0.0,1996.0,victory,6.2,562.0,Margaret K. McElderry Books,196,3.5700000000000003,total:610,Susan Cooper
934,The Valachi Papers,tt0068341,0.0,0.0,1972.0,the valachi papers,6.4,4922.0,Harper Perennial,304,3.88,total:1162,Peter Maas
935,Shame,tt0063611,0.0,0.0,1968.0,shame,8.0,16061.0,Vintage,287,3.82,total:10791,Salman Rushdie
936,Under the Volcano,tt0088322,0.0,0.0,1984.0,under the volcano,6.8,6704.0,Harper Perennial,397,3.79,total:21176,Malcolm Lowry
937,Wise Blood,tt0080140,0.0,0.0,1979.0,wise blood,6.9,6890.0,Farrar Straus & Giroux,256,3.86,total:25377,Flannery O'Connor
938,The Trip,tt0062395,0.0,0.0,1967.0,the trip,6.1,5758.0,HarperTrophy,32,3.79,total:249,Ezra Jack Keats
939,Cockfighter,tt0071338,0.0,0.0,1974.0,cockfighter,6.9,2815.0,Blackmask.com,200,4.11,total:1200,Charles Willeford
940,Marjorie Morningstar,tt0051911,0.0,0.0,1958.0,marjorie morningstar,6.2,1370.0,Back Bay Books,565,3.98,total:7252,Herman Wouk
941,The Power of One,tt0105159,0.0,0.0,1992.0,the power of one,7.1,11272.0,Laurel Leaf,384,4.35,total:74493,Bryce Courtenay
942,The Phantom Tollbooth,tt0064806,0.0,0.0,1970.0,the phantom tollbooth,6.7,3776.0,Random House Books for Young Readers,256,4.21,total:227037,Norton Juster
943,Dark Water,tt0308379,0.0,0.0,2002.0,dark water,6.7,36893.0,Vertical,279,3.61,total:3057,Kōji Suzuki
944,The Thief,tt0124207,0.0,0.0,1997.0,the thief,7.6,5881.0,Arrow,86,3.19,total:375,Ruth Rendell
945,Paradise,tt0102631,81874625.09279883,44873659.09891611,1991.0,paradise,6.6,3369.0,Plume (Penguin Books Ltd),318,3.8,total:22167,Toni Morrison
946,Paradise,tt0102631,81874625.09279883,44873659.09891611,1991.0,paradise,6.6,3369.0,Bloomsbury,249,3.5,total:606,Abdulrazak Gurnah
947,Frankenstein Unbound,tt0099612,0.0,0.0,1990.0,frankenstein unbound,5.4,4429.0,House of Stratus,188,3.27,total:616,Brian W. Aldiss
948,Crossroads,tt0090888,0.0,16938420.22143767,1986.0,crossroads,7.1,18999.0,Catbird Press,224,3.83,total:76,Karel Čapek
949,The Inheritance,tt0328844,0.0,0.0,2003.0,the inheritance,7.2,5009.0,Penguin Books,177,3.64,total:4962,Louisa May Alcott
950,Sodom and Gomorrah,tt0056504,0.0,0.0,1962.0,sodom and gomorrah,5.7,2397.0,Viking Adult,576,4.36,total:5285,Marcel Proust
951,Lust for Life,tt0049456,0.0,0.0,1956.0,lust for life,7.3,13040.0,Arrow,431,4.25,total:20064,Irving Stone
952,Educating Rita,tt0085478,0.0,0.0,1983.0,educating rita,7.2,15580.0,Bloomsbury Methuen Drama,96,3.65,total:3175,Willy Russell
953,Anne of the Thousand Days,tt0064030,0.0,0.0,1969.0,anne of the thousand days,7.4,8598.0,Dramatists Play Service,75,3.87,total:104,Maxwell Anderson
954,Hiroshima Mon Amour,tt0052893,0.0,0.0,1959.0,hiroshima mon amour,7.8,38620.0,Planeta,160,3.9,total:3841,Marguerite Duras
955,The Day of the Jackal,tt0069947,0.0,0.0,1973.0,the day of the jackal,7.8,51486.0,Im Press,400,4.26,total:110019,Frederick Forsyth
956,The Razor's Edge,tt0038873,0.0,0.0,1946.0,the razor's edge,7.3,7241.0,Vintage International,314,4.19,total:35018,W. Somerset Maugham
957,The Razor's Edge,tt0038873,0.0,0.0,1946.0,the razor's edge,7.3,7241.0,William Heinemann Ltd,304,4.19,total:35112,W. Somerset Maugham
958,The Maltese Falcon,tt0022111,0.0,0.0,1931.0,the maltese falcon,6.8,3525.0,Orion,213,3.91,total:82075,Dashiell Hammett
959,Ten Little Indians,tt0061075,0.0,0.0,1965.0,ten little indians,6.6,5826.0,Vintage,256,4.07,total:6277,Sherman Alexie
960,The Idiot,tt0043614,0.0,0.0,1951.0,the idiot,7.1,6086.0,Modern Library,667,4.19,total:122060,Fyodor Dostoyevsky
961,Oliver Twist,tt0040662,0.0,0.0,1948.0,oliver twist,7.8,14622.0,Signet,512,3.87,total:304540,Charles Dickens
962,The Day After Tomorrow,tt0319262,217638217.928073,947635805.109694,2004.0,the day after tomorrow,6.5,503929.0,Signet Books (NY),144,3.66,total:4791,Robert A. Heinlein
963,The Mother,tt0323298,4440963.855421687,1886970.8713253008,2003.0,the mother,6.7,4873.0,Moyer Bell and its subsidiaries,304,4.04,total:3279,Pearl S. Buck
964,The Chronicles of Riddick,tt0296572,182816103.0595813,201572570.35826084,2004.0,the chronicles of riddick,6.6,249587.0,Del Rey Books,342,3.95,total:1479,Alan Dean Foster
965,The Stepford Wives,tt0327162,156699516.90821254,177592785.82930756,2004.0,the stepford wives,5.4,72796.0,Perennial,144,3.76,total:27639,Ira Levin
966,The Adventures of Sherlock Holmes,tt0031022,0.0,0.0,1939.0,the adventures of sherlock holmes,7.2,7991.0,Oxford University Press,389,4.31,total:229855,Arthur Conan Doyle
967,The Hound of the Baskervilles,tt0031448,0.0,0.0,1939.0,the hound of the baskervilles,7.4,12582.0,IndyPublish.com,176,4.11,total:234084,Arthur Conan Doyle
968,True Love,tt0098528,0.0,0.0,1989.0,true love,6.0,981.0,HarperTorch,272,3.99,total:1310,Robert Fulghum
969,Dragon Seed,tt0036777,0.0,0.0,1944.0,dragon seed,5.9,1406.0,Moyer Bell and its subsidiaries,384,4.08,total:2418,Pearl S. Buck
970,The Picture of Dorian Gray,tt0037988,0.0,0.0,1945.0,the picture of dorian gray,7.5,15700.0,Random House: Modern Library,272,4.08,total:901683,Oscar Wilde
971,The Picture of Dorian Gray,tt0037988,0.0,0.0,1945.0,the picture of dorian gray,7.5,15700.0,"Recorded Books, Inc.",10,4.08,total:905405,Oscar Wilde
972,The Picture of Dorian Gray,tt0037988,0.0,0.0,1945.0,the picture of dorian gray,7.5,15700.0,Penguin,48,4.08,total:905601,Oscar Wilde
973,Siddhartha,tt0070689,0.0,0.0,1972.0,siddhartha,6.6,1347.0,Kessinger Publishing,96,4.02,total:547100,Hermann Hesse
974,Siddhartha,tt0070689,0.0,0.0,1972.0,siddhartha,6.6,1347.0,Shambhala,144,4.02,total:549169,Hermann Hesse
975,Ivanhoe,tt0044760,0.0,0.0,1952.0,ivanhoe,6.7,11008.0,Penguin Books /Penguin Classics,541,3.75,total:81934,Walter Scott
976,Ivanhoe,tt0044760,0.0,0.0,1952.0,ivanhoe,6.7,11008.0,Norilana Books,556,3.75,total:82057,Walter Scott
977,Freaks,tt0022913,0.0,0.0,1932.0,freaks,7.8,53831.0,Juno Books,124,4.01,total:291,Daniel P. Mannix
978,Deep Cover,tt0104073,0.0,0.0,1992.0,deep cover,7.0,16049.0,Zebra,380,3.75,total:4,Laurien Berenson
979,Dr. Jekyll and Mr. Hyde,tt0022835,0.0,0.0,1931.0,dr. jekyll and mr. hyde,7.6,17323.0,Bantam Classics,98,3.81,total:358754,Robert Louis Stevenson
980,Around the World in 80 Days,tt0327437,191521631.77670425,125671088.63853996,2004.0,around the world in 80 days,5.9,98494.0,Listening Library,280,3.93,total:175382,Jules Verne
981,Around the World in 80 Days,tt0327437,191521631.77670425,125671088.63853996,2004.0,around the world in 80 days,5.9,98494.0,Spotlight,236,3.98,total:5370,Marian Leighton
982,The Notebook,tt0332280,50492066.55931293,201277445.9703274,2004.0,the notebook,7.8,670484.0,Grand Central Publishing,254,4.1,total:1270826,Nicholas Sparks
983,Shadows,tt0053270,0.0,0.0,1959.0,shadows,7.2,13336.0,Bantam,393,3.93,total:11254,John Saul
984,Coming Out,tt0097095,0.0,0.0,1989.0,coming out,7.0,2032.0,Delacorte Press,210,3.51,total:5465,Danielle Steel
985,BUtterfield 8,tt0053622,0.0,0.0,1960.0,butterfield 8,6.3,7831.0,Modern Library,256,3.58,total:2133,John O'Hara
986,The Same River Twice,tt0342956,0.0,0.0,2003.0,the same river twice,7.0,306.0,Washington Square Press,304,3.81,total:497,Alice Walker
987,Hard Times,tt0073092,16745575.525812622,31010325.047801152,1975.0,hard times,7.2,13269.0,Barnes  Noble Classics,368,3.52,total:51756,Charles Dickens
988,Long Day's Journey Into Night,tt0056196,0.0,0.0,1962.0,long day's journey into night,7.5,6315.0,Yale University Press,179,4.07,total:34213,Eugene O'Neill
989,Joan of Arc,tt0040491,0.0,0.0,1948.0,joan of arc,6.4,4115.0,Viking Adult,208,3.47,total:464,Mary Gordon
990,Joan of Arc,tt0040491,0.0,0.0,1948.0,joan of arc,6.4,4115.0,HarperCollins,48,4.07,total:763,Diane Stanley
991,A Home at the End of the World,tt0359423,11317187.332259797,2696894.4468062264,2004.0,a home at the end of the world,6.6,14253.0,Picador,342,3.91,total:17400,Michael Cunningham
992,The Hunters,tt0051750,0.0,0.0,1958.0,the hunters,6.4,1776.0,Picador,200,3.42,total:513,Claire Messud
993,Slaughterhouse-Five,tt0069280,25193631.067961164,0.0,1972.0,slaughterhouse-five,6.8,14525.0,Dial Press,275,4.08,total:1082102,Kurt Vonnegut Jr.
994,The Comfort of Strangers,tt0099292,0.0,3165783.342807843,1990.0,the comfort of strangers,6.3,7034.0,Anchor,128,3.41,total:14209,Ian McEwan
995,Grief,tt0107045,0.0,0.0,1993.0,grief,5.7,378.0,Discovery House Publishers,45,4.0,total:10,Haddon W. Robinson
996,The Leopard,tt0057091,0.0,0.0,1963.0,the leopard,7.9,33767.0,Harvill Press,212,4.01,total:21914,Giuseppe Tomasi di Lampedusa
997,"Goodbye, Columbus",tt0064381,0.0,0.0,1969.0,"goodbye, columbus",6.4,2472.0,Modern Library,298,3.86,total:16155,Philip Roth
998,The Lower Depths,tt0050330,0.0,0.0,1957.0,the lower depths,7.2,6331.0,Dover Publications,80,3.76,total:2644,Maxim Gorky
999,The Set-Up,tt0041859,0.0,0.0,1949.0,the set-up,7.8,10865.0,St. Martin's Paperbacks,432,3.67,total:126,Paul Emil Erdman
1000,The Prime of Miss Jean Brodie,tt0064840,0.0,0.0,1969.0,the prime of miss jean brodie,7.6,11005.0,Penguin,128,3.74,total:40712,Muriel Spark
1001,Criss Cross,tt0041268,0.0,0.0,1949.0,criss cross,7.4,10374.0,Greenwillow Books,337,3.34,total:8324,Lynne Rae Perkins
1002,The Spy Who Came in from the Cold,tt0059749,0.0,0.0,1965.0,the spy who came in from the cold,7.5,20226.0,Scribner,224,4.07,total:68621,John le Carré
1003,The Manchurian Candidate,tt0368008,139288459.47396672,167330645.89775628,2004.0,the manchurian candidate,6.6,121734.0,British Film Institute,96,3.59,total:61,Greil Marcus
1004,The Village,tt0368447,104466344.60547502,446937526.394847,2004.0,the village,6.6,293164.0,Back Bay Books,238,2.47,total:107,David Mamet
1005,Garden State,tt0333766,4352764.35856146,46629811.73410627,2004.0,garden state,7.4,227628.0,"London : Faber, 2002",212,3.06,total:848,Rick Moody
1006,We Don't Live Here Anymore,tt0361309,5223317.230273752,3547581.301986044,2004.0,we don't live here anymore,6.2,10374.0,Vintage Books,215,4.02,total:914,Andre Dubus
1007,Vanity Fair,tt0241025,40045432.09876543,28073329.58222222,2004.0,vanity fair,6.2,24022.0,Penguin Books,867,3.79,total:112806,William Makepeace Thackeray
1008,Lord Jim,tt0059399,0.0,0.0,1965.0,lord jim,6.7,4497.0,Broadview Press Inc,455,3.62,total:26545,Joseph Conrad
1009,Lord Jim,tt0059399,0.0,0.0,1965.0,lord jim,6.7,4497.0,Wildside Press,264,3.62,total:26579,Joseph Conrad
1010,The Forgotten,tt0356618,73126441.22383252,204711615.12639827,2004.0,the forgotten,5.8,70413.0,Schocken Books Inc,320,3.94,total:581,Elie Wiesel
1011,The Boston Strangler,tt0062755,0.0,0.0,1968.0,the boston strangler,7.0,11643.0,Commonwealth Editions,80,4.0,total:10,Robert Allison
1012,The Legacy,tt0079450,0.0,0.0,1978.0,the legacy,5.8,3742.0,Grand Central Publishing,496,3.7,total:222,D.W. Buffa
1013,The Trojan Women,tt0067881,0.0,0.0,1971.0,the trojan women,6.9,1817.0,Ivan R. Dee Publisher,64,3.89,total:5765,Euripides
1014,Robinson Crusoe,tt0044386,4214135.115070527,0.0,1954.0,robinson crusoe,6.6,4897.0,Modern Library,320,3.67,total:237505,Daniel Defoe
1015,Robinson Crusoe,tt0044386,4214135.115070527,0.0,1954.0,robinson crusoe,6.6,4897.0,Atheneum Books,51,3.5,total:20,Timothy Meis
1016,The Terror,tt0057569,0.0,0.0,1963.0,the terror,5.1,9189.0,"Little, Brown and Company",769,4.07,total:39578,Dan Simmons
1017,Black Beauty,tt0066834,0.0,0.0,1971.0,black beauty,5.4,1232.0,Scholastic Paperbacks,245,3.96,total:227605,Anna Sewell
1018,Black Beauty,tt0066834,0.0,0.0,1971.0,black beauty,5.4,1232.0,Turtleback Books,228,3.96,total:228118,Anna Sewell
1019,Riding the Bullet,tt0355954,8705528.71712292,0.0,2004.0,riding the bullet,5.2,11356.0,Simon  Schuster Audio,66,3.63,total:14127,Stephen King
1020,Spin,tt0362174,0.0,0.0,2003.0,spin,6.3,556.0,Tor Books,364,4.02,total:33880,Robert Charles Wilson
1021,Sideways,tt0375063,27857691.89479334,190655088.67151904,2004.0,sideways,7.5,214108.0,St. Martin's Griffin,368,3.7,total:5025,Rex Pickett
1022,Falling Angels,tt0365183,0.0,0.0,2003.0,falling angels,6.7,1150.0,Penguin Books,336,3.58,total:22511,Tracy Chevalier
1023,Falling Angels,tt0365183,0.0,0.0,2003.0,falling angels,6.7,1150.0,Soho Press,200,3.81,total:675,Barbara Gowdy
1024,Enduring Love,tt0375735,0.0,0.0,2004.0,enduring love,6.3,11255.0,Vintage,245,3.63,total:36424,Ian McEwan
1025,Ray,tt0350258,69644229.73698336,217170790.23355877,2004.0,ray,7.7,163150.0,Grove Press,128,3.94,total:1274,Barry Hannah
1026,The Polar Express,tt0338348,287282447.66505635,532561990.2771873,2004.0,the polar express,6.6,261714.0,HMH Books for Young Readers,32,4.3,total:205720,Chris Van Allsburg
1027,Alexander,tt0346491,269871390.23081046,291283842.95574874,2004.0,alexander,5.6,181821.0,Pan MacMillan,576,4.11,total:4289,Valerio Massimo Manfredi
1028,Closer,tt0376541,47009855.072463766,201106465.9041116,2004.0,closer,7.1,247735.0,Grove Press,120,3.99,total:4229,Patrick Marber
1029,Alexander the Great,tt0048937,0.0,0.0,1956.0,alexander the great,5.8,4513.0,Ohio University Press,232,3.83,total:298,Nikos Kazantzakis
1030,I'll Be Seeing You,tt0036940,0.0,0.0,1944.0,i'll be seeing you,7.1,2717.0,Pocket Books,307,3.82,total:16370,Mary Higgins Clark
1031,Dr. Jekyll and Mr. Hyde,tt0011130,0.0,0.0,1920.0,dr. jekyll and mr. hyde,6.9,6541.0,Bantam Classics,98,3.81,total:358754,Robert Louis Stevenson
1032,The Last of the Mohicans,tt0011387,0.0,0.0,1920.0,the last of the mohicans,6.7,1545.0,State University of New York Press,418,3.7,total:84254,James Fenimore Cooper
1033,The Last of the Mohicans,tt0011387,0.0,0.0,1920.0,the last of the mohicans,6.7,1545.0,Barnes  Noble Classics,480,3.7,total:84369,James Fenimore Cooper
1034,The Hunchback of Notre Dame,tt0014142,0.0,0.0,1923.0,the hunchback of notre dame,7.2,6667.0,Tantor Audio,0,4.0,total:162555,Victor Hugo
1035,The Phantom of the Opera,tt0016220,0.0,0.0,1925.0,the phantom of the opera,7.5,21820.0,Puffin Classics,336,3.97,total:189814,Gaston Leroux
1036,The Jazz Singer,tt0018037,0.0,0.0,1927.0,the jazz singer,6.4,11723.0,University of Wisconsin Press,188,4.67,total:3,Robert L. Carringer
1037,Pandora's Box,tt0018737,0.0,0.0,1929.0,pandora's box,7.7,12677.0,Strebor Books,283,3.96,total:276,Allison Hobbs
1038,The Man Who Laughs,tt0019130,0.0,0.0,1928.0,the man who laughs,7.6,8986.0,Norilana Books,672,4.23,total:9324,Victor Hugo
1039,Monkey Business,tt0022158,0.0,0.0,1931.0,monkey business,7.4,14827.0,Kids Can Press,32,4.17,total:144,Wallace Edwards
1040,The Scarlet Pimpernel,tt0025748,0.0,0.0,1934.0,the scarlet pimpernel,7.3,5084.0,IndyPublish.com,260,4.07,total:118355,Emmuska Orczy
1041,The Scarlet Pimpernel,tt0025748,0.0,0.0,1934.0,the scarlet pimpernel,7.3,5084.0,1st World Library,360,4.07,total:118492,Emmuska Orczy
1042,Fury,tt0027652,0.0,0.0,1936.0,fury,7.8,14544.0,Vintage,272,3.29,total:8097,Salman Rushdie
1043,Camille,tt0028683,0.0,0.0,1936.0,camille,7.3,9342.0,Oberon Books,102,3.5,total:12,Neil Bartlett
1044,The Prisoner of Zenda,tt0029442,0.0,0.0,1937.0,the prisoner of zenda,7.6,5357.0,House of Stratus,184,3.86,total:17386,Anthony Hope
1045,Wuthering Heights,tt0032145,0.0,0.0,1939.0,wuthering heights,7.5,21158.0,Running Press Book Publishers,248,3.85,total:1270598,Emily Brontë
1046,Wuthering Heights,tt0032145,0.0,0.0,1939.0,wuthering heights,7.5,21158.0,Penguin Books,335,3.85,total:1275195,Emily Brontë
1047,All Through the Night,tt0034449,0.0,0.0,1941.0,all through the night,7.1,5333.0,Pocket Books,256,3.7,total:7280,Mary Higgins Clark
1048,Henry V,tt0036910,0.0,0.0,1944.0,henry v,7.0,7551.0,Washington Square Press,294,3.88,total:40143,William Shakespeare
1049,A Tree Grows in Brooklyn,tt0038190,0.0,0.0,1945.0,a tree grows in brooklyn,8.0,8876.0,HarperCollins Publishers,496,4.26,total:373682,Betty  Smith
1050,Deception,tt0038461,0.0,0.0,1946.0,deception,7.1,4513.0,Vintage,208,3.33,total:2129,Philip Roth
1051,Deception,tt0038461,0.0,0.0,1946.0,deception,7.1,4513.0,Back Bay Books,336,3.56,total:1882,Denise Mina
1052,Great Expectations,tt0038574,0.0,0.0,1946.0,great expectations,7.8,27838.0,Penguin Audio,3,3.77,total:622146,Charles Dickens
1053,Great Expectations,tt0038574,0.0,0.0,1946.0,great expectations,7.8,27838.0,Signet Classics,494,3.77,total:623762,Charles Dickens
1054,Great Expectations,tt0038574,0.0,0.0,1946.0,great expectations,7.8,27838.0,Brilliance Audio,518,3.77,total:623897,Charles Dickens
1055,The Stranger,tt0038991,0.0,0.0,1946.0,the stranger,7.3,30290.0,HMH Books for Young Readers,32,4.09,total:2870,Chris Van Allsburg
1056,The Three Musketeers,tt0040876,0.0,0.0,1948.0,the three musketeers,7.1,7510.0,Viking,704,4.07,total:262810,Alexandre Dumas
1057,The Secret Garden,tt0041855,0.0,0.0,1949.0,the secret garden,7.5,3497.0,Dover Publications,256,4.13,total:844700,Frances Hodgson Burnett
1058,Carrie,tt0044486,0.0,0.0,1952.0,carrie,7.3,3005.0,Pocket Books,253,3.96,total:489304,Stephen King
1059,The Prisoner of Zenda,tt0045053,0.0,0.0,1952.0,the prisoner of zenda,6.9,4254.0,House of Stratus,184,3.86,total:17386,Anthony Hope
1060,The Cobweb,tt0047944,0.0,0.0,1955.0,the cobweb,6.3,2333.0,Spectra Books,448,3.61,total:2913,Neal Stephenson
1061,Behold a Pale Horse,tt0057879,0.0,0.0,1964.0,behold a pale horse,6.7,2479.0,Light Technology Publications,500,3.88,total:3317,Milton William Cooper
1062,The Best Man,tt0057883,0.0,0.0,1964.0,the best man,7.6,4171.0,Dramatists Play Service,88,4.0,total:252,Gore Vidal
1063,The Visit,tt0058724,0.0,0.0,1964.0,the visit,7.4,2160.0,"Samuel French, Inc.",120,3.88,total:11975,Friedrich Dürrenmatt
1064,In Harm's Way,tt0059309,0.0,0.0,1965.0,in harm's way,7.3,11077.0,Avon Books,480,4.12,total:56,H. Jay Riker
1065,Closely Watched Trains,tt0060802,0.0,0.0,1966.0,closely watched trains,7.6,14754.0,Northwestern University Press,85,3.83,total:6866,Bohumil Hrabal
1066,The Heart Is a Lonely Hunter,tt0063050,0.0,0.0,1968.0,the heart is a lonely hunter,7.6,4973.0,Mariner Books,359,3.98,total:89573,Carson McCullers
1067,The Heart Is a Lonely Hunter,tt0063050,0.0,0.0,1968.0,the heart is a lonely hunter,7.6,4973.0,iUniverse,248,3.59,total:17,Bertrand E. Brown
1068,The Heart Is a Lonely Hunter,tt0063050,0.0,0.0,1968.0,the heart is a lonely hunter,7.6,4973.0,Bantam Books,307,3.98,total:89725,Carson McCullers
1069,War and Peace,tt0063794,1017465495.608532,0.0,1966.0,war and peace,8.3,9254.0,Oxford University Press,1392,4.12,total:250130,Leo Tolstoy
1070,Last Summer,tt0064573,0.0,27.257815126050417,1969.0,last summer,6.9,2368.0,Kensington,432,4.0,total:691,Michael Thomas Ford
1071,Duel,tt0067023,3542854.3689320385,0.0,1972.0,duel,7.6,84157.0,Tor Books,400,4.04,total:2058,Richard Matheson
1072,The Go-Between,tt0067144,812952.3809523811,0.0,1971.0,the go-between,7.1,7002.0,Penguin Books,281,3.96,total:7931,L.P. Hartley
1073,Johnny Got His Gun,tt0067277,0.0,0.0,1971.0,johnny got his gun,7.8,19521.0,Citadel,309,4.18,total:33327,Dalton Trumbo
1074,The Emigrants,tt0067919,0.0,0.0,1971.0,the emigrants,8.0,8087.0,Vintage,237,4.17,total:7131,W.G. Sebald
1075,Lady Sings the Blues,tt0068828,0.0,0.0,1972.0,lady sings the blues,7.0,5147.0,Three Rivers Press,256,3.99,total:4073,Billie Holiday
1076,Lady Sings the Blues,tt0068828,0.0,0.0,1972.0,lady sings the blues,7.0,5147.0,Parenthèses,170,3.99,total:4073,Billie Holiday
1077,Dark Star,tt0069945,415856.4102564103,0.0,1974.0,dark star,6.1,29587.0,Del Rey Books,183,3.61,total:426,Alan Dean Foster
1078,Bram Stoker's Dracula,tt0070003,0.0,0.0,1974.0,bram stoker's dracula,6.2,3249.0,Signet,304,3.86,total:376,Fred Saberhagen
1079,The Glass Menagerie,tt0070115,0.0,0.0,1973.0,the glass menagerie,7.3,1294.0,New Directions,104,3.7,total:108303,Tennessee Williams
1080,Sisters,tt0070698,3798220.140515222,0.0,1973.0,sisters,6.8,22940.0,Delacorte Press,341,3.85,total:17802,Danielle Steel
1081,The Spook Who Sat by the Door,tt0070726,0.0,0.0,1973.0,the spook who sat by the door,7.2,1818.0,Lushena Books,256,4.36,total:1456,Sam Greenlee
1082,The Little Prince,tt0071762,0.0,0.0,1974.0,the little prince,6.4,4216.0,HMH Books for Young Readers,96,4.31,total:1245997,Antoine de Saint-Exupéry
1083,The Terminal Man,tt0072267,0.0,0.0,1974.0,the terminal man,5.6,2800.0,Avon,266,3.36,total:23648,Michael Crichton
1084,The Message,tt0074896,0.0,0.0,1977.0,the message,8.1,53207.0,Message,1736,4.46,total:7540,Eugene H. Peterson
1085,The Hound of the Baskervilles,tt0076161,0.0,0.0,1978.0,the hound of the baskervilles,4.5,1481.0,IndyPublish.com,176,4.11,total:234084,Arthur Conan Doyle
1086,Providence,tt0076574,0.0,0.0,1977.0,providence,7.4,3685.0,Bantam,192,3.67,total:904,Daniel Quinn
1087,The Hobbit,tt0077687,16577580.919931857,0.0,1977.0,the hobbit,6.7,18180.0,Recorded Books,11,4.27,total:2747372,J.R.R. Tolkien
1088,Hair,tt0079261,52088291.97080292,0.0,1979.0,hair,7.5,43428.0,Weekly Reader Early Learning Library,24,0.0,total:0,Cynthia Amoroso
1089,Smiley's People,tt0083480,0.0,0.0,1982.0,smiley's people,8.4,5190.0,Scribner Book Company,397,4.26,total:30460,John le Carré
1090,The Scarlet Pimpernel,tt0084637,0.0,0.0,1982.0,the scarlet pimpernel,7.6,5488.0,IndyPublish.com,260,4.07,total:118355,Emmuska Orczy
1091,The Scarlet Pimpernel,tt0084637,0.0,0.0,1982.0,the scarlet pimpernel,7.6,5488.0,1st World Library,360,4.07,total:118492,Emmuska Orczy
1092,The Makioka Sisters,tt0086242,0.0,0.0,1983.0,the makioka sisters,7.2,1867.0,Vintage,530,4.03,total:5841,Jun'ichirō Tanizaki
1093,Another Country,tt0086904,0.0,0.0,1984.0,another country,7.0,7686.0,Penguin Classics,448,4.28,total:14179,James Baldwin
1094,A Christmas Carol,tt0087056,0.0,0.0,1984.0,a christmas carol,7.8,20364.0,Bethany House Publishers,104,4.05,total:574810,Charles Dickens
1095,Anne of Green Gables,tt0088727,0.0,0.0,1985.0,anne of green gables,8.5,24038.0,Sterling,312,4.26,total:684282,L.M. Montgomery
1096,Anne of Green Gables,tt0088727,0.0,0.0,1985.0,anne of green gables,8.5,24038.0,"Oxford University Press, USA",56,4.03,total:242,Clare West
1097,Bliss,tt0088821,10433786.187322613,2027029.9490633868,1985.0,bliss,6.7,1503.0,Leisure Books,394,3.97,total:2254,Lynsay Sands
1098,Creator,tt0088960,0.0,0.0,1985.0,creator,6.1,3655.0,Backinprint.com,490,3.92,total:95,Jeremy Leven
1099,Death of a Salesman,tt0089006,0.0,0.0,1985.0,death of a salesman,7.2,12286.0,Viking Books,139,3.52,total:175487,Arthur  Miller
1100,Demons,tt0089013,5523769.157994323,0.0,1985.0,demons,6.6,29038.0,Vintage,733,4.27,total:35386,Fyodor Dostoyevsky
1101,Nobody's Fool,tt0091642,0.0,0.0,1986.0,nobody's fool,5.4,948.0,Vintage,560,4.11,total:24829,Richard Russo
1102,Homicide,tt0102048,0.0,0.0,1991.0,homicide,6.9,8737.0,Berkley,227,3.33,total:12,Jerome Preisler
1103,Homicide,tt0102048,0.0,0.0,1991.0,homicide,6.9,8737.0,Grove/Atlantic,126,3.58,total:38,David Mamet
1104,A Kiss Before Dying,tt0102220,0.0,37154649.48133631,1991.0,a kiss before dying,5.7,6346.0,Carroll & Graf Publishers,242,3.94,total:8851,Ira Levin
1105,Innocent Blood,tt0104511,0.0,0.0,1992.0,innocent blood,6.2,11867.0,Scribner,400,3.68,total:4594,P.D. James
1106,The Snapper,tt0108170,0.0,0.0,1993.0,the snapper,7.2,6517.0,Fischer TB,217,3.93,total:6992,Roddy Doyle
1107,The Hunters,tt0116736,36693212.66968326,0.0,1996.0,the hunters,7.0,10050.0,Picador,200,3.42,total:513,Claire Messud
1108,No Way Back,tt0117193,0.0,0.0,1995.0,no way back,5.1,3360.0,HarperTorch,320,3.48,total:25,Michael Crow
1109,Robinson Crusoe,tt0117496,0.0,0.0,1997.0,robinson crusoe,6.0,14123.0,Modern Library,320,3.67,total:237505,Daniel Defoe
1110,Robinson Crusoe,tt0117496,0.0,0.0,1997.0,robinson crusoe,6.0,14123.0,Atheneum Books,51,3.5,total:20,Timothy Meis
1111,Earth,tt0117909,0.0,0.0,1996.0,earth,7.2,4145.0,Spectra,704,3.92,total:6808,David Brin
1112,Emma,tt0118308,0.0,0.0,1996.0,emma,7.0,6613.0,Penguin Books,474,4.0,total:609938,Jane Austen
1113,The Brave,tt0118768,0.0,0.0,1997.0,the brave,6.1,11225.0,HarperCollins,240,3.6,total:175,Robert Lipsyte
1114,Beowulf,tt0120604,39388949.60534305,3015718.4236065573,1999.0,beowulf,4.1,13084.0,Signet Classics,160,3.44,total:224499,Unknown
1115,Brave New World,tt0145600,0.0,0.0,1998.0,brave new world,5.2,2223.0,HarperPerennial / Perennial Classics,288,3.99,total:1363719,Aldous Huxley
1116,He Died with a Felafel in His Hand,tt0172543,0.0,0.0,2001.0,he died with a felafel in his hand,7.0,4226.0,Duffy & Snellgrove,214,3.72,total:2919,John Birmingham
1117,Joan of Arc,tt0178145,39388949.60534305,0.0,1999.0,joan of arc,6.6,6557.0,Viking Adult,208,3.47,total:464,Mary Gordon
1118,Joan of Arc,tt0178145,39388949.60534305,0.0,1999.0,joan of arc,6.6,6557.0,HarperCollins,48,4.07,total:763,Diane Stanley
1119,After the Rain,tt0181960,7483900.425015179,0.0,1999.0,after the rain,7.6,4749.0,Arrow,416,3.18,total:44,Thomas Christopher Greene
1120,The Trumpet Of The Swan,tt0206367,0.0,185092.9517995444,2001.0,the trumpet of the swan,5.0,1370.0,HarperCollins,252,4.08,total:67093,E.B. White
1121,Taboo,tt0288243,0.0,0.0,2002.0,taboo,3.5,2130.0,Farrar Straus Giroux,132,3.82,total:98,Yusef Komunyakaa
1122,The Sleeping Dictionary,tt0242888,0.0,0.0,2003.0,the sleeping dictionary,6.5,9744.0,New Line Cinema Corporation,109,4.0,total:3,Denise O'Donoghue
1123,The Quickie,tt0247645,5541594.533029613,0.0,2001.0,the quickie,5.7,899.0,"Little, Brown and Company",357,3.83,total:36397,James Patterson
1124,The River,tt0248928,1847198.1776765373,0.0,2001.0,the river,6.8,933.0,Pan,128,3.95,total:595,Rumer Godden
1125,61*,tt0250934,0.0,0.0,2001.0,61*,7.7,18455.0,McGraw-Hill/Contemporary,160,4.18,total:49,The Sporting News
1126,The Tunnel,tt0251447,0.0,0.0,2001.0,the tunnel,7.7,6545.0,Ballantine Books,232,4.05,total:41503,Ernesto Sabato
1127,Darkness,tt0273517,0.0,0.0,2002.0,darkness,5.4,20886.0,Bantam,373,3.94,total:19993,John Saul
1128,Charms For the Easy Life,tt0290160,0.0,0.0,2002.0,charms for the easy life,6.7,565.0,Harper Perennial,272,4.02,total:11923,Kaye Gibbons
1129,Dog Days,tt0290661,0.0,0.0,2001.0,dog days,7.0,6768.0,Darby Creek (Tm),80,3.38,total:61,David Lubar
1130,Balzac and the Little Chinese Seamstress,tt0291032,0.0,0.0,2002.0,balzac and the little chinese seamstress,7.2,4677.0,Random House (Vintage),172,3.64,total:50922,Dai Sijie
1131,Deadline,tt0294939,0.0,0.0,2001.0,deadline,5.0,2192.0,Random House Value Publishing,0,3.8,total:46,James Barrett Reston
1132,Hell House,tt0301235,0.0,0.0,2001.0,hell house,6.8,1783.0,Severn House Publishers,301,3.79,total:35587,Richard Matheson
1133,The Third Wave,tt0313724,8291108.985060241,0.0,2003.0,the third wave,6.3,4296.0,Random House Value Publishing,0,3.94,total:2404,Alvin Toffler
1134,Fear and Trembling,tt0318725,0.0,0.0,2003.0,fear and trembling,7.0,4997.0,Penguin Books,160,4.0,total:18125,Søren Kierkegaard
1135,Fear and Trembling,tt0318725,0.0,0.0,2003.0,fear and trembling,7.0,4997.0,Three Continents Press,121,3.87,total:490,غلامحسین ساعدی
1136,Oasis,tt0320193,0.0,0.0,2002.0,oasis,7.8,11265.0,Counterpoint LLC,201,2.92,total:48,Laureen Vonnegut
1137,Tipping the Velvet,tt0324264,0.0,0.0,2002.0,tipping the velvet,7.7,8988.0,Riverhead Books,472,4.02,total:55870,Sarah Waters
1138,A Very Long Engagement,tt0344510,81831969.94095545,0.0,2004.0,a very long engagement,7.6,77436.0,Vintage,320,3.9,total:5811,Sébastien Japrisot
1139,"Easy Riders, Raging Bulls",tt0359203,0.0,0.0,2003.0,"easy riders, raging bulls",7.5,3198.0,Simon  Schuster,512,4.12,total:6417,Peter Biskind
1140,The Book of Fate,tt0359564,0.0,0.0,2003.0,the book of fate,3.7,635.0,Warner Adult,16,3.58,total:10379,Brad Meltzer
1141,Trauma,tt0363143,0.0,0.0,2004.0,trauma,4.7,3635.0,Signet,224,3.55,total:498,Graham Masterton
1142,The Interpreter,tt0373926,135435490.60542798,275856569.8521086,2005.0,the interpreter,6.4,113367.0,St. Martins Press,304,3.56,total:1101,Suki Kim
1143,Layer Cake,tt0375912,11317187.332259797,20632475.65621041,2004.0,layer cake,7.2,205229.0,"Grove Press, Black Cat",344,3.98,total:1441,J.J. Connolly
1144,The Return,tt0376968,0.0,0.0,2003.0,the return,7.9,49026.0,Hesperus Press,75,3.61,total:213,Joseph Conrad
1145,A Scanner Darkly,tt0405296,14159566.48268941,12466795.192293024,2006.0,a scanner darkly,7.0,120885.0,Gollancz,219,4.02,total:82730,Philip K. Dick
1146,Travels with My Aunt,tt0069404,0.0,0.0,1972.0,travels with my aunt,6.3,2895.0,Penguin Classics,254,3.83,total:10170,Graham Greene
1147,The Aviator,tt0338751,201968266.23725173,177592785.82930756,2004.0,the aviator,7.5,400503.0,Ballantine Books,160,3.81,total:194,Ernest K. Gann
1148,The Phantom of the Opera,tt0293508,121877402.03972086,269260065.3699195,2004.0,the phantom of the opera,7.2,136456.0,Puffin Classics,336,3.97,total:189814,Gaston Leroux
1149,The Merchant of Venice,tt0379889,0.0,0.0,2004.0,the merchant of venice,7.0,39582.0,Signet Classics,272,3.8,total:153076,William Shakespeare
1150,The River,tt0119263,0.0,0.0,1997.0,the river,7.2,3560.0,Pan,128,3.95,total:595,Rumer Godden
1151,White Noise,tt0375210,16929436.325678498,154390396.85903966,2005.0,white noise,5.5,52419.0,Penguin Books,320,3.87,total:83620,Don DeLillo
1152,Sweet Liberty,tt0092035,0.0,0.0,1986.0,sweet liberty,5.8,3160.0,Barbour Publishing,352,3.53,total:34,Paige Winship Dooly
1153,The Phantom of the Opera,tt0100361,25440627.45098039,0.0,1990.0,the phantom of the opera,7.4,1907.0,Puffin Classics,336,3.97,total:189814,Gaston Leroux
1154,Testament,tt0086429,4969887.640449438,6775255.651235955,1983.0,testament,6.9,7705.0,Grand Central Publishing,320,3.75,total:911,David Morrell
1155,Hell's Angels,tt0020960,0.0,0.0,1930.0,hell's angels,7.3,6450.0,Penguin Books,288,3.97,total:41254,Hunter S. Thompson
1156,Hell's Angels,tt0020960,0.0,0.0,1930.0,hell's angels,7.3,6450.0,Penguin,326,3.97,total:41330,Hunter S. Thompson
1157,Pippi in the South Seas,tt0066227,0.0,0.0,1970.0,pippi in the south seas,6.9,5938.0,Viking Books for Young Readers,126,4.11,total:16655,Astrid Lindgren
1158,Elektra,tt0357277,72796576.20041753,95958696.24367432,2005.0,elektra,4.7,103753.0,Bloomsbury Methuen Drama,128,3.95,total:5090,Euripides
1159,The Chase,tt0109402,57645714.28571428,17757826.582857143,1994.0,the chase,5.9,23098.0,University of Minnesota Press,121,3.6,total:258,Alejo Carpentier
1160,Are We There Yet?,tt0368578,54174196.24217119,165770777.0354071,2005.0,are we there yet?,4.8,36335.0,Alfred A. Knopf,215,3.49,total:3458,David Levithan
1161,Hide and Seek,tt0382077,42323590.81419624,207630767.08643007,2005.0,hide and seek,5.9,91831.0,,368,4.12,total:61320,James Patterson
1162,Alice in Wonderland,tt0164993,41358397.0856102,0.0,1999.0,alice in wonderland,6.3,9378.0,Gramercy Books,92,4.03,total:367242,Jane Carruth
1163,Alice in Wonderland,tt0164993,41358397.0856102,0.0,1999.0,alice in wonderland,6.3,9378.0,Scholastic Paperbacks,160,4.02,total:214824,Lewis Carroll
1164,El Cid,tt0054847,0.0,0.0,1961.0,el cid,7.2,16871.0,Edhasa,570,3.58,total:305,José Luis Corral
1165,Inferno,tt0045911,12845654.654654654,0.0,1953.0,inferno,7.0,2032.0,Modern Library,490,4.0,total:134162,Dante Alighieri
1166,Night Watch,tt0403358,7312644.122383252,55715383.78958668,2004.0,night watch,6.4,56590.0,Xlibris,500,4.0,total:1,Suzanne Knecht
1167,Man of the House,tt0331933,67717745.30271399,0.0,2005.0,man of the house,5.5,26262.0,Headline,320,4.46,total:211,Joan Jonker
1168,The Five People You Meet In Heaven,tt0400435,0.0,0.0,2004.0,the five people you meet in heaven,7.2,6307.0,Hyperion,196,3.93,total:557891,Mitch Albom
1169,The Three Musketeers,tt0072281,0.0,0.0,1973.0,the three musketeers,7.1,21547.0,Viking,704,4.07,total:262810,Alexandre Dumas
1170,Crush,tt0104033,0.0,0.0,1992.0,crush,6.0,580.0,Yale University Press,62,4.31,total:17939,Richard Siken
1171,The Agony and the Ecstasy,tt0058886,0.0,0.0,1965.0,the agony and the ecstasy,7.2,8652.0,Arrow,777,4.07,total:76678,Irving Stone
1172,Chronicles,tt0382621,0.0,521045.0458829844,2004.0,chronicles,6.8,3624.0,Simon & Schuster Audio,6,3.98,total:45771,Bob Dylan
1173,The River,tt0043972,0.0,0.0,1951.0,the river,7.4,7282.0,Pan,128,3.95,total:595,Rumer Godden
1174,Wild Horses,tt0112609,0.0,0.0,1995.0,wild horses,7.1,2015.0,G.P. Putnam's Sons,352,3.91,total:3853,Dick Francis
1175,Arrowsmith,tt0021622,0.0,0.0,1931.0,arrowsmith,6.2,2171.0,Harcourt Brace Jovanovich,428,3.82,total:6614,Sinclair Lewis
1176,The Music of Chance,tt0107623,0.0,0.0,1993.0,the music of chance,7.0,2720.0,Penguin Books,217,3.91,total:9487,Paul Auster
1177,Sons and Lovers,tt0054326,0.0,0.0,1960.0,sons and lovers,7.1,1927.0,Barron's Educational Series,122,3.63,total:45855,D.H. Lawrence
1178,Sin City,tt0401792,67717745.30271399,268727409.8421712,2005.0,sin city,8.0,814543.0,Forge Books,432,3.71,total:307,Harold Robbins
1179,Sahara,tt0318649,220082672.23382047,201916516.8833403,2005.0,sahara,6.1,107811.0,St. Martin's Griffin,272,3.96,total:2570,Michael Palin
1180,Fever Pitch,tt0332047,50788308.97703549,85411218.94037579,2005.0,fever pitch,6.2,49433.0,Riverhead Books,247,3.74,total:32913,Nick Hornby
1181,Islands in the Stream,tt0076211,0.0,0.0,1977.0,islands in the stream,6.5,1757.0,Scribner,448,3.88,total:13013,Ernest Hemingway
1182,Bilitis,tt0075753,0.0,0.0,1977.0,bilitis,5.3,2804.0,,109,4.5,total:2,David  Hamilton
1183,Oedipus Rex,tt0061613,0.0,0.0,1967.0,oedipus rex,7.2,7438.0,Digireads.com,84,3.7,total:164342,Sophocles
1184,Brothers,tt0386342,0.0,0.0,2004.0,brothers,7.5,12308.0,Toby Press,556,3.3,total:23,Chayym Zeldis
1185,Hawaii,tt0060491,152619824.3412798,351658683.3656211,1966.0,hawaii,6.5,4010.0,Dial Press Trade Paperback,1136,4.2,total:69542,James A. Michener
1186,Hawaii,tt0060491,152619824.3412798,351658683.3656211,1966.0,hawaii,6.5,4010.0,,564,3.71,total:59,Glenda Bendure
1187,Macbeth,tt0040558,0.0,0.0,1948.0,macbeth,7.4,8307.0,Simon  Schuster,249,3.9,total:641361,William Shakespeare
1188,Carrie,tt0319970,0.0,0.0,2002.0,carrie,5.4,12325.0,Pocket Books,253,3.96,total:489304,Stephen King
1189,The Hitchhiker's Guide to the Galaxy,tt0371724,84647181.62839249,176876069.10797495,2005.0,the hitchhiker's guide to the galaxy,6.7,214963.0,BBC Worldwide Publishing,8,4.22,total:1351283,Douglas Adams
1190,Skin Game,tt0067763,0.0,0.0,1971.0,skin game,7.0,2147.0,St. Martin's Griffin,192,3.76,total:3104,Caroline Kettlewell
1191,Crash,tt0375679,11317187.332259797,171342322.41786364,2004.0,crash,7.7,458699.0,Picador,224,3.61,total:21575,J.G. Ballard
1192,Crash,tt0375679,11317187.332259797,171342322.41786364,2004.0,crash,7.7,458699.0,Laurel Leaf,176,3.79,total:11555,Jerry Spinelli
1193,Mysterious Skin,tt0370986,0.0,2655127.0611272138,2004.0,mysterious skin,7.6,82825.0,Harper Perennial,292,4.04,total:8797,Scott Heim
1194,Earth,tt0021571,0.0,0.0,1930.0,earth,7.2,6831.0,Spectra,704,3.92,total:6808,David Brin
1195,The Search,tt0040765,0.0,0.0,1948.0,the search,7.8,5218.0,Gollancz,192,4.0,total:2,Iain Crichton Smith
1196,The Search,tt0040765,0.0,0.0,1948.0,the search,7.8,5218.0,Anchor,133,3.76,total:2902,Naguib Mahfouz
1197,The Human Comedy,tt0036022,0.0,0.0,1943.0,the human comedy,7.0,2687.0,Houghton Mifflin Harcourt,256,4.03,total:4518,William Saroyan
1198,The Bridge,tt0052654,0.0,0.0,1959.0,the bridge,7.9,9156.0,Liveright,76,4.12,total:920,Hart Crane
1199,Madagascar,tt0351283,126970772.44258872,901798350.1614196,2005.0,madagascar,6.9,468047.0,Aperture,143,4.14,total:7,Frans Lanting
1200,Eddie Izzard: Dress to Kill,tt0184424,0.0,0.0,1999.0,eddie izzard: dress to kill,8.6,7687.0,Virgin Publishing,160,4.09,total:213,Eddie Izzard
1201,Quo Vadis,tt0043949,105438770.6855792,383413711.5839244,1951.0,quo vadis,7.1,18016.0,Barbour Publishing,496,4.16,total:25193,Henryk Sienkiewicz
1202,Man with the Screaming Brain,tt0365478,0.0,0.0,2005.0,man with the screaming brain,5.4,5794.0,Dark Horse Comics,104,3.28,total:138,Bruce Campbell
1203,The I Inside,tt0325596,15321730.542136338,0.0,2004.0,the i inside,6.0,11689.0,Aspect,304,3.9,total:420,Alan Dean Foster
1204,Dark Water,tt0382628,50788308.97703549,43124510.59615867,2005.0,dark water,5.6,67398.0,Vertical,279,3.61,total:3057,Kōji Suzuki
1205,Happy Endings,tt0361693,0.0,0.0,2005.0,happy endings,6.3,9717.0,HMH Books for Young Readers,182,3.83,total:30,Adèle Geras
1206,Journey Into Fear,tt0034922,0.0,0.0,1943.0,journey into fear,6.5,5063.0,Vintage Crime/Black Lizard,288,3.92,total:2918,Eric Ambler
1207,The Island,tt0399201,213310897.70354903,275863749.6260543,2005.0,the island,6.8,337062.0,Scholastic Paperbacks,208,3.72,total:1503,Gary Paulsen
1208,The Heart is Deceitful Above All Things,tt0368774,128928.88030059043,306701.0000214707,2004.0,the heart is deceitful above all things,6.2,7460.0,Bloomsbury Publishing PLC,247,3.63,total:4676,J.T. LeRoy
1209,Asylum,tt0348505,0.0,0.0,2005.0,asylum,6.1,5672.0,University of Pittsburgh Press,88,4.17,total:87,Quan Barry
1210,Animal Farm,tt0047834,0.0,0.0,1954.0,animal farm,7.2,20634.0,NAL,122,3.94,total:2571980,George Orwell
1211,The Sea,tt0332381,0.0,0.0,2002.0,the sea,6.8,1785.0,Vintage,195,3.51,total:22947,John Banville
1212,My Cousin Rachel,tt0044937,0.0,0.0,1952.0,my cousin rachel,7.1,3670.0,Black Dog & Leventhal Publishers,374,3.96,total:36139,Daphne du Maurier
1213,The Key,tt0051816,0.0,0.0,1958.0,the key,6.7,1837.0,Leisure Books,313,4.04,total:2843,Lynsay Sands
1214,The Key,tt0051816,0.0,0.0,1958.0,the key,6.7,1837.0,Univers,160,3.59,total:3881,Jun'ichirō Tanizaki
1215,The Cave,tt0402901,50788308.97703549,25407682.801085595,2005.0,the cave,5.2,43342.0,Mariner Books,307,3.84,total:10987,José Saramago
1216,The Constant Gardener,tt0387131,42323590.81419624,139611423.8755741,2005.0,the constant gardener,7.3,154354.0,Scribner,496,3.8,total:20489,John le Carré
1217,Proof,tt0377107,33858872.651356995,12756890.635741128,2005.0,proof,6.7,47319.0,G.P. Putnam's Sons,368,4.05,total:6245,Dick Francis
1218,Proof,tt0377107,33858872.651356995,12756890.635741128,2005.0,proof,6.7,47319.0,G.P. Putnam's Sons,334,4.05,total:6258,Dick Francis
1219,Everything is Illuminated,tt0404030,11850605.427974949,4567443.414613779,2005.0,everything is illuminated,7.4,61077.0,Harper Perennial,276,3.9,total:161228,Jonathan Safran Foer
1220,Thumbsucker,tt0318761,0.0,3249092.3407933195,2005.0,thumbsucker,6.5,22367.0,Broadway Books,300,3.44,total:1236,Walter Kirn
1221,G,tt0291928,0.0,5514044.257242544,2002.0,g,5.2,815.0,Editions de l'Olivier,405,3.56,total:2655,John Berger
1222,Gertrud,tt0058138,0.0,0.0,1964.0,gertrud,7.3,7234.0,Suhrkamp,180,3.86,total:5040,Hermann Hesse
1223,Oliver Twist,tt0380599,84647181.62839249,71262271.54388309,2005.0,oliver twist,6.8,35305.0,Signet,512,3.87,total:304540,Charles Dickens
1224,Capote,tt0379725,11850605.427974949,83097850.40417537,2005.0,capote,7.3,147512.0,Da Capo Press,636,4.14,total:4344,Gerald Clarke
1225,Medea,tt0095607,0.0,0.0,1988.0,medea,7.1,3840.0,Cambridge University Press,431,3.87,total:52670,Euripides
1226,Angels in America,tt0318997,106583132.53012048,0.0,2003.0,angels in america,8.1,31243.0,Theatre Communications Group,304,4.32,total:14898,Tony Kushner
1227,Speak,tt0378793,1741105.7434245837,0.0,2004.0,speak,7.2,31664.0,Puffin Books,198,4.02,total:473087,Laurie Halse Anderson
1228,Factotum,tt0417658,0.0,0.0,2005.0,factotum,6.6,15473.0,Editorial Anagrama,192,3.97,total:57021,Charles Bukowski
1229,In Her Shoes,tt0388125,0.0,140639401.25753653,2005.0,in her shoes,6.5,67079.0,Pocket Books,537,3.79,total:194233,Jennifer Weiner
1230,The Mating Game,tt0053054,0.0,0.0,1959.0,the mating game,6.9,1921.0,Strebor Books,336,3.86,total:7,Jonathan Luckett
1231,Brokeback Mountain,tt0388795,23701210.855949897,301418051.503382,2005.0,brokeback mountain,7.7,408958.0,Scribner,55,3.94,total:28619,Annie Proulx
1232,Shopgirl,tt0338427,17411117.7268476,19618177.86764092,2005.0,shopgirl,6.3,25225.0,Hachette Books,130,3.43,total:35042,Steve Martin
1233,Where the Truth Lies,tt0373450,42323590.81419624,0.0,2005.0,where the truth lies,6.4,19370.0,Random House Trade Paperbacks,432,3.63,total:317,Rupert Holmes
1234,Pride & Prejudice,tt0414387,47402421.7118998,205096645.4723173,2005.0,pride & prejudice,7.8,365137.0,Penguin Books,392,4.26,total:2821508,Jane Austen
1235,Bee Season,tt0387059,23701210.855949897,11608495.866137788,2005.0,bee season,5.5,7400.0,Anchor,288,3.5700000000000003,total:23995,Myla Goldberg
1236,King Kong,tt0360717,350439331.9415449,931118997.9123174,2005.0,king kong,7.2,464636.0,Pocket Star Books,374,3.79,total:196,Christopher Golden
1237,Memoirs of a Geisha,tt0397535,143900208.7682672,274668189.4468476,2005.0,memoirs of a geisha,7.3,169447.0,Vintage Books USA,503,4.11,total:1658024,Arthur Golden
1238,Memoirs of a Geisha,tt0397535,143900208.7682672,274668189.4468476,2005.0,memoirs of a geisha,7.3,169447.0,,3,4.11,total:1658024,Arthur Golden
1239,The Promise,tt0417976,0.0,0.0,2005.0,the promise,5.6,9649.0,Anchor Books,368,4.15,total:12132,Chaim Potok
1240,The Promise,tt0417976,0.0,0.0,2005.0,the promise,5.6,9649.0,Moyer Bell and its subsidiaries,256,4.01,total:375,Pearl S. Buck
1241,Our Father,tt0307913,0.0,0.0,2002.0,our father,6.6,767.0,Ballantine Books,436,3.46,total:278,Marilyn French
1242,David Copperfield,tt0026266,0.0,0.0,1935.0,david copperfield,7.3,5014.0,Signet,928,3.99,total:192313,Charles Dickens
1243,Family,tt0116274,0.0,0.0,1996.0,family,7.2,1625.0,Anchor,240,4.4,total:2196,J. California Cooper
1244,She,tt0026983,0.0,0.0,1935.0,she,6.4,2135.0,MTV Books,128,4.2,total:1786,Saul Williams
1245,Tartuffe,tt0017448,0.0,0.0,1925.0,tartuffe,7.1,2897.0,Nick Hern Books,180,3.67,total:29392,Molière
1246,Glory Road,tt0385726,0.0,69410274.64742598,2006.0,glory road,7.2,50595.0,Orb Books,320,3.78,total:11805,Robert A. Heinlein
1247,Shadows of Forgotten Ancestors,tt0058642,0.0,0.0,1965.0,shadows of forgotten ancestors,7.8,9349.0,Ballantine Books,528,4.25,total:5184,Carl Sagan
1248,Revolution,tt0089913,85925298.01324503,1100377.778921476,1985.0,revolution,5.3,8040.0,Tyndale House Publishers,143,3.67,total:687,George Barna
1249,The Lower Depths,tt0027336,0.0,0.0,1936.0,the lower depths,7.5,3867.0,Dover Publications,80,3.76,total:2644,Maxim Gorky
1250,Water,tt0240200,0.0,17644513.707807932,2005.0,water,7.6,15710.0,Milkweed Editions,240,3.97,total:1053,Bapsi Sidhwa
1251,London,tt0449061,0.0,0.0,2005.0,london,6.3,25438.0,,400,4.03,total:718,Lonely Planet
1252,London,tt0449061,0.0,0.0,2005.0,london,6.3,25438.0,Ballantine Books,1152,4.07,total:25295,Edward Rutherfurd
1253,Trauma,tt0104053,0.0,0.0,1993.0,trauma,5.8,8697.0,Signet,224,3.55,total:498,Graham Masterton
1254,Election,tt0434008,0.0,0.0,2005.0,election,7.1,12136.0,Berkley Books,200,3.86,total:7309,Tom Perrotta
1255,Election,tt0434008,0.0,0.0,2005.0,election,7.1,12136.0,Putnam Adult,200,3.86,total:7315,Tom Perrotta
1256,All Quiet on the Western Front,tt0078753,0.0,0.0,1979.0,all quiet on the western front,7.1,11248.0,Fawcett Crest,256,3.97,total:343162,Erich Maria Remarque
1257,Cyrano de Bergerac,tt0042367,0.0,0.0,1950.0,cyrano de bergerac,7.4,4903.0,Dover Publications,144,4.06,total:70695,Edmond Rostand
1258,Five Children and It,tt0366450,0.0,0.0,2004.0,five children and it,5.5,5676.0,Penguin Classics,240,3.88,total:21855,E. Nesbit
1259,Five Children and It,tt0366450,0.0,0.0,2004.0,five children and it,5.5,5676.0,Digireads.com,96,3.88,total:21886,E. Nesbit
1260,V for Vendetta,tt0434409,87886964.37531358,215666529.85890612,2006.0,v for vendetta,8.1,1230373.0,Vertigo,296,4.25,total:251263,Alan Moore
1261,Thank You for Smoking,tt0427944,11004133.611691024,41974013.19056368,2005.0,thank you for smoking,7.5,234077.0,Random House Trade Paperbacks,272,3.93,total:11103,Christopher Buckley
1262,The Illustrated Man,tt0064473,0.0,0.0,1969.0,the illustrated man,5.8,3689.0,Bantam Books,186,4.14,total:72465,Ray Bradbury
1263,Resurrection,tt0081414,0.0,16260064.65374359,1980.0,resurrection,7.1,3649.0,Penguin Classics,576,4.13,total:16165,Leo Tolstoy
1264,The Brothers Lionheart,tt0075790,0.0,0.0,1977.0,the brothers lionheart,7.1,7446.0,Purple House Press,231,4.37,total:26907,Astrid Lindgren
1265,Magic,tt0077889,0.0,0.0,1978.0,magic,6.8,15032.0,Dell,256,3.67,total:1542,William Goldman
1266,Candy,tt0424880,0.0,3381634.8659508275,2006.0,candy,7.2,49327.0,Ballantine Books,304,4.09,total:6371,Luke Davies
1267,Hoot,tt0453494,0.0,0.0,2006.0,hoot,5.5,9084.0,Yearling Books,292,3.82,total:94740,Carl Hiaasen
1268,Where the Red Fern Grows,tt0072402,0.0,0.0,1974.0,where the red fern grows,6.9,4019.0,Yearling,272,4.07,total:328420,Wilson Rawls
1269,Hard Candy,tt0424136,1608296.4509394572,11888204.013110649,2005.0,hard candy,7.0,173287.0,"Loose Id, LLC",350,3.99,total:806,Angela Knight
1270,The Protector,tt0427954,10157661.795407098,45989797.37895616,2005.0,the protector,7.0,40244.0,Warner Books (NY),482,3.94,total:2558,David Morrell
1271,The Protector,tt0427954,10157661.795407098,45989797.37895616,2005.0,the protector,7.0,40244.0,Jove Books,189,3.0,total:2,Malcolm Braly
1272,The Coast Guard,tt0341384,0.0,0.0,2002.0,the coast guard,6.4,3614.0,Hugh Lauter Levin Associates,352,4.14,total:22,Tom Beard
1273,Art School Confidential,tt0364955,0.0,0.0,2006.0,art school confidential,6.3,18064.0,Fantagraphics Books,181,3.4,total:181,Daniel Clowes
1274,The Da Vinci Code,tt0382625,203442047.16507772,1249655728.2735171,2006.0,the da vinci code,6.6,478769.0,Broadway Books,467,3.84,total:1843585,Dan Brown
1275,The Lake House,tt0410297,65101455.09282488,186890182.8642649,2006.0,the lake house,6.8,163538.0,Grand Central Publication,416,3.8,total:34587,James Patterson
1276,The Devil Wears Prada,tt0458352,56963773.20622177,531473784.5388459,2006.0,the devil wears prada,7.0,513678.0,Broadway,360,3.74,total:767673,Lauren Weisberger
1277,Let It Be,tt0065976,0.0,0.0,1970.0,let it be,7.6,8481.0,Bloomsbury Academic,118,3.37,total:566,Colin Meloy
1278,See No Evil,tt0437179,13020291.018564977,0.0,2006.0,see no evil,5.1,30445.0,Random House Audio,0,3.93,total:4544,Robert B. Baer
1279,See No Evil,tt0437179,13020291.018564977,0.0,2006.0,see no evil,5.1,30445.0,Love Inspired Suspense,250,4.03,total:58,Gayle Roper
1280,Marie Antoinette,tt0422720,65101455.09282488,98424188.24445558,2006.0,marie antoinette,6.5,129338.0,Rizzoli,144,4.17,total:115,Sofia Coppola
1281,Forever Mine,tt0179182,0.0,0.0,1999.0,forever mine,5.3,2916.0,Harlequin,576,4.17,total:137,Nora Roberts
1282,Stoned,tt0426627,0.0,0.0,2005.0,stoned,5.7,4251.0,Vintage,384,3.71,total:343,Andrew Loog Oldham
1283,Mouth to Mouth,tt0383518,0.0,0.0,2005.0,mouth to mouth,6.1,4487.0,Kensington,280,3.81,total:3292,Erin McCarthy
1284,The Thief Lord,tt0430674,0.0,0.0,2006.0,the thief lord,5.9,6414.0,Scholastic Inc.,349,3.96,total:84201,Cornelia Funke
1285,Stranger Than Fiction,tt0420223,48826091.31961866,87322573.82053185,2006.0,stranger than fiction,7.5,243042.0,Anchor,233,3.5700000000000003,total:21307,Chuck Palahniuk
1286,Stranger Than Fiction,tt0420223,48826091.31961866,87322573.82053185,2006.0,stranger than fiction,7.5,243042.0,Hats Off Books,152,5.0,total:2,"Marcia ""Denrique"" Preudhomme"
1287,The Valley of Decision,tt0038213,0.0,0.0,1945.0,the valley of decision,7.3,2614.0,Aegypan,344,3.37,total:90,Edith Wharton
1288,The Pursuit of Happyness,tt0454921,89514500.75263421,499779468.261716,2006.0,the pursuit of happyness,8.0,605648.0,Amistad,320,4.2,total:22018,Chris Gardner
1289,The Rainmaker,tt0049653,0.0,0.0,1956.0,the rainmaker,6.9,4520.0,Delta,419,3.94,total:161446,John Grisham
1290,The Rainmaker,tt0049653,0.0,0.0,1956.0,the rainmaker,6.9,4520.0,Random House Audio,0,3.94,total:161825,John Grisham
1291,The Night Listener,tt0448075,0.0,0.0,2006.0,the night listener,5.9,16438.0,Harper Perennial,400,3.65,total:5088,Armistead Maupin
1292,Zoom,tt0383060,56963773.20622177,20354275.911610637,2006.0,zoom,4.4,23730.0,Puffin Books,64,4.3,total:3361,Istvan Banyai
1293,Tideland,tt0410764,20315323.5908142,959240.484592902,2005.0,tideland,6.3,35673.0,Dufour Editions,192,3.72,total:828,Mitch Cullin
1294,Ivanhoe,tt0084157,0.0,0.0,1982.0,ivanhoe,6.7,5992.0,Penguin Books /Penguin Classics,541,3.75,total:81934,Walter Scott
1295,Ivanhoe,tt0084157,0.0,0.0,1982.0,ivanhoe,6.7,5992.0,Norilana Books,556,3.75,total:82057,Walter Scott
1296,Blood on the Moon,tt0040175,0.0,1205.4216216216216,1948.0,blood on the moon,6.9,3828.0,BBC Audiobooks,7,3.44,total:2077,James Ellroy
1297,Overlord,tt0073502,0.0,0.0,1975.0,overlord,7.1,3666.0,Touchstone,396,4.17,total:4765,Max Hastings
1298,The Covenant,tt0475944,32550727.54641244,61191251.74775714,2006.0,the covenant,5.2,54396.0,St. Martin's Griffin,276,3.94,total:1682,Naomi Ragen
1299,The Crusades,tt0026249,0.0,0.0,1935.0,the crusades,6.5,1408.0,TAN Books,256,4.03,total:187,Hilaire Belloc
1300,The Fountain,tt0414993,56963773.20622177,24909265.22589061,2006.0,the fountain,7.1,255797.0,Hesperides Press,436,3.53,total:34,Charles Morgan
1301,The Bridge,tt0799954,0.0,0.0,2006.0,the bridge,7.2,12683.0,Liveright,76,4.12,total:920,Hart Crane
1302,Household Saints,tt0107152,0.0,0.0,1993.0,household saints,6.9,1252.0,Harper Perennial,272,3.7,total:438,Francine Prose
1303,All the King's Men,tt0405676,89514500.75263421,15381678.665810334,2006.0,all the king's men,6.1,26349.0,Harcourt Brace,439,4.09,total:54036,Robert Penn Warren
1304,The Assault,tt0090576,0.0,601456.1911555959,1986.0,the assault,7.2,3592.0,Penguin Books,176,3.78,total:171,Reinaldo Arenas
1305,The Guardian,tt0406816,113927546.41244352,89533595.00941293,2006.0,the guardian,6.9,102105.0,Thomas Nelson Publishers,239,3.71,total:84,Jane Hamilton
1306,Dante's Inferno,tt0026262,0.0,0.0,1935.0,dante's inferno,6.6,990.0,Indiana University Press,432,4.0,total:134162,Dante Alighieri
1307,Antibodies,tt0337573,3216592.9018789143,0.0,2005.0,antibodies,6.9,9464.0,AudioText,1,3.46,total:69,Charles Stross
1308,Running with Scissors,tt0439289,19530436.527847465,10993842.220090317,2006.0,running with scissors,6.1,23600.0,Atlantic Books,320,3.72,total:341549,Augusten Burroughs
1309,The Elementary Particles,tt0430051,9765218.263923733,0.0,2006.0,the elementary particles,6.5,8423.0,Vintage,272,3.8,total:29396,Michel Houellebecq
1310,Little Children,tt0404203,42315945.81033617,24122787.567205217,2006.0,little children,7.5,120789.0,St. Martin's Griffin,368,3.62,total:29201,Tom Perrotta
1311,Marie Antoinette,tt0030418,0.0,0.0,1938.0,marie antoinette,7.3,3508.0,Rizzoli,144,4.17,total:115,Sofia Coppola
1312,Children of Men,tt0206634,123692764.67636728,113862039.70079276,2006.0,children of men,7.9,557050.0,Persea Books,236,1.0,total:1,Jeanne Schinto
1313,The Prestige,tt0482571,65101455.09282488,178502185.88282987,2006.0,the prestige,8.5,1549131.0,Tor Books,368,3.89,total:16868,Christopher Priest
1314,Flags of Our Fathers,tt0418689,146478273.958856,107255052.52198696,2006.0,flags of our fathers,7.1,133104.0,Bantam,382,4.19,total:49050,James D. Bradley
1315,Platform,tt0258885,0.0,0.0,2000.0,platform,7.4,3374.0,Vintage,259,3.8,total:16100,Michel Houellebecq
1316,Perfume: The Story of a Murderer,tt0396171,81376818.8660311,215128284.0484897,2006.0,perfume: the story of a murderer,7.5,275965.0,Vintage International,255,4.02,total:300951,Patrick Süskind
1317,A Good Year,tt0401445,56963773.20622177,68460861.06693426,2006.0,a good year,6.9,105688.0,Vintage,287,3.66,total:7591,Peter Mayle
1318,The Return,tt0433442,24413045.65980933,19517439.02233818,2006.0,the return,4.7,12693.0,Hesperus Press,75,3.61,total:213,Joseph Conrad
1319,Red Dust,tt0388364,0.0,0.0,2004.0,red dust,6.7,2610.0,W. W. Norton  Company,352,3.6,total:436,Gillian Slovo
1320,Casino Royale,tt0381061,244130456.5980933,974969091.5869542,2006.0,casino royale,8.0,729704.0,Blackstone Audiobooks,4,3.73,total:60961,Ian Fleming
1321,Deck the Halls,tt0790604,0.0,76870284.5647767,2006.0,deck the halls,5.1,37042.0,Pocket Books,292,3.61,total:7928,Mary Higgins Clark
1322,La Bête Humaine,tt0029957,0.0,0.0,1938.0,la bête humaine,7.5,8846.0,Gallimard,462,4.06,total:8016,Émile Zola
1323,The Great Train Robbery,tt0000439,0.0,0.0,1903.0,the great train robbery,7.2,22395.0,Avon,329,3.86,total:24793,Michael Crichton
1324,She,tt0059710,0.0,0.0,1965.0,she,5.8,3891.0,MTV Books,128,4.2,total:1786,Saul Williams
1325,Charlotte's Web,tt0413895,138340592.07225287,234365238.3341696,2006.0,charlotte's web,6.3,49194.0,Puffin,176,4.17,total:1346349,E.B. White
1326,Daniel,tt0085398,0.0,0.0,1983.0,daniel,6.6,1724.0,W Publishing Group,113,3.76,total:33,John E. Goldingay
1327,Power,tt0091786,0.0,0.0,1986.0,power,5.7,3683.0,Penguin Books,484,4.32,total:496,Michel Foucault
1328,Power,tt0091786,0.0,0.0,1986.0,power,5.7,3683.0,New York University Press,283,3.89,total:384,Cherryl Walker
1329,Lost Horizon,tt0070337,91.15728337236531,0.0,1973.0,lost horizon,5.2,3043.0,Harper Perennial,241,3.92,total:16845,James Hilton
1330,The Painted Veil,tt0446755,31574205.720020067,0.0,2006.0,the painted veil,7.4,99102.0,Vintage,246,3.93,total:34074,W. Somerset Maugham
1331,The Plague Dogs,tt0084509,0.0,0.0,1982.0,the plague dogs,7.7,9663.0,Ballantine Books,390,3.85,total:6783,Richard  Adams
1332,The Decameron,tt0065622,0.0,0.0,1971.0,the decameron,7.0,13381.0,Penguin Books,909,3.88,total:31101,Giovanni Boccaccio
1333,Notes on a Scandal,tt0465551,24413045.65980933,80514068.34255895,2006.0,notes on a scandal,7.4,88219.0,Penguin,244,3.71,total:18341,Zoë Heller
1334,Inferno,tt0139151,29541712.204007287,0.0,1999.0,inferno,5.2,11368.0,Modern Library,490,4.0,total:134162,Dante Alighieri
1335,Venus,tt0489327,0.0,0.0,2006.0,venus,7.1,13747.0,Twenty-First Century Books (CT),64,5.0,total:1,Ron     Miller
1336,Time,tt0497986,0.0,23993.14127446061,2006.0,time,7.1,13200.0,Harry N. Abrams,206,4.4,total:1075,Andy Goldsworthy
1337,Bridge to Terabithia,tt0398808,95666373.3735751,219374255.6721933,2007.0,bridge to terabithia,7.2,186675.0,HarperTeen,191,4.0,total:422564,Katherine Paterson
1338,House,tt0076162,0.0,0.0,1977.0,house,7.2,38261.0,Mariner Books,352,3.98,total:2076,Tracy Kidder
1339,The Secret,tt0846789,0.0,0.0,2006.0,the secret,5.5,14406.0,Hesperus Press,123,3.33,total:209,Charlotte Brontë
1340,Hannibal Rising,tt0367959,79721977.81131259,131014913.38012256,2007.0,hannibal rising,6.1,120414.0,Random House Audio,0,3.5,total:33263,Thomas  Harris
1341,The Strange Case of Dr. Jekyll and Mr. Hyde,tt0062908,0.0,0.0,1968.0,the strange case of dr. jekyll and mr. hyde,6.7,857.0,Viking Juvenile,112,3.81,total:358754,Robert Louis Stevenson
1342,The Odyssey,tt0118414,0.0,0.0,1997.0,the odyssey,7.0,17550.0,Penguin Classics,541,3.76,total:829841,Homer
1343,The Odyssey,tt0118414,0.0,0.0,1997.0,the odyssey,7.0,17550.0,Viking,541,3.76,total:831670,Homer
1344,The Canterbury Tales,tt0067647,0.0,0.0,1972.0,the canterbury tales,6.3,8912.0,Penguin Classics,504,3.5,total:182495,Geoffrey Chaucer
1345,Next,tt0435705,111610768.9358376,121283980.20757283,2007.0,next,6.2,172952.0,Harper,431,3.5,total:63646,Michael Crichton
1346,Breaking and Entering,tt0443456,0.0,14606860.67773206,2006.0,breaking and entering,6.5,23709.0,Collins Harvill,224,4.03,total:462,Joy Williams
1347,Zodiac,tt0443706,103638571.15470636,135186015.09239712,2007.0,zodiac,7.7,653171.0,Denoël,391,3.72,total:17324,Neal Stephenson
1348,The Lathe of Heaven,tt0081036,0.0,0.0,1980.0,the lathe of heaven,7.1,2950.0,Harper Perennial Modern Classics,176,4.11,total:48201,Ursula K. Le Guin
1349,The Ultimate Gift,tt0482629,0.0,0.0,2006.0,the ultimate gift,7.3,22312.0,Thomas Nelson,228,4.06,total:228,Rene Gutteridge
1350,300,tt0416449,105789864.52584045,687813830.3572102,2006.0,300,7.6,901748.0,Dark Horse,88,3.95,total:43093,Frank Miller
1351,Julius Caesar,tt0045943,0.0,0.0,1953.0,julius caesar,7.2,13867.0,"Oxford University Press, USA",128,3.68,total:161007,William Shakespeare
1352,The Host,tt0468492,17902900.15052684,144020112.99861515,2006.0,the host,7.1,140991.0,Spectra,358,3.9,total:83,Peter Emshwiller
1353,The Namesake,tt0433416,19530436.527847465,32776688.186894126,2006.0,the namesake,7.5,22577.0,Mariner Books,291,3.99,total:226759,Jhumpa Lahiri
1354,Wilderness,tt0465670,0.0,0.0,2006.0,wilderness,6.1,10766.0,Dell,256,3.71,total:1262,Robert B. Parker
1355,The Italian,tt0450450,0.0,0.0,2005.0,the italian,7.5,3392.0,Penguin Classics,544,3.51,total:4437,Ann Radcliffe
1356,Dreamland,tt0417614,0.0,0.0,2006.0,dreamland,6.3,2561.0,Speak,250,3.91,total:72358,Sarah Dessen
1357,Dreamland,tt0417614,0.0,0.0,2006.0,dreamland,6.3,2561.0,Harper Perennial,657,3.71,total:1657,Kevin Baker
1358,Firehouse Dog,tt0476995,0.0,0.0,2007.0,firehouse dog,5.5,6543.0,Cartwheel Books,32,3.8,total:20,Amy Hutchings
1359,Sunshine,tt0448134,79721977.81131259,51050451.60665955,2007.0,sunshine,7.2,282004.0,Jove,405,3.85,total:35681,Robin McKinley
1360,The Condemned,tt0443473,0.0,13780514.674046507,2007.0,the condemned,6.0,55677.0,Six Gallery Press,118,4.22,total:64,Noah Cicero
1361,Lucky You,tt0338216,0.0,9187028.384492496,2007.0,lucky you,5.9,21521.0,Grand Central Publishing,464,3.86,total:12705,Carl Hiaasen
1362,Tales from Earthsea,tt0495596,35805800.30105368,110672473.6578023,2006.0,tales from earthsea,6.3,47427.0,Turtleback Books,336,4.05,total:18052,Ursula K. Le Guin
1363,Year of the Dog,tt0756729,0.0,0.0,2007.0,year of the dog,6.0,6761.0,University of Texas Press,227,3.47,total:106,Shelby Hearon
1364,Thr3e,tt0486028,0.0,0.0,2006.0,thr3e,4.9,4794.0,Oasis Audio,0,4.09,total:30613,Ted Dekker
1365,Red Dust,tt0023382,0.0,0.0,1932.0,red dust,7.2,5211.0,W. W. Norton  Company,352,3.6,total:436,Gillian Slovo
1366,Once,tt0907657,255110.32899620023,33021661.156938016,2007.0,once,7.8,124159.0,Mariner Books,96,3.92,total:286,Alice Walker
1367,Paranoid Park,tt0842929,0.0,774931.107556639,2007.0,paranoid park,6.6,32640.0,Viking Books,180,3.63,total:1336,Blake Nelson
1368,The Legend of Sleepy Hollow,tt0079453,0.0,0.0,1980.0,the legend of sleepy hollow,6.0,928.0,Wildside Press,108,3.73,total:46297,Washington Irving
1369,The Wedding Night,tt0027189,0.0,0.0,1935.0,the wedding night,6.6,1168.0,MIRA,256,3.45,total:854,Jayne Ann Krentz
1370,The Mistress of Spices,tt0407998,0.0,0.0,2005.0,the mistress of spices,5.5,5771.0,Anchor,338,3.48,total:12237,Chitra Banerjee Divakaruni
1371,Silk,tt0486480,0.0,0.0,2006.0,silk,6.4,3622.0,Vintage Books USA,91,3.84,total:34333,Alessandro Baricco
1372,Alice in Wonderland,tt0088693,42962649.00662252,0.0,1985.0,alice in wonderland,7.2,3562.0,Gramercy Books,92,4.03,total:367242,Jane Carruth
1373,Alice in Wonderland,tt0088693,42962649.00662252,0.0,1985.0,alice in wonderland,7.2,3562.0,Scholastic Paperbacks,160,4.02,total:214824,Lewis Carroll
1374,The Homecoming,tt0070188,0.0,0.0,1973.0,the homecoming,6.8,907.0,Collins Design,56,4.08,total:910,Ray Bradbury
1375,The Woman Chaser,tt0217894,0.0,0.0,1999.0,the woman chaser,7.0,763.0,Newstand Library,192,3.93,total:600,Charles Willeford
1376,The Man in the Iron Mask,tt0031619,0.0,0.0,1939.0,the man in the iron mask,7.0,2124.0,Turtleback Books,592,3.99,total:64230,Alexandre Dumas
1377,The Man in the Iron Mask,tt0031619,0.0,0.0,1939.0,the man in the iron mask,7.0,2124.0,Abdo Publishing Company,238,4.07,total:627,Raymond H. Harris
1378,Evening,tt0765447,0.0,0.0,2007.0,evening,6.4,14330.0,Vintage,288,3.37,total:4327,Susan Minot
1379,Transformers,tt0418279,239165933.43393776,1131589346.6726308,2007.0,transformers,7.1,706614.0,Del Rey Books,291,4.06,total:1156,Alan Dean Foster
1380,Harry Potter and the Order of the Phoenix,tt0373889,239165933.43393776,1495923501.6225364,2007.0,harry potter and the order of the phoenix,7.5,681586.0,Turtleback Books,870,4.5,total:2361179,J.K. Rowling
1381,When the Wind Blows,tt0090315,0.0,15566.12222020018,1986.0,when the wind blows,7.7,14212.0,Dell,352,3.85,total:4385,John Saul
1382,Stardust,tt0486655,111610768.9358376,216142267.69745916,2007.0,stardust,7.6,295477.0,Harper Perennial,248,4.09,total:339986,Neil Gaiman
1383,Tell No One,tt0362225,0.0,0.0,2006.0,tell no one,7.5,60411.0,Dell Publishing Company,370,4.11,total:110413,Harlan Coben
1384,The Last Legion,tt0462396,106827450.26715888,40344164.67989598,2007.0,the last legion,5.4,37998.0,Pan Publishing,426,3.78,total:4903,Valerio Massimo Manfredi
1385,The Nanny Diaries,tt0489237,31888791.124525037,76115513.38464487,2007.0,the nanny diaries,6.2,66947.0,St. Martin's Paperbacks,384,3.43,total:353355,Emma McLaughlin
1386,Halloween,tt0373883,23916593.343393777,127960005.45694242,2007.0,halloween,6.1,137373.0,Bantam,166,4.13,total:7398,Richard Curtis
1387,Brighton Rock,tt0039220,0.0,0.0,1947.0,brighton rock,7.3,7460.0,Vintage,269,3.73,total:23954,Graham Greene
1388,Hunting and Gathering,tt0792965,0.0,0.0,2007.0,hunting and gathering,6.7,12874.0,Riverhead Books,488,4.11,total:16188,Anna Gavalda
1389,Atonement,tt0783233,47833186.68678755,206106920.9359556,2007.0,atonement,7.8,321300.0,Vintage,372,3.9,total:424167,Ian McEwan
1390,Far from the Madding Crowd,tt0061648,0.0,0.0,1967.0,far from the madding crowd,7.2,6673.0,Signet Classics,400,3.94,total:121179,Thomas Hardy
1391,Far from the Madding Crowd,tt0061648,0.0,0.0,1967.0,far from the madding crowd,7.2,6673.0,Penguin Books,433,3.94,total:121179,Thomas Hardy
1392,Into the Wild,tt0758758,23916593.343393777,89695423.64592478,2007.0,into the wild,8.0,688715.0,Anchor Books,207,3.98,total:839530,Jon Krakauer
1393,Sleuth,tt0857265,0.0,546629.6852588269,2007.0,sleuth,6.3,33710.0,Marion Boyars,93,4.13,total:567,Anthony Shaffer
1394,The Killing Floor,tt0756672,0.0,0.0,2007.0,the killing floor,5.5,3393.0,Mariner Books,64,4.26,total:91,Ai
1395,Persepolis,tt0808417,11639408.760451635,0.0,2007.0,persepolis,8.0,104034.0,Darwin Press Inc,129,3.33,total:3,Donald Newton Wilber
1396,The Jane Austen Book Club,tt0866437,0.0,0.0,2007.0,the jane austen book club,6.7,29594.0,G.P. Putnam's Sons,288,3.08,total:62683,Karen Joy Fowler
1397,Fugitive Pieces,tt0765451,0.0,0.0,2007.0,fugitive pieces,6.9,2763.0,Vintage,304,3.93,total:13518,Anne Michaels
1398,Outlaw,tt0758771,0.0,0.0,2007.0,outlaw,5.7,13034.0,Urban Books,288,4.51,total:105,Roy Glenn
1399,Silk,tt0494834,31888791.124525037,0.0,2007.0,silk,5.8,11983.0,Vintage Books USA,91,3.84,total:34333,Alessandro Baricco
1400,"Mary, Queen of Scots",tt0067402,0.0,0.0,1971.0,"mary, queen of scots",7.1,5175.0,National Museums of Scotland,40,4.0,total:1,Elizabeth Douglas
1401,The Sea Wolf,tt0034162,0.0,0.0,1941.0,the sea wolf,7.5,4873.0,Alan Rodgers Books,425,4.04,total:23825,Jack London
1402,Chilly Scenes of Winter,tt0079278,0.0,0.0,1979.0,chilly scenes of winter,7.0,2096.0,Vintage,288,3.91,total:1211,Ann Beattie
1403,No Country for Old Men,tt0477348,39860988.90565629,273605827.8484248,2007.0,no country for old men,8.2,1156004.0,Vintage,309,4.14,total:136019,Cormac McCarthy
1404,Beowulf,tt0442933,111610768.9358376,312089023.2669966,2007.0,beowulf,6.3,178579.0,Signet Classics,160,3.44,total:224499,Unknown
1405,Love in the Time of Cholera,tt0484740,71749780.03018132,7346552.454784527,2007.0,love in the time of cholera,6.4,24706.0,Vintage International,348,3.92,total:388098,Gabriel García Márquez
1406,I Served the King of England,tt0284363,0.0,0.0,2006.0,i served the king of england,7.3,8462.0,Vintage International,241,4.11,total:6794,Bohumil Hrabal
1407,The Mist,tt0884328,28699912.01207253,91036423.84580974,2007.0,the mist,7.1,366443.0,Simon & Schuster Audio,2,3.95,total:108386,Stephen King
1408,This Christmas,tt0937375,20727714.230941277,0.0,2007.0,this christmas,6.4,10976.0,Zebra,480,3.19,total:1611,Jane Green
1409,I Am Legend,tt0480249,239165933.43393776,933303615.7418758,2007.0,i am legend,7.2,862743.0,Millenium,160,4.07,total:88522,Richard Matheson
1410,Noise,tt0362538,0.0,0.0,2004.0,noise,5.4,592.0,Nick Hern Books,84,0.0,total:0,Alex Jones
1411,Mary,tt0425236,0.0,0.0,2005.0,mary,5.8,2168.0,Vintage,114,3.68,total:5160,Vladimir Nabokov
1412,Between Two Worlds,tt0036641,0.0,0.0,1944.0,between two worlds,7.1,2570.0,"Oxford University Press, USA",302,3.5,total:6,Andrew Barratt
1413,The Kite Runner,tt0419887,31888791.124525037,116834227.86069396,2007.0,the kite runner,7.6,84397.0,Riverhead Books,324,4.3,total:2319239,Khaled Hosseini
1414,Robin Hood,tt0013556,0.0,0.0,1922.0,robin hood,7.0,2636.0,Atheneum Books for Young Readers,64,4.0,total:1329,Paul Creswick
1415,Train Man,tt0456121,0.0,0.0,2005.0,train man,6.7,2461.0,St. Martin's Paperbacks,448,3.94,total:388,P.T. Deutermann
1416,As You Like It,tt0450972,0.0,0.0,2006.0,as you like it,6.0,3993.0,Applause Theatre & Cinema Book Publishers,114,3.83,total:69587,William Shakespeare
1417,Ricochet,tt0102789,0.0,0.0,1991.0,ricochet,6.2,22328.0,Simon & Schuster,400,3.97,total:17400,Sandra Brown
1418,Ricochet,tt0102789,0.0,0.0,1991.0,ricochet,6.2,22328.0,Simon & Schuster,385,3.97,total:17429,Sandra Brown
1419,P.S. I Love You,tt0431308,47833186.68678755,250064468.31575373,2007.0,p.s. i love you,7.0,223654.0,Thomas Nelson Publishers,160,3.94,total:316,H. Jackson Brown Jr.
1420,Savages,tt0069226,0.0,0.0,1972.0,savages,5.5,418.0,Random House Value Publishing,0,4.06,total:671,Joe Kane
1421,The Eye,tt0406759,18345395.760083705,86085411.86897546,2008.0,the eye,5.4,58370.0,Vintage,104,3.68,total:4090,Vladimir Nabokov
1422,The Count of Monte Cristo,tt0025004,0.0,0.0,1934.0,the count of monte cristo,7.4,3668.0,Tor Classics,580,4.25,total:717363,Alexandre Dumas
1423,Hunger,tt0061042,0.0,0.0,1966.0,hunger,7.7,3533.0,Penguin Books,192,3.92,total:1091,Lan Samantha Chang
1424,Already Dead,tt0937347,0.0,0.0,2007.0,already dead,5.6,2175.0,Harper Perennial,448,3.69,total:2239,Denis Johnson
1425,The Other Boleyn Girl,tt0467200,53507404.30024414,0.0,2008.0,the other boleyn girl,6.7,125590.0,Atria Books,664,4.06,total:446450,Philippa Gregory
1426,Horton Hears a Who!,tt0451079,129946553.30059291,454259538.5162744,2008.0,horton hears a who!,6.8,156584.0,Random House Books for Young Readers,64,4.18,total:93580,Dr. Seuss
1427,The Counterfeiters,tt0813547,0.0,0.0,2007.0,the counterfeiters,7.5,48240.0,Vintage,451,3.86,total:7287,André Gide
1428,The Woman in White,tt0040974,0.0,0.0,1948.0,the woman in white,6.6,2021.0,Penguin Classics,672,4.0,total:124562,Wilkie Collins
1429,The Woman in White,tt0040974,0.0,0.0,1948.0,the woman in white,6.6,2021.0,Everyman's Library,664,4.0,total:124591,Wilkie Collins
1430,The Promised Land,tt0072446,0.0,0.0,1975.0,the promised land,7.8,4372.0,Abingdon Press,48,0.0,total:0,Linda Robinson Whited
1431,Pirates,tt0091757,118059326.66060054,4845818.849863512,1986.0,pirates,6.0,10017.0,Atheneum Books for Young Readers,32,3.98,total:323,John Matthews
1432,Dark Matter,tt0416675,0.0,0.0,2007.0,dark matter,6.0,3739.0,Coronet Books (GB),519,3.77,total:8321,Greg Iles
1433,The Visitor,tt0857191,0.0,14723868.026366884,2007.0,the visitor,7.6,45773.0,Harper Voyager,512,3.8,total:1738,Sheri S. Tepper
1434,Black Friday,tt0032258,0.0,0.0,1940.0,black friday,6.3,3250.0,Vision,480,3.68,total:11753,James Patterson
1435,Deception,tt0800240,38219574.50017439,27122594.425631795,2008.0,deception,6.0,41973.0,Vintage,208,3.33,total:2129,Philip Roth
1436,Deception,tt0800240,38219574.50017439,27122594.425631795,2008.0,deception,6.0,41973.0,Back Bay Books,336,3.56,total:1882,Denise Mina
1437,The Fall,tt0460791,0.0,5609815.637731296,2008.0,the fall,7.8,125537.0,Vintage,147,4.04,total:66894,Albert Camus
1438,Bella,tt0482463,0.0,0.0,2006.0,bella,7.0,11226.0,Corgi,256,3.65,total:628,Jilly Cooper
1439,The Quiet American,tt0052106,0.0,0.0,1958.0,the quiet american,6.6,2293.0,Penguin Classics Deluxe Editions,180,3.97,total:45078,Graham Greene
1440,Sex and the City,tt1000774,99370893.7004534,634831391.6372788,2008.0,sex and the city,5.7,132079.0,Livre de Poche,286,3.41,total:49214,Candace Bushnell
1441,Stuck,tt0758786,7972197.781131258,0.0,2007.0,stuck,6.4,10671.0,Xlibris Corporation,152,4.75,total:8,Evan Roskos
1442,The Lost World,tt0054038,0.0,0.0,1960.0,the lost world,5.5,4954.0,Random House Value Publishing,0,3.78,total:115266,Michael Crichton
1443,The Protector,tt0089847,0.0,0.0,1985.0,the protector,5.7,5775.0,Warner Books (NY),482,3.94,total:2558,David Morrell
1444,The Protector,tt0089847,0.0,0.0,1985.0,the protector,5.7,5775.0,Jove Books,189,3.0,total:2,Malcolm Braly
1445,The Three Musketeers,tt0012752,0.0,0.0,1921.0,the three musketeers,6.9,1246.0,Viking,704,4.07,total:262810,Alexandre Dumas
1446,Tom Sawyer,tt0070814,0.0,0.0,1973.0,tom sawyer,6.4,2839.0,Globe Fearon,0,3.91,total:726009,Mark Twain
1447,Brick Lane,tt0940585,0.0,0.0,2007.0,brick lane,6.6,3350.0,Scribner,432,3.41,total:27267,Monica Ali
1448,Two Women,tt0212573,0.0,0.0,1999.0,two women,6.7,1791.0,Zoland Books,331,3.97,total:1679,Alberto Moravia
1449,The Stone Angel,tt0847897,0.0,755753.1885743497,2007.0,the stone angel,6.1,1864.0,University of Chicago Press,318,3.72,total:10882,Margaret Laurence
1450,Sublime,tt0822858,0.0,0.0,2007.0,sublime,5.3,7182.0,Alfred Publishing Company,62,0.0,total:0,Sublime
1451,Towelhead,tt0787523,0.0,562038.7172038044,2008.0,towelhead,6.9,12255.0,Simon  Schuster,336,3.61,total:3671,Alicia Erian
1452,Breath,tt0901475,0.0,0.0,2007.0,breath,6.9,5264.0,Knopf,96,3.98,total:249,Philip Levine
1453,Breath,tt0901475,0.0,0.0,2007.0,breath,6.9,5264.0,Simon Pulse,260,3.77,total:896,Donna Jo Napoli
1454,Watchmen,tt0409459,198967786.98928437,283542845.1338112,2009.0,watchmen,7.6,604865.0,DC Comics,464,4.36,total:474288,Alan Moore
1455,Bravo Two Zero,tt0120617,0.0,0.0,1999.0,bravo two zero,6.7,4529.0,Corgi,416,4.09,total:11365,Andy McNab
1456,Brideshead Revisited,tt0412536,30575659.60013951,20186495.343859285,2008.0,brideshead revisited,6.6,14090.0,Back Bay Books,351,4.0,total:90318,Evelyn Waugh
1457,Blindsight,tt0841084,0.0,0.0,2006.0,blindsight,7.2,721.0,New Directions,114,4.28,total:68,Rosmarie Waldrop
1458,Heart of a Dog,tt0096126,0.0,0.0,1988.0,heart of a dog,8.5,10067.0,,132,4.1,total:38812,Mikhail Bulgakov
1459,The End of Summer,tt0055052,0.0,0.0,1961.0,the end of summer,7.7,4804.0,St. Martin's Paperbacks,233,3.76,total:4443,Rosamunde Pilcher
1460,Still Life,tt1127347,0.0,0.0,2007.0,still life,0.0,0.0,Bulfinch,144,4.22,total:40,Irving Penn
1461,Mirrors,tt0790686,53507404.30024414,110739595.0755135,2008.0,mirrors,6.1,118120.0,American University in Cairo Press,184,3.85,total:1859,Naguib Mahfouz
1462,Noise,tt0425308,0.0,0.0,2008.0,noise,6.1,4621.0,Nick Hern Books,84,0.0,total:0,Alex Jones
1463,The Woman in Black,tt0098672,0.0,0.0,1989.0,the woman in black,7.0,6808.0,David R. Godine Publisher,138,3.72,total:45109,Susan Hill
1464,The Woman in Black,tt0098672,0.0,0.0,1989.0,the woman in black,7.0,6808.0,Harlequin Intrigue,250,3.88,total:8,Jenna Ryan
1465,John Adams,tt0472027,0.0,0.0,2008.0,john adams,8.4,39199.0,Simon & Schuster Paperbacks,751,4.06,total:293110,David McCullough
1466,John Adams,tt0472027,0.0,0.0,2008.0,john adams,8.4,39199.0,Enslow Publishers,48,4.0,total:2,Stephen Feinstein
1467,Tobacco Road,tt0034297,0.0,0.0,1941.0,tobacco road,6.4,2697.0,University of Georgia Press,192,3.73,total:13413,Erskine Caldwell
1468,Private Parts,tt0069124,0.0,0.0,1972.0,private parts,6.4,2020.0,Pocket Books,660,3.77,total:4246,Howard Stern
1469,On the Beach,tt0219224,0.0,0.0,2000.0,on the beach,6.9,4491.0,House of Stratus,296,3.94,total:33872,Nevil Shute
1470,Miracle at St. Anna,tt1046997,68795234.1003139,14254117.198827378,2008.0,miracle at st. anna,6.1,19583.0,Riverhead Books,336,3.75,total:2616,James   McBride
1471,1984,tt0048918,0.0,0.0,1956.0,1984,6.9,4689.0,New American Library,328,4.18,total:2917777,George Orwell
1472,Nights in Rodanthe,tt0956038,0.0,128991157.19385034,2008.0,nights in rodanthe,6.0,27204.0,Warner Books,212,3.84,total:149519,Nicholas Sparks
1473,The Wrong Man,tt0108597,0.0,0.0,1993.0,the wrong man,5.9,857.0,Harlequin Superromance,304,3.26,total:42,Laura Abbot
1474,"20,000 Leagues Under the Sea",tt0006333,0.0,0.0,1916.0,"20,000 leagues under the sea",6.1,2185.0,IndyPublish,440,3.88,total:186838,Jules Verne
1475,"20,000 Leagues Under the Sea",tt0006333,0.0,0.0,1916.0,"20,000 leagues under the sea",6.1,2185.0,Evans Brothers,48,3.76,total:728,Pauline Francis
1476,The Secret Life of Bees,tt0416212,16816612.78007673,58254879.3224429,2008.0,the secret life of bees,7.2,29387.0,Penguin Books,302,4.05,total:1083099,Sue Monk Kidd
1477,The Wave,tt1063669,11465872.350052316,29046876.62013253,2008.0,the wave,7.6,120059.0,Grand Central Publishing,240,3.27,total:934,Walter Mosley
1478,Quarantine,tt1082868,18345395.760083705,62459069.20825361,2008.0,quarantine,6.0,82118.0,Picador,256,3.69,total:3379,Jim Crace
1479,The Adventures of Huckleberry Finn,tt0031020,0.0,0.0,1939.0,the adventures of huckleberry finn,6.8,1532.0,Penguin Classics,327,3.82,total:1117780,Mark Twain
1480,Resistance,tt0306011,0.0,0.0,2003.0,resistance,5.4,760.0,Vintage,180,3.83,total:332,Barry  Lopez
1481,Resistance,tt0306011,0.0,0.0,2003.0,resistance,5.4,760.0,Little Brown and Company,284,3.76,total:8052,Anita Shreve
1482,The Adventures of Tom Sawyer,tt0029844,0.0,0.0,1938.0,the adventures of tom sawyer,7.1,2426.0,University of California Press,288,3.91,total:725859,Mark Twain
1483,Blindness,tt0861689,38219574.50017439,30338666.133795846,2008.0,blindness,6.5,76715.0,Houghton Mifflin Harcourt Publishing Company,326,4.12,total:183687,José Saramago
1484,Changeling,tt0824747,84083063.90038365,172783442.24004826,2008.0,changeling,7.7,272786.0,iBooks,244,3.71,total:2059,Roger Zelazny
1485,The Road,tt0898367,48976686.02813153,42296426.75864542,2009.0,the road,7.2,266651.0,Alfred A. Knopf,241,3.97,total:683245,Cormac McCarthy
1486,A Tale of Two Cities,tt0052270,0.0,0.0,1958.0,a tale of two cities,7.1,1736.0,Simon  Schuster,496,3.84,total:781949,Charles Dickens
1487,A Tale of Two Cities,tt0052270,0.0,0.0,1958.0,a tale of two cities,7.1,1736.0,In Audio,12,3.84,total:782355,Charles Dickens
1488,The Island,tt0851577,0.0,0.0,2006.0,the island,7.8,13103.0,Scholastic Paperbacks,208,3.72,total:1503,Gary Paulsen
1489,Fanny,tt0054866,0.0,0.0,1961.0,fanny,6.8,2904.0,Signet,544,3.78,total:1134,Erica Jong
1490,The Face of Another,tt0061065,0.0,0.0,1966.0,the face of another,7.8,11567.0,Vintage,238,3.78,total:3151,Kōbō Abe
1491,Australia,tt0455824,198741787.4009068,75757314.84883162,2008.0,australia,6.6,132890.0,DK Publishing (Dorling Kindersley),616,4.07,total:237,Kate Hemphill
1492,Twilight,tt1099212,56564970.26025809,600225613.9677812,2008.0,twilight,5.3,516093.0,Schocken,224,3.92,total:823,Elie Wiesel
1493,The Children,tt1172571,0.0,0.0,2008.0,the children,5.9,19534.0,Virago,368,3.73,total:705,Edith Wharton
1494,The Boy in the Striped Pyjamas,tt0914798,19109787.250087194,31212494.024640158,2008.0,the boy in the striped pyjamas,7.7,267289.0,Definitions (Young Adult),216,4.14,total:473137,John Boyne
1495,Hunger,tt0986233,0.0,4165129.480671525,2008.0,hunger,7.5,75896.0,Penguin Books,192,3.92,total:1091,Lan Samantha Chang
1496,The Lovers,tt0052556,0.0,0.0,1958.0,the lovers,7.1,6281.0,Dutton Books,304,3.31,total:104,Morris L. West
1497,Pandora's Box,tt1285130,0.0,0.0,2008.0,pandora's box,7.1,3111.0,Strebor Books,283,3.96,total:276,Allison Hobbs
1498,The Reader,tt0976051,48921055.36022321,172781966.96447256,2008.0,the reader,7.6,271300.0,Random House Audio,4,3.76,total:165031,Bernhard Schlink
1499,Love,tt0450363,0.0,0.0,2005.0,love,5.8,429.0,Miramax Books,43,4.46,total:1464,Pablo Neruda
1500,Love,tt0450363,0.0,0.0,2005.0,love,5.8,429.0,Vintage Classics,122,3.69,total:1130,Angela Carter
1501,The Memory Keeper's Daughter,tt0955298,0.0,0.0,2008.0,the memory keeper's daughter,6.6,3108.0,Penguin Books,401,3.67,total:550326,Kim Edwards
1502,Yes Man,tt1068680,107014808.60048828,345491160.80153084,2008.0,yes man,6.8,399798.0,Gallery Books,371,4.08,total:8830,Danny Wallace
1503,Birds of America,tt1029134,0.0,0.0,2008.0,birds of america,6.0,5666.0,Picador USA,291,4.11,total:13529,Lorrie Moore
1504,Birds of America,tt1029134,0.0,0.0,2008.0,birds of america,6.0,5666.0,Mariner Books,348,3.47,total:261,Mary McCarthy
1505,Choke,tt1024715,4586348.940020926,5855448.256694977,2008.0,choke,6.4,34607.0,HarperTorch,352,3.84,total:2804,Stuart Woods
1506,Choke,tt1024715,4586348.940020926,5855448.256694977,2008.0,choke,6.4,34607.0,DoubleDay,304,3.7,total:182483,Chuck Palahniuk
1507,Revolutionary Road,tt0959337,53507404.30024414,115003759.11762989,2008.0,revolutionary road,7.3,232825.0,Methuen,355,3.91,total:74824,Richard Yates
1508,The Vanishing Point,tt0847487,0.0,0.0,2007.0,the vanishing point,6.4,714.0,Mariner Books,369,3.67,total:1135,Mary Sharratt
1509,The Tale of Despereaux,tt0420238,91726978.80041853,77780113.34734699,2008.0,the tale of despereaux,6.1,41168.0,Candlewick Press,267,4.04,total:153529,Kate DiCamillo
1510,The Tale of Despereaux,tt0420238,91726978.80041853,77780113.34734699,2008.0,the tale of despereaux,6.1,41168.0,Candlewick Press,272,4.04,total:153941,Kate DiCamillo
1511,Hamlet,tt0243951,0.0,0.0,2000.0,hamlet,6.4,261.0,Cambridge University Press,289,4.02,total:695817,William Shakespeare
1512,Hamlet,tt0243951,0.0,0.0,2000.0,hamlet,6.4,261.0,Dover Publications,128,4.02,total:698155,William Shakespeare
1513,Maria,tt0319821,0.0,0.0,2003.0,maria,7.0,347.0,Panamericana Editorial,57,3.69,total:16,Gustavo Reyes
1514,Night Train,tt1020055,0.0,0.0,2009.0,night train,5.7,10155.0,Roaring Brook Press,32,3.26,total:58,Caroline Stutson
1515,The Visitor,tt0969307,0.0,0.0,2008.0,the visitor,6.2,638.0,Harper Voyager,512,3.8,total:1738,Sheri S. Tepper
1516,Outlander,tt0462465,76439149.00034878,10752974.857164403,2008.0,outlander,6.2,80838.0,Games Workshop(uk),254,3.85,total:55,Matt Keefe
1517,Coraline,tt0327597,91831286.30274662,190697458.2838161,2009.0,coraline,7.8,292949.0,William Morrow Paperbacks,162,4.06,total:451554,Neil Gaiman
1518,Chocolate,tt1183252,0.0,0.0,2008.0,chocolate,6.9,19351.0,Whitecap Books,158,4.35,total:37,Trish Deseine
1519,Push,tt0465580,58159814.65840619,69585614.82181633,2009.0,push,6.1,118670.0,Vintage,177,3.84,total:46913,Sapphire
1520,Wings,tt0061196,0.0,0.0,1966.0,wings,7.6,2466.0,Dell,480,3.85,total:5054,Danielle Steel
1521,Paris,tt0869994,29046876.62013253,36002839.17916427,2008.0,paris,6.8,13127.0,DK Publishing (Dorling Kindersley),448,4.19,total:2339,Alan Tillier
1522,The Rebel,tt0782154,2391659.334339377,0.0,2007.0,the rebel,6.8,2475.0,Vintage,320,4.15,total:11427,Albert Camus
1523,Fanny,tt0022877,0.0,0.0,1932.0,fanny,7.8,2081.0,Signet,544,3.78,total:1134,Erica Jong
1524,Billy Budd,tt0055796,0.0,0.0,1962.0,billy budd,7.8,5308.0,WWW.Readhowyouwant.com,132,3.12,total:14388,Herman Melville
1525,Night Has a Thousand Eyes,tt0040643,0.0,0.0,1948.0,night has a thousand eyes,7.0,2178.0,Pegasus Books,344,3.77,total:826,Cornell Woolrich
1526,The Body,tt0377651,0.0,0.0,2003.0,the body,6.3,1178.0,Penguin Books,80,4.25,total:32410,Stephen King
1527,Mammoth,tt1038043,15305214.383791104,0.0,2009.0,mammoth,6.8,10697.0,Ace Books,341,3.53,total:1282,John Varley
1528,Black Ice,tt0890883,0.0,0.0,2007.0,black ice,6.7,2854.0,Vintage,256,3.52,total:765,Lorene Cary
1529,Earth,tt0393597,23916593.343393777,173793911.62866142,2007.0,earth,7.9,14899.0,Spectra,704,3.92,total:6808,David Brin
1530,Love Songs,tt0996605,0.0,0.0,2007.0,love songs,7.0,10490.0,Pomona,259,4.38,total:37,Crass
1531,Management,tt1082853,0.0,3726296.264121208,2009.0,management,5.8,18885.0,Prentice Hall,736,3.54,total:26,Michael A. Hitt
1532,Management,tt1082853,0.0,3726296.264121208,2009.0,management,5.8,18885.0,Butterworth-Heinemann Ltd,576,4.29,total:1187,Peter F. Drucker
1533,Rhinoceros,tt0070605,0.0,0.0,1974.0,rhinoceros,5.7,1413.0,Copper Canyon Press,96,4.0,total:2,Kevin Ducey
1534,The Soloist,tt0821642,91831286.30274662,48548381.84777264,2009.0,the soloist,6.7,56426.0,Counterpoint,320,3.29,total:58,Nicholas Christopher
1535,Killshot,tt0443559,0.0,4526715.702319794,2008.0,killshot,6.0,22740.0,HarperTorch,334,3.73,total:5459,Elmore Leonard
1536,The Alibi,tt0409681,0.0,0.0,2006.0,the alibi,6.3,6561.0,Hachette Books,564,4.04,total:22868,Sandra Brown
1537,My Sister's Keeper,tt1078588,45915643.15137331,146493668.15927675,2009.0,my sister's keeper,7.3,101878.0,Limitless Corporation,252,3.86,total:125,Mavis Applewater
1538,Madame Bovary,tt0041615,0.0,0.0,1949.0,madame bovary,7.0,3210.0,Penguin Classics,327,3.67,total:237971,Gustave Flaubert
1539,The Group,tt0060479,0.0,0.0,1966.0,the group,6.5,2267.0,Signet,397,3.66,total:12827,Mary McCarthy
1540,Shiver,tt0896927,0.0,0.0,2008.0,shiver,6.0,3547.0,Vintage Books USA,15,3.6,total:634,Nikki Gemmell
1541,Jonathan Livingston Seagull,tt0070248,0.0,0.0,1973.0,jonathan livingston seagull,5.7,2451.0,Scribner,112,3.84,total:192105,Richard Bach
1542,The Collector,tt0844479,5203772.890488976,174479443.9752186,2009.0,the collector,6.3,78213.0,Back Bay Books,305,3.98,total:52004,John Fowles
1543,House,tt0837796,0.0,0.0,2008.0,house,4.5,6381.0,Mariner Books,352,3.98,total:2076,Tracy Kidder
1544,Obsessed,tt1198138,30610428.767582208,112998918.17281877,2009.0,obsessed,5.0,35642.0,Oasis Audio,0,3.91,total:7712,Ted Dekker
1545,Black Box,tt0414879,0.0,0.0,2005.0,black box,5.7,1990.0,Vintage,259,3.89,total:2815,Amos Oz
1546,The Time Traveler's Wife,tt0452694,59690336.09678531,154934366.85865816,2009.0,the time traveler's wife,7.1,163887.0,MacAdam/Cage,518,3.97,total:1521922,Audrey Niffenegger
1547,Northern Lights,tt1363127,0.0,0.0,2009.0,northern lights,5.7,1970.0,Broadway Books,372,3.29,total:1057,Tim O'Brien
1548,Northern Lights,tt1363127,0.0,0.0,2009.0,northern lights,5.7,1970.0,Jove,637,4.0,total:38725,Nora Roberts
1549,London,tt0110377,0.0,0.0,1994.0,london,7.3,815.0,,400,4.03,total:718,Lonely Planet
1550,London,tt0110377,0.0,0.0,1994.0,london,7.3,815.0,Ballantine Books,1152,4.07,total:25295,Edward Rutherfurd
1551,The Three Musketeers,tt0024663,0.0,0.0,1933.0,the three musketeers,5.2,542.0,Viking,704,4.07,total:262810,Alexandre Dumas
1552,The Men Who Stare at Goats,tt1234548,36732514.52109865,105191755.86503282,2009.0,the men who stare at goats,6.2,140819.0,Simon  Schuster,259,3.61,total:14446,Jon Ronson
1553,Thirst,tt0762073,7652607.191895552,0.0,2009.0,thirst,7.1,53955.0,Beacon Press,88,4.36,total:4223,Mary Oliver
1554,Angel,tt0028575,0.0,0.0,1937.0,angel,7.2,3625.0,HarperCollins Publishers,495,3.65,total:1029,Barbara Taylor Bradford
1555,Whiteout,tt0365929,61220857.535164416,18681587.531455696,2009.0,whiteout,5.5,42132.0,MacMillan Audio,4,3.58,total:28698,Ken Follett
1556,Whiteout,tt0365929,61220857.535164416,18681587.531455696,2009.0,whiteout,5.5,42132.0,Signet,469,3.58,total:28775,Ken Follett
1557,Capone,tt0072761,6016003.059273424,12404130.01912046,1975.0,capone,5.7,3425.0,Da Capo Press,432,3.9,total:632,John Kobler
1558,Hiroshima,tt1504402,0.0,0.0,2009.0,hiroshima,6.5,164.0,Scholastic Paperbacks,64,3.68,total:778,Laurence Yep
1559,Cleopatra,tt0024991,0.0,0.0,1934.0,cleopatra,6.8,5065.0,Waking Lion Press,308,3.86,total:1214,H. Rider Haggard
1560,Where the Wild Things Are,tt0386117,153052143.83791104,153184982.3851123,2009.0,where the wild things are,6.7,111163.0,HarperCollins,48,4.22,total:779084,Maurice Sendak
1561,India Song,tt0073166,0.0,0.0,1975.0,india song,6.1,2836.0,Grove Press,146,3.56,total:328,Marguerite Duras
1562,The Man Who Watched Trains Go By,tt0046034,0.0,0.0,1952.0,the man who watched trains go by,6.3,843.0,New York Review of Books,203,3.85,total:3117,Georges Simenon
1563,Mother,tt0017128,0.0,0.0,1926.0,mother,7.4,3256.0,Citadel Press,406,3.93,total:11684,Maxim Gorky
1564,Mother,tt0017128,0.0,0.0,1926.0,mother,7.4,3256.0,Echo Library,285,3.93,total:11707,Maxim Gorky
1565,Up in the Air,tt1193138,38263035.95947776,250500443.819509,2009.0,up in the air,7.4,357752.0,Anchor,320,2.87,total:4595,Walter Kirn
1566,David Copperfield,tt0238768,0.0,0.0,2001.0,david copperfield,7.0,1219.0,Signet,928,3.99,total:192313,Charles Dickens
1567,Forever,tt0906743,211.57972905168089,0.0,2006.0,forever,7.6,351.0,Gallery Books,224,3.62,total:51758,Judy Blume
1568,The Collector,tt0480163,0.0,0.0,2005.0,the collector,6.9,2177.0,Back Bay Books,305,3.98,total:52004,John Fowles
1569,Les Misérables,tt0026725,0.0,0.0,1935.0,les misérables,7.6,4152.0,Signet Classics,1463,4.17,total:641220,Victor Hugo
1570,Vital Signs,tt0100879,0.0,0.0,1990.0,vital signs,5.5,916.0,"Samuel French, Inc.",96,3.5,total:16,Jane Martin
1571,Fantastic Mr. Fox,tt0432283,61220857.535164416,71124896.96490872,2009.0,fantastic mr. fox,7.9,295551.0,Knopf Books for Young Readers,96,4.06,total:98799,Roald Dahl
1572,Creation,tt0974014,0.0,0.0,2009.0,creation,6.6,15527.0,Doubleday,574,4.22,total:3588,Gore Vidal
1573,Top Dog,tt0114697,12931614.6179402,10978309.316784052,1995.0,top dog,4.3,4084.0,Volo,80,4.22,total:18,Marcia Thornton Jones
1574,A Christmas Carol,tt1067106,306104287.6758221,497777399.8083545,2009.0,a christmas carol,6.8,137238.0,Bethany House Publishers,104,4.05,total:574810,Charles Dickens
1575,A Night to Remember,tt0036203,0.0,0.0,1942.0,a night to remember,6.6,1547.0,Zebra,256,3.35,total:20,Adrienne Basso
1576,A Night to Remember,tt0036203,0.0,0.0,1942.0,a night to remember,6.6,1547.0,Holt McDougal,208,4.03,total:16470,Walter Lord
1577,Brothers,tt0765010,39793557.39785687,66299661.8196883,2009.0,brothers,7.1,166713.0,Toby Press,556,3.3,total:23,Chayym Zeldis
1578,Summer of the Monkeys,tt0128648,0.0,0.0,1998.0,summer of the monkeys,6.2,651.0,Yearling,288,4.04,total:12345,Wilson Rawls
1579,Happiness,tt0017961,0.0,0.0,1935.0,happiness,7.3,1255.0,HarperPerennial,320,3.79,total:3112,Will Ferguson
1580,Asylum,tt0804443,33633225.56015346,0.0,2008.0,asylum,4.0,4142.0,University of Pittsburgh Press,88,4.17,total:87,Quan Barry
1581,A Single Man,tt1315981,10713650.068653772,0.0,2009.0,a single man,7.5,121156.0,Univ Of Minnesota Press,192,4.1,total:22641,Christopher Isherwood
1582,Morphine,tt1186366,5503618.728025111,1171162.4214088437,2008.0,morphine,7.2,4529.0,Chelsea House Publications,102,3.33,total:3,Gregory D. Busse
1583,The Lovely Bones,tt0380510,99483893.49464215,143142914.40996918,2009.0,the lovely bones,6.6,188919.0,Random House,327,3.81,total:1942369,Alice Sebold
1584,The Lovely Bones,tt0380510,99483893.49464215,143142914.40996918,2009.0,the lovely bones,6.6,188919.0,"Little, Brown and Company",328,3.81,total:1946770,Alice Sebold
1585,The Princess and the Frog,tt0780521,160704751.02980658,408719268.3608499,2009.0,the princess and the frog,7.2,182157.0,NBM Publishing,29,3.37,total:113,Will Eisner
1586,The Art of Travel,tt0448993,3.057565960013951,0.0,2008.0,the art of travel,6.2,2661.0,Vintage,272,3.82,total:19358,Alain de Botton
1587,Veronika Decides to Die,tt1068678,13774692.945411991,0.0,2009.0,veronika decides to die,6.3,13477.0,Harper Perennial,210,3.71,total:163780,Paulo Coelho
1588,The Officers' Ward,tt0273148,0.0,0.0,2001.0,the officers' ward,7.4,1793.0,Soho Press,136,3.9,total:769,Marc Dugain
1589,Sherlock Holmes,tt0988045,137746929.45411992,802037127.5349851,2009.0,sherlock holmes,7.5,698096.0,Pocket Essentials,78,3.86,total:28,Mark Campbell
1590,Sweepers,tt0120851,0.0,0.0,1999.0,sweepers,4.3,2034.0,St. Martin's Paperbacks,464,3.95,total:399,P.T. Deutermann
1591,The Friends of Eddie Coyle,tt0070077,0.0,0.0,1973.0,the friends of eddie coyle,7.4,13298.0,Robinson,216,4.05,total:6591,George V. Higgins
1592,The Sun Also Rises,tt0051028,0.0,0.0,1957.0,the sun also rises,6.2,2814.0,Simon  Schuster Audio,8,3.82,total:354692,Ernest Hemingway
1593,The Sun Also Rises,tt0051028,0.0,0.0,1957.0,the sun also rises,6.2,2814.0,Collier Books; Macmillan Publishing Company,247,3.82,total:355469,Ernest Hemingway
1594,Diamond Dogs,tt0858433,0.0,0.0,2007.0,diamond dogs,4.1,1983.0,Grand Central Publishing,256,3.45,total:313,Alan  Watt
1595,The Innocent,tt0074686,0.0,0.0,1976.0,the innocent,7.4,4704.0,Dutton,503,3.96,total:26532,Harlan Coben
1596,Birdsong,tt1143891,0.0,0.0,2008.0,birdsong,6.3,648.0,Vintage International,483,4.09,total:65739,Sebastian Faulks
1597,Heat,tt0068688,0.0,0.0,1972.0,heat,6.1,1957.0,Philomel Books,220,3.98,total:19350,Mike Lupica
1598,Heat,tt0068688,0.0,0.0,1972.0,heat,6.1,1957.0,iUniverse,256,3.45,total:73,Arthur Herzog III
1599,The Concert,tt1320082,0.0,0.0,2009.0,the concert,7.5,19052.0,Arcade Publishing,443,3.79,total:255,Ismail Kadare
1600,The Queen and I,tt1334556,0.0,0.0,2008.0,the queen and i,7.3,627.0,Penguin,271,3.72,total:5141,Sue Townsend
1601,Sometimes a Great Notion,tt0067774,0.0,0.0,1970.0,sometimes a great notion,6.9,4881.0,Penguin Classics,715,4.17,total:20384,Ken Kesey
1602,Peter Pan,tt0054176,0.0,0.0,1960.0,peter pan,7.4,2501.0,Henry Holt and Co.,176,4.07,total:255182,J.M. Barrie
1603,Crime and Punishment,tt0026246,0.0,0.0,1935.0,crime and punishment,6.9,2436.0,Vintage Books,564,4.21,total:586002,Fyodor Dostoyevsky
1604,More Than a Game,tt1286821,0.0,1356074.8379726077,2008.0,more than a game,7.6,5783.0,Touchstone,320,3.81,total:433,Phil Jackson
1605,Triangle,tt1187064,18366257.260549325,0.0,2009.0,triangle,6.9,144679.0,Livre de Poche,445,3.85,total:12610,Ken Follett
1606,Absurdistan,tt1027658,0.0,0.0,2008.0,absurdistan,6.7,1789.0,Wheeler Publishing,595,3.31,total:12732,Gary Shteyngart
1607,The Hound of the Baskervilles,tt0264695,0.0,0.0,2000.0,the hound of the baskervilles,5.9,1284.0,IndyPublish.com,176,4.11,total:234084,Arthur Conan Doyle
1608,Shutter Island,tt1130884,119314352.97579636,439679647.26219374,2010.0,shutter island,8.2,1592869.0,HarperTorch,369,4.09,total:152018,Dennis Lehane
1609,Persuasion,tt0844330,0.0,0.0,2007.0,persuasion,7.4,17452.0,Oxford University Press,249,4.14,total:498446,Jane Austen
1610,Persuasion,tt0844330,0.0,0.0,2007.0,persuasion,7.4,17452.0,Penguin,400,4.14,total:499902,Jane Austen
1611,Dear John,tt0989757,37285735.304936364,171480234.6348856,2010.0,dear john,6.3,162310.0,Warner Books (NY),434,4.03,total:523760,Nicholas Sparks
1612,Tooth Fairy,tt0808510,71588611.78547782,167729892.20069152,2010.0,tooth fairy,5.1,52351.0,Child's Play International,32,3.86,total:163,Audrey Wood
1613,The Room,tt0368226,0.0,0.0,2003.0,the room,3.6,98777.0,Marion Boyars Publishers Ltd,288,3.52,total:4575,Hubert Selby Jr.
1614,Alice in Wonderland,tt1014759,298285882.4394909,1529447603.401015,2010.0,alice in wonderland,6.4,461544.0,Gramercy Books,92,4.03,total:367242,Jane Carruth
1615,Alice in Wonderland,tt1014759,298285882.4394909,1529447603.401015,2010.0,alice in wonderland,6.4,461544.0,Scholastic Paperbacks,160,4.02,total:214824,Lewis Carroll
1616,The Call of the Wild,tt0026164,0.0,0.0,1935.0,the call of the wild,6.8,2795.0,Scholastic,172,3.87,total:320987,Jack London
1617,The Call of the Wild,tt0026164,0.0,0.0,1935.0,the call of the wild,6.8,2795.0,Puffin Graphics,176,3.58,total:123,Neil Kleid
1618,The Fall of the Roman Empire,tt0058085,199191725.9211377,49797931.48028442,1964.0,the fall of the roman empire,6.7,11022.0,Thames & Hudson,192,3.72,total:75,Arther Ferrill
1619,The Mysteries of Pittsburgh,tt0768218,0.0,0.0,2008.0,the mysteries of pittsburgh,5.4,3574.0,Harper Perennial,320,3.64,total:24993,Michael Chabon
1620,Remember Me,tt1403981,23862870.595159277,83569098.70499521,2010.0,remember me,7.1,161234.0,Pocket Books,304,3.92,total:20557,Mary Higgins Clark
1621,Skeleton Crew,tt1297945,0.0,0.0,2009.0,skeleton crew,3.5,1177.0,,566,3.96,total:105618,Stephen King
1622,Generation X,tt0116401,14677285.067873305,0.0,1996.0,generation x,4.4,2206.0,Berkley,288,3.25,total:72,Scott Lobdell
1623,Leaves of Grass,tt1151359,13774692.945411991,1507742.687811714,2009.0,leaves of grass,6.4,28518.0,Simon  Schuster,624,4.12,total:86324,Walt Whitman
1624,Leaves of Grass,tt1151359,13774692.945411991,1507742.687811714,2009.0,leaves of grass,6.4,28518.0,Bantam Classics,528,4.12,total:86508,Walt Whitman
1625,Possession,tt0368563,0.0,0.0,2009.0,possession,5.4,8407.0,Vintage,555,3.89,total:67751,A.S. Byatt
1626,The Egyptian,tt0046949,60201930.21529324,180605790.6458797,1954.0,the egyptian,6.5,4827.0,Chicago Review Press,512,4.13,total:17571,Mika Waltari
1627,The Brothers Karamazov,tt0051435,0.0,0.0,1958.0,the brothers karamazov,6.7,3241.0,Signet Classics,736,4.32,total:228800,Fyodor Dostoyevsky
1628,The Brothers Karamazov,tt0051435,0.0,0.0,1958.0,the brothers karamazov,6.7,3241.0,Barnes  Noble Classics,752,4.32,total:229571,Fyodor Dostoyevsky
1629,New York,tt1328634,0.0,0.0,2009.0,new york,6.8,12793.0,DK Publishing (Dorling Kindersley),448,4.29,total:498,Annelise Sorensen
1630,Mother,tt1216496,7652607.191895552,26191374.1153289,2009.0,mother,7.7,78602.0,Citadel Press,406,3.93,total:11684,Maxim Gorky
1631,Mother,tt1216496,7652607.191895552,26191374.1153289,2009.0,mother,7.7,78602.0,Echo Library,285,3.93,total:11707,Maxim Gorky
1632,Dark Mirror,tt0486651,0.0,0.0,2007.0,dark mirror,4.7,1576.0,Ulverscroft,397,3.56,total:16,Basil Copper
1633,Main Street,tt0049043,0.0,0.0,1956.0,main street,7.7,1775.0,Barnes  Noble Classics,560,3.77,total:23439,Sinclair Lewis
1634,Clash of the Titans,tt0800320,186428676.5246818,347075220.1093945,2010.0,clash of the titans,5.8,302127.0,Warner Books (NY),304,3.88,total:1098,Alan Dean Foster
1635,Camille,tt0462219,9172697.880041853,0.0,2008.0,camille,5.9,5096.0,Oberon Books,102,3.5,total:12,Neil Bartlett
1636,Angel,tt0783767,23916593.343393777,0.0,2007.0,angel,5.8,5769.0,HarperCollins Publishers,495,3.65,total:1029,Barbara Taylor Bradford
1637,The Runaways,tt1017451,14914294.121974545,4468040.638784668,2010.0,the runaways,6.5,52266.0,Yearling,256,3.52,total:120,Zilpha Keatley Snyder
1638,A Farewell to Arms,tt0022879,0.0,0.0,1932.0,a farewell to arms,6.4,7385.0,Amereon Limited,336,3.81,total:253173,Ernest Hemingway
1639,Caesar and Cleopatra,tt0038390,0.0,0.0,1945.0,caesar and cleopatra,6.2,3387.0,Penguin Classics,126,3.67,total:1602,George Bernard Shaw
1640,Affinity,tt1116182,0.0,0.0,2008.0,affinity,6.2,2310.0,Riverhead Books,352,3.74,total:20802,Sarah Waters
1641,The Case for Christ,tt1153037,0.0,0.0,2007.0,the case for christ,6.6,722.0,Zondervan,367,4.14,total:94870,Lee Strobel
1642,Sahara,tt0086232,0.0,0.0,1983.0,sahara,4.9,2308.0,St. Martin's Griffin,272,3.96,total:2570,Michael Palin
1643,Skin,tt0964586,0.0,0.0,2009.0,skin,6.9,3824.0,Weekly Reader Early Learning Library,24,3.0,total:2,Cynthia Amoroso
1644,Ballet Shoes,tt1083845,0.0,0.0,2008.0,ballet shoes,6.6,9415.0,Orion Children's Books,184,4.07,total:31634,Noel Streatfeild
1645,Disgrace,tt0445953,0.0,0.0,2008.0,disgrace,6.5,5989.0,Penguin Books,220,3.84,total:80120,J.M. Coetzee
1646,Hell,tt0430224,0.0,0.0,2005.0,hell,6.7,2632.0,Turtle Point Press,255,3.69,total:1639,Henri Barbusse
1647,Johnny Angel,tt0037832,0.0,0.0,1945.0,johnny angel,6.2,1371.0,Corgi,222,3.86,total:5837,Danielle Steel
1648,Bitten,tt1249294,0.0,0.0,2008.0,bitten,5.1,2554.0,G Publishing,88,0.0,total:0,Kevin Williams
1649,Armadillo,tt1640680,2237144.118296182,0.0,2010.0,armadillo,7.4,10647.0,Knopf,337,3.5700000000000003,total:2323,William  Boyd
1650,Robin Hood,tt0955308,298285882.4394909,463341689.4298536,2010.0,robin hood,6.6,293196.0,Atheneum Books for Young Readers,64,4.0,total:1329,Paul Creswick
1651,Father and Son,tt0363249,0.0,0.0,2003.0,father and son,6.5,2718.0,Oxford University Press,304,3.72,total:775,Edmund Gosse
1652,Scavenger Hunt,tt0079858,0.0,0.0,1979.0,scavenger hunt,5.8,3286.0,Archway Paperbacks,215,3.63,total:4666,Christopher Pike
1653,Shake Hands With the Devil,tt0472562,17538835.11848877,0.0,2007.0,shake hands with the devil,7.6,3876.0,Arrow,563,4.24,total:10373,Roméo Dallaire
1654,Brief Interviews with Hideous Men,tt0790627,0.0,0.0,2009.0,brief interviews with hideous men,5.4,3754.0,Abacus,273,3.86,total:23685,David Foster Wallace
1655,The Other Side of Midnight,tt0076507,0.0,0.0,1977.0,the other side of midnight,6.0,2117.0,HarperCollins Publishers,598,3.92,total:41938,Sidney Sheldon
1656,Romeo and Juliet,tt0028203,0.0,0.0,1936.0,romeo and juliet,6.4,2379.0,Simon Schuster,368,3.74,total:1976840,William Shakespeare
1657,No Greater Love,tt1225703,0.0,0.0,2009.0,no greater love,5.8,549.0,Random House Value Publishing,0,3.96,total:8731,Danielle Steel
1658,Tortilla Flat,tt0035460,0.0,0.0,1942.0,tortilla flat,6.2,2170.0,Penguin Classics,154,3.83,total:42133,John Steinbeck
1659,Othello,tt0059555,0.0,0.0,1965.0,othello,7.0,1767.0,Simon  Schuster,314,3.89,total:301217,William Shakespeare
1660,Othello,tt0059555,0.0,0.0,1965.0,othello,7.0,1767.0,Barrons Educational Series,319,3.89,total:301924,William Shakespeare
1661,In the Beginning,tt1198385,0.0,0.0,2009.0,in the beginning,7.1,2700.0,Ballantine Books,416,4.08,total:2577,Chaim Potok
1662,Little Dorrit,tt0095530,0.0,0.0,1987.0,little dorrit,7.2,1314.0,Modern Library,1347,3.99,total:42665,Charles Dickens
1663,Three Comrades,tt0030865,0.0,0.0,1938.0,three comrades,7.1,2292.0,Random House Trade Paperbacks,496,4.49,total:23283,Erich Maria Remarque
1664,Bluebeard,tt1355623,0.0,0.0,2009.0,bluebeard,6.3,1640.0,Mariner Books,144,3.61,total:440,Max Frisch
1665,State of Siege,tt0070959,0.0,0.0,1972.0,state of siege,7.7,6579.0,Vintage Crime/Black Lizard,256,3.8,total:425,Eric Ambler
1666,State of Siege,tt0070959,0.0,0.0,1972.0,state of siege,7.7,6579.0,Ballantine Books,0,4.0,total:9,Franco Solinas
1667,Whirlpool,tt0042039,0.0,0.0,1949.0,whirlpool,6.7,5133.0,Avon,448,3.78,total:1706,Elizabeth Lowell
1668,Endgame,tt1217616,33671471.644340426,0.0,2009.0,endgame,6.2,2923.0,HMH Books for Young Readers,304,3.75,total:806,Nancy Garden
1669,The Island of Dr. Moreau,tt0076210,0.0,0.0,1977.0,the island of dr. moreau,5.9,7789.0,J. M. Dent & Sons,176,3.73,total:88821,H.G. Wells
1670,The Fixer,tt0062977,0.0,0.0,1968.0,the fixer,6.7,1553.0,Farrar Straus Giroux,335,3.96,total:9539,Bernard Malamud
1671,Thirst,tt1101048,0.0,0.0,2010.0,thirst,4.5,919.0,Beacon Press,88,4.36,total:4223,Mary Oliver
1672,The Good Guy,tt1247662,4897668.6028131535,0.0,2009.0,the good guy,5.7,10011.0,Random House Audio Publishing Group,9,3.82,total:32431,Dean Koontz
1673,The Wizard of Oz,tt0016544,0.0,0.0,1925.0,the wizard of oz,4.9,1906.0,British Film Institute,69,4.0,total:815,Salman Rushdie
1674,The Wizard of Oz,tt0016544,0.0,0.0,1925.0,the wizard of oz,4.9,1906.0,,219,3.99,total:348776,L. Frank Baum
1675,Play Dirty,tt0063443,0.0,0.0,1969.0,play dirty,6.8,4117.0,Simon & Schuster,404,3.92,total:13683,Sandra Brown
1676,North,tt1252610,0.0,0.0,2009.0,north,6.7,3205.0,HarperTrophy,354,3.72,total:385,Donna Jo Napoli
1677,North,tt1252610,0.0,0.0,2009.0,north,6.7,3205.0,Dalkey Archive Press,454,4.02,total:606,Louis-Ferdinand Céline
1678,Treasure Island,tt0025907,0.0,0.0,1934.0,treasure island,7.1,3457.0,Kingfisher,311,3.83,total:380722,Robert Louis Stevenson
1679,Treasure Island,tt0025907,0.0,0.0,1934.0,treasure island,7.1,3457.0,Running Press Kids,48,3.83,total:381855,Robert Louis Stevenson
1680,Lucky,tt1159712,0.0,0.0,2010.0,lucky,6.7,378.0,Hachette Book Group,243,3.78,total:89365,Alice Sebold
1681,The Inner Life of Martin Frost,tt0479074,0.0,0.0,2007.0,the inner life of martin frost,5.1,772.0,Purdue University Press,40,3.33,total:304,Paul Auster
1682,The Story Of My Life,tt0383025,0.0,0.0,2004.0,the story of my life,6.6,1824.0,Tantor Audio,0,4.08,total:126404,Helen Keller
1683,Centurion,tt1020558,17897152.946369454,10163776.752519678,2010.0,centurion,6.3,88863.0,Xlibris,204,3.43,total:30,Peter W. Mitsopoulos
1684,Pope Joan,tt0458455,0.0,41954990.38356461,2009.0,pope joan,6.7,9379.0,Ballantine Books (NY),422,4.08,total:63624,Donna Woolfolk Cross
1685,The Experiment,tt0997152,32513161.185904507,0.0,2010.0,the experiment,6.4,59239.0,Signet,481,3.56,total:697,John Darnton
1686,Black Water,tt0816436,1116.107689358376,0.0,2007.0,black water,5.8,16969.0,Plume,160,3.54,total:6439,Joyce Carol Oates
1687,Underworld,tt0018526,0.0,0.0,1927.0,underworld,7.5,3792.0,Scribner,827,3.92,total:25858,Don DeLillo
1688,Accident,tt1202514,0.0,0.0,2009.0,accident,6.6,4052.0,Dell,464,3.96,total:12739,Danielle Steel
1689,Wild Grass,tt1156143,0.0,0.0,2009.0,wild grass,6.2,4081.0,Chinese University Press,168,3.95,total:180,Xun Lu
1690,Don Quixote,tt0181212,0.0,0.0,2000.0,don quixote,6.1,1835.0,Ecco,940,3.87,total:197128,Miguel de Cervantes Saavedra
1691,Don Quixote,tt0181212,0.0,0.0,2000.0,don quixote,6.1,1835.0,Tantor Media,0,3.87,total:197715,Miguel de Cervantes Saavedra
1692,King Lear,tt0067306,0.0,0.0,1971.0,king lear,7.2,1011.0,Simon  Schuster,338,3.91,total:171858,William Shakespeare
1693,Sisters,tt0284492,0.0,0.0,2001.0,sisters,7.0,4534.0,Delacorte Press,341,3.85,total:17802,Danielle Steel
1694,The American,tt1440728,29828588.24394909,97635418.26322372,2010.0,the american,6.3,105763.0,Signet Book,400,3.67,total:5823,Henry James
1695,The Switch,tt0889573,28337158.83175164,74318832.90745236,2010.0,the switch,6.1,116222.0,Piatkus Books,576,3.93,total:12112,Sandra Brown
1696,The Switch,tt0889573,28337158.83175164,74318832.90745236,2010.0,the switch,6.1,116222.0,HarperTorch,304,3.75,total:2513,Elmore Leonard
1697,Golem,tt0080806,0.0,0.0,1980.0,golem,6.6,1354.0,Clarion Books,32,3.73,total:3645,David Wisniewski
1698,Love Letters,tt0037885,0.0,0.0,1945.0,love letters,7.0,1976.0,One World (UK),178,3.7,total:418,Kahlil Gibran
1699,Above and Beyond,tt0044324,0.0,0.0,1952.0,above and beyond,6.9,1446.0,Mira Books,240,3.73,total:2954,Erin St. Claire
1700,Homecoming,tt1135500,2295782.1575686657,0.0,2009.0,homecoming,5.3,4679.0,Harlequin SuperRomance,304,3.47,total:17,Laura Abbot
1701,Triangle,tt0846017,7972197.781131258,0.0,2007.0,triangle,6.2,1966.0,Livre de Poche,445,3.85,total:12610,Ken Follett
1702,The Town,tt0840361,55182888.25130582,229719109.4775252,2010.0,the town,7.5,439361.0,Vintage Books,371,4.1,total:1408,William Faulkner
1703,It's Kind of a Funny Story,tt0804497,11931435.297579637,9681226.257632604,2010.0,it's kind of a funny story,7.1,151203.0,Disney-Hyperion,444,4.13,total:201307,Ned Vizzini
1704,Alice in Wonderland,tt0023753,0.0,0.0,1933.0,alice in wonderland,6.3,2909.0,Gramercy Books,92,4.03,total:367242,Jane Carruth
1705,Alice in Wonderland,tt0023753,0.0,0.0,1933.0,alice in wonderland,6.3,2909.0,Scholastic Paperbacks,160,4.02,total:214824,Lewis Carroll
1706,Shadows,tt0834102,0.0,0.0,2007.0,shadows,6.7,2147.0,Bantam,393,3.93,total:11254,John Saul
1707,Secretariat,tt1028576,52200029.42691091,89860666.83462076,2010.0,secretariat,7.2,32195.0,Derrydale Press,228,4.3,total:389,Raymond G. Woolfe Jr.
1708,Stone,tt1423995,32811447.068344,14138330.24453763,2010.0,stone,5.4,43818.0,Harry N. Abrams,120,4.51,total:284,Andy Goldsworthy
1709,Hunger,tt1176252,956575.898986944,0.0,2009.0,hunger,5.2,5964.0,Penguin Books,192,3.92,total:1091,Lan Samantha Chang
1710,Inside Job,tt1645089,2982858.824394909,11739819.429559331,2010.0,inside job,8.2,82091.0,Subterranean Press,99,3.67,total:1718,Connie Willis
1711,Where The Red Fern Grows,tt0192788,0.0,0.0,2003.0,where the red fern grows,6.4,1464.0,Yearling,272,4.07,total:328420,Wilson Rawls
1712,Never Let Me Go,tt1334260,22371441.182961818,14101811.103950562,2010.0,never let me go,7.1,158349.0,Vintage Books,288,3.82,total:439282,Kazuo Ishiguro
1713,Where Love Has Gone,tt0058745,0.0,0.0,1964.0,where love has gone,6.1,1821.0,Pocket Books,384,3.64,total:795,Harold Robbins
1714,Deadline,tt1242618,0.0,0.0,2009.0,deadline,4.6,6097.0,Random House Value Publishing,0,3.8,total:46,James Barrett Reston
1715,Tenderness,tt0494864,0.0,0.0,2009.0,tenderness,5.4,8479.0,Ember,240,3.7,total:2640,Robert Cormier
1716,The Castle,tt0120075,0.0,0.0,1997.0,the castle,6.5,3772.0,Schocken,528,3.96,total:41582,Franz Kafka
1717,Hamlet,tt0058126,0.0,0.0,1964.0,hamlet,8.2,3150.0,Cambridge University Press,289,4.02,total:695817,William Shakespeare
1718,Hamlet,tt0058126,0.0,0.0,1964.0,hamlet,8.2,3150.0,Dover Publications,128,4.02,total:698155,William Shakespeare
1719,The Devil,tt0095012,0.0,0.0,1972.0,the devil,7.0,3384.0,Kessinger Publishing,56,3.69,total:2719,Leo Tolstoy
1720,The Extra Man,tt1361313,10440005.88538218,675735.3466490104,2010.0,the extra man,5.8,5555.0,Scribner,384,3.72,total:1672,Jonathan Ames
1721,The Sun Also Rises,tt0769507,0.0,0.0,2007.0,the sun also rises,7.2,2827.0,Simon  Schuster Audio,8,3.82,total:354692,Ernest Hemingway
1722,The Sun Also Rises,tt0769507,0.0,0.0,2007.0,the sun also rises,7.2,2827.0,Collier Books; Macmillan Publishing Company,247,3.82,total:355469,Ernest Hemingway
1723,A High Wind in Jamaica,tt0059269,0.0,0.0,1965.0,a high wind in jamaica,6.5,2468.0,Vintage Classics,175,3.78,total:8204,Richard Hughes
1724,Intruder in the Dust,tt0041513,0.0,0.0,1949.0,intruder in the dust,7.6,3297.0,Vintage,247,3.75,total:4818,William Faulkner
1725,Intruder in the Dust,tt0041513,0.0,0.0,1949.0,intruder in the dust,7.6,3297.0,Vintage,241,3.75,total:4826,William Faulkner
1726,Breaking the Maya Code,tt0496253,1528782.9800069754,0.0,2008.0,breaking the maya code,7.7,339.0,Thames  Hudson,304,4.03,total:533,Michael D. Coe
1727,Nightfall,tt0049552,0.0,0.0,1957.0,nightfall,7.1,5419.0,Onyx,416,3.87,total:1217,Anne Stuart
1728,Nightfall,tt0049552,0.0,0.0,1957.0,nightfall,7.1,5419.0,Bantam Books,339,4.05,total:29879,Isaac Asimov
1729,True Grit,tt1403865,56674317.66350328,376253228.9465901,2010.0,true grit,7.6,371478.0,Signet,304,4.16,total:37966,Charles Portis
1730,Forever Amber,tt0039391,0.0,0.0,1947.0,forever amber,6.5,1887.0,Penguin,972,3.99,total:16331,Kathleen Winsor
1731,The Last of the Mohicans,tt0027869,0.0,0.0,1936.0,the last of the mohicans,6.6,1854.0,State University of New York Press,418,3.7,total:84254,James Fenimore Cooper
1732,The Last of the Mohicans,tt0027869,0.0,0.0,1936.0,the last of the mohicans,6.6,1854.0,Barnes  Noble Classics,480,3.7,total:84369,James Fenimore Cooper
1733,Rabbit Hole,tt0935075,7457147.060987272,7649627.958066652,2010.0,rabbit hole,6.9,52477.0,Theatre Communications Group,157,4.06,total:6946,David Lindsay-Abaire
1734,Gulliver's Travels,tt1320261,167040094.1661149,354039576.5211506,2010.0,gulliver's travels,4.9,76901.0,Penguin,306,3.5700000000000003,total:223306,Jonathan Swift
1735,Gulliver's Travels,tt1320261,167040094.1661149,354039576.5211506,2010.0,gulliver's travels,4.9,76901.0,Penguin Audiobooks,6,3.5700000000000003,total:223839,Jonathan Swift
1736,Thirst,tt0041998,0.0,0.0,1949.0,thirst,6.5,3074.0,Beacon Press,88,4.36,total:4223,Mary Oliver
1737,Stalin,tt0105462,0.0,0.0,1992.0,stalin,7.0,2968.0,Anchor Books,640,4.03,total:1481,Edvard Radzinsky
1738,Death of a Salesman,tt0043458,0.0,0.0,1951.0,death of a salesman,7.2,1300.0,Viking Books,139,3.52,total:175487,Arthur  Miller
1739,The Dead,tt0407021,0.0,0.0,2004.0,the dead,6.7,1249.0,Melville House Publishing,64,4.05,total:15273,James Joyce
1740,Spring Fever,tt0018440,0.0,0.0,1927.0,spring fever,6.4,1124.0,Harry N. Abrams,276,4.05,total:544,P.G. Wodehouse
1741,Cracks,tt1183665,0.0,0.0,2009.0,cracks,6.6,21901.0,Blue Works,255,3.8,total:10,Mike Klaassen
1742,The Europeans,tt0079123,0.0,0.0,1979.0,the europeans,6.1,1266.0,Penguin Books,272,3.66,total:98,Luigi Barzini
1743,The Trip,tt1740047,0.0,1418616.3368645625,2010.0,the trip,7.0,23994.0,HarperTrophy,32,3.79,total:249,Ezra Jack Keats
1744,Gravity,tt1442580,0.0,0.0,2010.0,gravity,6.7,858.0,Dover Publications,176,3.93,total:194,George Gamow
1745,The Nun,tt0060891,0.0,0.0,1966.0,the nun,7.5,3474.0,"Oxford University Press, USA",189,3.71,total:5249,Denis Diderot
1746,First Love,tt0396818,0.0,16352.465142243693,2004.0,first love,6.6,2035.0,Melville House Publishing,124,3.79,total:9149,Ivan Turgenev
1747,The Traveler,tt1533084,0.0,0.0,2010.0,the traveler,4.2,5304.0,Ballantine Books,416,3.66,total:1477,John Katzenbach
1748,The Devil's Playground,tt0074404,0.0,0.0,1976.0,the devil's playground,6.8,1425.0,Phaidon Press,504,4.35,total:219,Nan Goldin
1749,Ulysses,tt0062414,0.0,0.0,1967.0,ulysses,6.4,1045.0,IndyPublish.com,736,3.73,total:105034,James Joyce
1750,Open House,tt1448762,0.0,0.0,2010.0,open house,4.3,2754.0,Ballantine Books,272,3.7,total:55494,Elizabeth Berg
1751,Don Quixote,tt0104121,0.0,0.0,1992.0,don quixote,6.0,945.0,Ecco,940,3.87,total:197128,Miguel de Cervantes Saavedra
1752,Don Quixote,tt0104121,0.0,0.0,1992.0,don quixote,6.0,945.0,Tantor Media,0,3.87,total:197715,Miguel de Cervantes Saavedra
1753,Emma,tt1366312,0.0,0.0,2009.0,emma,8.1,18932.0,Penguin Books,474,4.0,total:609938,Jane Austen
1754,Desert Flower,tt1054580,0.0,22393636.171507034,2009.0,desert flower,7.3,15154.0,William Morrow Paperbacks,240,4.16,total:18162,Waris Dirie
1755,Confessions,tt1590089,0.0,0.0,2010.0,confessions,7.7,44321.0,Penguin Classics,353,3.92,total:43336,Augustine of Hippo
1756,Confessions,tt1590089,0.0,0.0,2010.0,confessions,7.7,44321.0,"Hackett Publishing Company, Inc.",345,3.93,total:43505,Augustine of Hippo
1757,The Tempest,tt0178928,0.0,0.0,1998.0,the tempest,4.9,397.0,Cambridge University Press,180,3.81,total:163832,William Shakespeare
1758,The Tempest,tt0178928,0.0,0.0,1998.0,the tempest,4.9,397.0,Brimax Books,18,3.72,total:183,John Escott
1759,The Magus,tt0063260,0.0,0.0,1968.0,the magus,5.6,2020.0,Back Bay Books,656,4.05,total:45642,John Fowles
1760,Presumed Guilty,tt1320254,0.0,0.0,2008.0,presumed guilty,8.1,1437.0,Zondervan,316,4.03,total:842,James Scott Bell
1761,Background to Danger,tt0035659,0.0,0.0,1943.0,background to danger,6.4,1762.0,Vintage Crime/Black Lizard,280,3.89,total:959,Eric Ambler
1762,Norwegian Wood,tt1270842,0.0,26303238.376590893,2010.0,norwegian wood,6.3,12884.0,Vintage Books,296,4.03,total:316591,Haruki Murakami
1763,The Sunset Limited,tt1510938,0.0,0.0,2011.0,the sunset limited,7.3,33331.0,Vintage,160,3.96,total:8038,Cormac McCarthy
1764,Emma,tt0022854,0.0,0.0,1932.0,emma,7.0,1240.0,Penguin Books,474,4.0,total:609938,Jane Austen
1765,A Little Night Music,tt0076319,0.0,0.0,1977.0,a little night music,5.4,972.0,Berkley Trade,179,3.0,total:1,Lee  Williams
1766,Jane Eyre,tt1229822,0.0,50902705.21656335,2011.0,jane eyre,7.3,96645.0,Penguin,532,4.12,total:1548529,Charlotte Brontë
1767,Jane Eyre,tt1229822,0.0,50902705.21656335,2011.0,jane eyre,7.3,96645.0,Signet Classics,462,4.12,total:1553077,Charlotte Brontë
1768,Jane Eyre,tt1229822,0.0,50902705.21656335,2011.0,jane eyre,7.3,96645.0,Turtleback Books,461,4.12,total:1553399,Charlotte Brontë
1769,Eden,tt0765444,0.0,0.0,2006.0,eden,7.2,910.0,Mariner Books,276,3.91,total:4249,Stanisław Lem
1770,Eden,tt0765444,0.0,0.0,2006.0,eden,7.2,910.0,Houghton Mifflin Harcourt P,262,3.91,total:4262,Stanisław Lem
1771,The Traveler,tt0071859,0.0,0.0,1974.0,the traveler,7.5,2442.0,Ballantine Books,416,3.66,total:1477,John Katzenbach
1772,Connections,tt0078588,0.0,0.0,0.0,connections,9.3,1583.0,Little Brown and Company,304,4.25,total:2173,James  Burke
1773,The Journey,tt0052950,0.0,0.0,1959.0,the journey,6.8,1988.0,Pan Australia,186,3.31,total:287,John Marsden
1774,Outsider,tt0117273,0.0,0.0,1997.0,outsider,8.0,1263.0,University Press of America,110,3.98,total:656138,Albert Camus
1775,Water for Elephants,tt1067583,55726530.04019223,167408699.4834235,2011.0,water for elephants,6.9,123222.0,Algonquin Books,335,4.09,total:1327834,Sara Gruen
1776,Water for Elephants,tt1067583,55726530.04019223,167408699.4834235,2011.0,water for elephants,6.9,123222.0,Algonquin Books,335,4.09,total:1330459,Sara Gruen
1777,Day and Night,tt0387151,0.0,0.0,2004.0,day and night,6.5,1723.0,Meredith Corporation,32,0.0,total:0,Better Homes and Gardens
1778,My Dog Tulip,tt0843358,0.0,377386.7931468908,2009.0,my dog tulip,6.9,1822.0,NYRB Classics,208,3.36,total:1407,J.R. Ackerley
1779,Ghosts,tt0419773,0.0,0.0,2005.0,ghosts,6.8,1695.0,Picador,244,3.61,total:636,John Banville
1780,Ghosts,tt0419773,0.0,0.0,2005.0,ghosts,6.8,1695.0,Kessinger Publishing,92,3.84,total:11524,Henrik Ibsen
1781,Something Borrowed,tt0491152,51327067.14228232,87845414.58577582,2011.0,something borrowed,5.8,66968.0,Diamond/Charter,282,4.14,total:87,Rebecca Hagan Lee
1782,Macbeth,tt0292081,0.0,0.0,1982.0,macbeth,6.4,424.0,Simon  Schuster,249,3.9,total:641361,William Shakespeare
1783,Intimate Enemies,tt0825248,15593618.85989274,0.0,2007.0,intimate enemies,6.9,3551.0,Bantam,390,3.81,total:479,Shana Abe
1784,King Lear,tt0093349,0.0,0.0,1987.0,king lear,5.5,1684.0,Simon  Schuster,338,3.91,total:171858,William Shakespeare
1785,The Moon in the Gutter,tt0085878,0.0,0.0,1983.0,the moon in the gutter,5.9,1638.0,Serpent's Tail,183,3.66,total:400,David Goodis
1786,Dreams,tt0048272,0.0,0.0,1955.0,dreams,7.0,3709.0,Puffin Books,40,3.85,total:266,Ezra Jack Keats
1787,The Tunnel,tt1735485,197975.8304059461,0.0,2011.0,the tunnel,5.8,25229.0,Ballantine Books,232,4.05,total:41503,Ernesto Sabato
1788,The Thief,tt0045230,0.0,0.0,1952.0,the thief,6.7,1504.0,Arrow,86,3.19,total:375,Ruth Rendell
1789,The Other Woman,tt1032825,44742882.36592364,152125800.04414037,2010.0,the other woman,6.3,20220.0,Berkley,389,3.7,total:30602,Jane Green
1790,Brotherhood,tt1327820,0.0,0.0,2009.0,brotherhood,7.0,3503.0,Main Street,240,4.17,total:42,Rudolph W. Giuliani
1791,Everything Must Go,tt1531663,7457147.060987272,3899749.358419775,2010.0,everything must go,6.4,54752.0,Mira Books,361,2.69,total:825,Elizabeth Flock
1792,The Oath,tt1522857,0.0,0.0,2010.0,the oath,7.2,981.0,Thomas Nelson,576,4.07,total:25654,Frank E. Peretti
1793,Falling,tt0832347,4402648.654290015,0.0,2006.0,falling,5.9,312.0,Allen & Unwin,285,3.1,total:863,Anne Provoost
1794,Falling,tt0832347,4402648.654290015,0.0,2006.0,falling,5.9,312.0,Forge Books,368,3.92,total:1500,Christopher Pike
1795,Envy,tt1512894,0.0,0.0,2009.0,envy,6.5,3911.0,NYRB Classics,152,3.75,total:2928,Yury Olesha
1796,Bernie,tt0115658,0.0,0.0,1996.0,bernie,7.1,4222.0,Authorhouse,116,0.0,total:0,Mark Weston
1797,Mr. Popper's Penguins,tt1396218,80656819.79501507,274763695.07010806,2011.0,mr. popper's penguins,6.0,110945.0,"Little, Brown and Company",139,3.97,total:61150,Richard Atwater
1798,The Promise,tt0079756,0.0,0.0,1979.0,the promise,6.4,901.0,Anchor Books,368,4.15,total:12132,Chaim Potok
1799,The Promise,tt0079756,0.0,0.0,1979.0,the promise,6.4,901.0,Moyer Bell and its subsidiaries,256,4.01,total:375,Pearl S. Buck
1800,Love,tt0067814,0.0,0.0,1971.0,love,7.8,2361.0,Miramax Books,43,4.46,total:1464,Pablo Neruda
1801,Love,tt0067814,0.0,0.0,1971.0,love,7.8,2361.0,Vintage Classics,122,3.69,total:1130,Angela Carter
1802,Streets of Laredo,tt0112041,0.0,0.0,1995.0,streets of laredo,7.2,2538.0,Simon  Schuster,547,3.94,total:12131,Larry McMurtry
1803,Snow Flower and the Secret Fan,tt1541995,196516.6752114726,1953700.2853151404,2011.0,snow flower and the secret fan,6.1,4134.0,Random House,269,4.07,total:332046,Lisa See
1804,Exodus,tt1091616,0.0,0.0,2007.0,exodus,6.4,847.0,"Bantam Books, Inc.",608,4.34,total:88982,Leon Uris
1805,Comanche Moon,tt0783328,0.0,0.0,2008.0,comanche moon,7.1,3503.0,Simon & Schuster,752,4.03,total:11109,Larry McMurtry
1806,The Winner,,0.0,0.0,1979.0,the winner,0.0,0.0,Pan,565,4.08,total:39504,David Baldacci
1807,Forbidden,tt0022905,0.0,0.0,1932.0,forbidden,6.9,2299.0,Severn House Publishers,400,3.94,total:3295,Elizabeth Lowell
1808,Tender Is the Night,tt0056566,0.0,0.0,1962.0,tender is the night,6.0,999.0,Penguin Classics,400,3.82,total:106728,F. Scott Fitzgerald
1809,Tender Is the Night,tt0056566,0.0,0.0,1962.0,tender is the night,6.0,999.0,Scribner,315,3.82,total:106776,F. Scott Fitzgerald
1810,The Living and the Dead,tt0483719,0.0,0.0,2006.0,the living and the dead,5.8,2529.0,Random House Value Publishing,0,4.01,total:166,Paul Hendrickson
1811,Anima Mundi,tt0101349,0.0,0.0,1992.0,anima mundi,7.5,1435.0,Grand Caractère,257,3.49,total:641,Susanna Tamaro
1812,Suzanne's Diary for Nicholas,tt0430652,0.0,0.0,2005.0,suzanne's diary for nicholas,6.3,1224.0,Vision,289,4.17,total:136905,James Patterson
1813,Suzanne's Diary for Nicholas,tt0430652,0.0,0.0,2005.0,suzanne's diary for nicholas,6.3,1224.0,Warner Books (NY),289,4.17,total:136905,James Patterson
1814,Fatherland,tt0109779,0.0,0.0,1994.0,fatherland,6.4,6594.0,HarperTorch,380,3.98,total:33284,Robert   Harris
1815,The Old Man and the Sea,tt0100288,0.0,0.0,1990.0,the old man and the sea,6.7,1854.0,Simon  Schuster Audio,3,3.77,total:779615,Ernest Hemingway
1816,The Old Man and the Sea,tt0100288,0.0,0.0,1990.0,the old man and the sea,6.7,1854.0,Heinemann Library,92,3.77,total:782720,Ernest Hemingway
1817,Richard III,tt0002461,0.0,0.0,1912.0,richard iii,5.7,345.0,"Oxford University Press, USA",414,3.93,total:41998,William Shakespeare
1818,Les Misérables,tt0025509,0.0,0.0,1934.0,les misérables,8.3,2157.0,Signet Classics,1463,4.17,total:641220,Victor Hugo
1819,Ceremony,tt1341341,0.0,33214.13300963731,2010.0,ceremony,5.4,4590.0,Penguin Books,244,3.77,total:17043,Leslie Marmon Silko
1820,Sleeping Beauty,tt1588398,14664876.326366376,0.0,2011.0,sleeping beauty,5.3,35997.0,Hartorch,400,3.92,total:3187,Phillip Margolin
1821,The House of the Seven Gables,tt0032610,0.0,0.0,1940.0,the house of the seven gables,7.0,1668.0,W. W. Norton & Company,225,3.45,total:33701,Nathaniel Hawthorne
1822,The Perfume of the Lady in Black,tt0070565,0.0,0.0,1974.0,the perfume of the lady in black,6.5,3359.0,Dedalus Limited,252,3.54,total:951,Gaston Leroux
1823,Northanger Abbey,tt0844794,0.0,0.0,2007.0,northanger abbey,7.2,17050.0,Cambridge University Press,354,3.82,total:287488,Jane Austen
1824,Northanger Abbey,tt0844794,0.0,0.0,2007.0,northanger abbey,7.2,17050.0,Oxford University Press,508,3.82,total:288216,Jane Austen
1825,Loser Takes All,tt0352531,0.0,0.0,2002.0,loser takes all,6.7,1468.0,Penguin Classics,128,3.42,total:966,Graham Greene
1826,Tinker Tailor Soldier Spy,tt1340800,43994628.97909913,0.0,2011.0,tinker tailor soldier spy,7.0,223003.0,Pan Macmillan,317,4.05,total:65942,John le Carré
1827,Sherlock Holmes,tt1522835,1491429.4121974546,0.0,2010.0,sherlock holmes,3.4,2238.0,Pocket Essentials,78,3.86,total:28,Mark Campbell
1828,Main Street,tt1365483,14914294.121974545,0.0,2010.0,main street,4.8,3159.0,Barnes  Noble Classics,560,3.77,total:23439,Sinclair Lewis
1829,Zaat,tt0072666,0.0,0.0,1971.0,zaat,2.2,5423.0,American University in Cairo Press,349,3.55,total:4922,Sonallah Ibrahim
1830,First Love,tt0031311,0.0,0.0,1939.0,first love,7.0,831.0,Melville House Publishing,124,3.79,total:9149,Ivan Turgenev
1831,The Presence,tt1298594,0.0,0.0,2010.0,the presence,4.4,3708.0,Ballantine Books,432,3.76,total:3092,John Saul
1832,Hell,tt1643222,0.0,0.0,2011.0,hell,5.8,12673.0,Turtle Point Press,255,3.69,total:1639,Henri Barbusse
1833,Snow,tt1146295,0.0,0.0,2008.0,snow,7.0,1206.0,Random House,72,4.16,total:4470,Roy McKie
1834,The Last Days of Pompeii,tt0003489,0.0,0.0,1913.0,the last days of pompeii,6.1,664.0,Borgo Press,360,3.6,total:1824,Edward Bulwer-Lytton
1835,We Need to Talk About Kevin,tt1242460,10265413.428456465,8856033.757209962,2011.0,we need to talk about kevin,7.4,177781.0,Harper Perennial,400,4.08,total:149578,Lionel Shriver
1836,The Three Musketeers,tt1509767,109986572.44774784,193978894.8993928,2011.0,the three musketeers,5.7,114828.0,Viking,704,4.07,total:262810,Alexandre Dumas
1837,Brighton Rock,tt1233192,0.0,0.0,2010.0,brighton rock,5.7,6934.0,Vintage,269,3.73,total:23954,Graham Greene
1838,Shame,tt1723811,9532169.612138145,25947555.563392054,2011.0,shame,7.2,214308.0,Vintage,287,3.82,total:10791,Salman Rushdie
1839,Batman: Year One,tt1672723,0.0,0.0,2011.0,batman: year one,7.3,40102.0,DC Comics,144,4.22,total:198646,Frank Miller
1840,Hamlet,tt0064400,0.0,0.0,1969.0,hamlet,7.0,937.0,Cambridge University Press,289,4.02,total:695817,William Shakespeare
1841,Hamlet,tt0064400,0.0,0.0,1969.0,hamlet,7.0,937.0,Dover Publications,128,4.02,total:698155,William Shakespeare
1842,The Double,tt1646980,24930289.75482284,5420478.515355784,2011.0,the double,5.9,32405.0,Houghton Mifflin Harcourt,324,3.9,total:13939,José Saramago
1843,The Double,tt1646980,24930289.75482284,5420478.515355784,2011.0,the double,5.9,32405.0,Mariner Books,324,3.9,total:13993,José Saramago
1844,Rage,tt1234550,0.0,0.0,2009.0,rage,4.7,1166.0,Not Avail,896,4.08,total:4581,Wilbur Smith
1845,Wuthering Heights,tt1181614,11731901.0610931,147990.5994475263,2011.0,wuthering heights,6.0,11661.0,Running Press Book Publishers,248,3.85,total:1270598,Emily Brontë
1846,Wuthering Heights,tt1181614,11731901.0610931,147990.5994475263,2011.0,wuthering heights,6.0,11661.0,Penguin Books,335,3.85,total:1275195,Emily Brontë
1847,The River Why,tt1241329,0.0,0.0,2010.0,the river why,5.5,4076.0,Bantam Books,304,4.23,total:9726,David James Duncan
1848,Bluebeard,tt0056165,0.0,0.0,1963.0,bluebeard,6.4,1324.0,Mariner Books,144,3.61,total:440,Max Frisch
1849,The Rum Diary,tt0376136,65991943.46864869,35195703.183279306,2011.0,the rum diary,6.1,109679.0,Bloomsbury Publishing,213,3.82,total:51734,Hunter S. Thompson
1850,Three Days,tt0984155,0.0,0.0,2008.0,three days,5.9,2456.0,Puffin Books,160,3.56,total:900,Donna Jo Napoli
1851,The Tree,tt1496005,0.0,0.0,2010.0,the tree,6.5,4798.0,Ecco Press,91,3.73,total:1000,John Fowles
1852,Extremely Loud & Incredibly Close,tt0477302,58659505.30546551,81020334.21588068,2011.0,extremely loud & incredibly close,6.9,107245.0,Mariner Books,326,3.98,total:370068,Jonathan Safran Foer
1853,Asterix and the Vikings,tt0371552,0.0,0.0,2006.0,asterix and the vikings,6.0,13375.0,Asterix,136,4.11,total:955,René Goscinny
1854,Angel,tt0083560,0.0,0.0,1982.0,angel,6.3,1048.0,HarperCollins Publishers,495,3.65,total:1029,Barbara Taylor Bradford
1855,The Suspect,tt0037330,0.0,0.0,1944.0,the suspect,7.3,3842.0,Dutton,390,3.85,total:2658,John Lescroart
1856,A Midsummer Night's Dream,tt0063297,0.0,0.0,1968.0,a midsummer night's dream,6.5,988.0,Signet Book,162,3.94,total:428449,William Shakespeare
1857,The Cost of Living,tt0348572,0.0,0.0,2003.0,the cost of living,6.0,687.0,Modern Library,144,4.06,total:1124,Arundhati Roy
1858,Texas,tt0034269,0.0,0.0,1941.0,texas,6.7,1528.0,Dial Press Trade Paperback,1472,4.09,total:16610,James A. Michener
1859,All Night Long,tt0054614,0.0,0.0,1962.0,all night long,7.1,1810.0,G.P. Putnam's Sons,416,3.96,total:8263,Jayne Ann Krentz
1860,Faust,tt1437357,0.0,0.0,2011.0,faust,6.5,5972.0,W.W. Norton & Company,752,3.96,total:29391,Johann Wolfgang von Goethe
1861,Faust,tt1437357,0.0,0.0,2011.0,faust,6.5,5972.0,Hesperus Press,92,3.83,total:343,Ivan Turgenev
1862,The Sound and the Fury,tt0053298,0.0,0.0,1959.0,the sound and the fury,6.2,1088.0,Modern Library,368,3.86,total:154239,William Faulkner
1863,The Nun,tt0371853,0.0,0.0,2005.0,the nun,4.1,3684.0,"Oxford University Press, USA",189,3.71,total:5249,Denis Diderot
1864,Jenny,tt0027818,0.0,0.0,1936.0,jenny,6.5,304.0,Steerforth,330,3.8,total:652,Sigrid Undset
1865,The Woman in Black,tt1596365,24202104.96747746,181844275.30853835,2012.0,the woman in black,6.4,198334.0,David R. Godine Publisher,138,3.72,total:45109,Susan Hill
1866,The Woman in Black,tt1596365,24202104.96747746,181844275.30853835,2012.0,the woman in black,6.4,198334.0,Harlequin Intrigue,250,3.88,total:8,Jenna Ryan
1867,The Monk,tt1605769,16131363.959003014,1184240.0904212273,2011.0,the monk,5.8,4253.0,Penguin Classics,431,3.8,total:21462,Matthew Gregory Lewis
1868,A Doll's House,tt0069987,0.0,0.0,1973.0,a doll's house,6.4,1471.0,"Samuel French, Inc.",104,3.72,total:100897,Henrik Ibsen
1869,The Vow,tt1606389,42709597.00143081,279199141.69362974,2012.0,the vow,6.8,211597.0,Pocket Books,368,3.98,total:408,Linda Lael Miller
1870,Silence,tt0067755,0.0,0.0,1971.0,silence,7.1,1266.0,Taplinger Publishing Company,219,4.08,total:22967,Shūsaku Endō
1871,The Pearl,tt0037981,0.0,0.0,1947.0,the pearl,7.4,1215.0,Penguin Books,96,3.47,total:180853,John Steinbeck
1872,The Three Musketeers,tt0032028,0.0,0.0,1939.0,the three musketeers,5.9,721.0,Viking,704,4.07,total:262810,Alexandre Dumas
1873,The Dead,tt1386925,0.0,0.0,2010.0,the dead,5.7,9916.0,Melville House Publishing,64,4.05,total:15273,James Joyce
1874,Territorio comanche,tt0120311,0.0,0.0,1997.0,territorio comanche,6.4,408.0,"Círculo de Lectores, S.A.",128,3.85,total:1932,Arturo Pérez-Reverte
1875,The Civil War,tt0098769,0.0,0.0,1990.0,the civil war,9.0,22679.0,Penguin Classics,368,4.06,total:5715,Gaius Julius Caesar
1876,Freedom,tt0255177,0.0,0.0,2000.0,freedom,7.0,380.0,,72,3.8,total:5,Michael W.  Smith
1877,The Prince and the Pauper,tt0100409,0.0,0.0,1990.0,the prince and the pauper,7.1,4339.0,Digital Scanning,420,3.85,total:104296,Mark Twain
1878,Gone,tt1838544,0.0,25768392.594657697,2012.0,gone,5.9,47740.0,Fiction Collective 2,258,4.2,total:10,Elisabeth Sheffield
1879,The Lorax,tt1482459,99655726.33667187,496627643.8070592,2012.0,the lorax,6.4,140201.0,Random House Books for Young Readers,72,4.35,total:268543,Dr. Seuss
1880,Don Quixote,tt0023956,0.0,0.0,1933.0,don quixote,6.4,413.0,Ecco,940,3.87,total:197128,Miguel de Cervantes Saavedra
1881,Don Quixote,tt0023956,0.0,0.0,1933.0,don quixote,6.4,413.0,Tantor Media,0,3.87,total:197715,Miguel de Cervantes Saavedra
1882,The Dark Side of the Sun,tt0118930,0.0,0.0,1988.0,the dark side of the sun,5.3,3903.0,Ulverscroft,5,3.58,total:8506,Terry Pratchett
1883,The Awakening,tt1687901,7036552.285984257,307516.59061337233,2011.0,the awakening,6.5,71374.0,Women's Press (UK),224,3.65,total:165791,Kate Chopin
1884,Lucky,tt1473397,0.0,0.0,2011.0,lucky,5.3,3760.0,Hachette Book Group,243,3.78,total:89365,Alice Sebold
1885,Nothing Lasts Forever,tt0087817,0.0,0.0,1984.0,nothing lasts forever,6.2,1032.0,Grand Central,384,3.84,total:28785,Sidney Sheldon
1886,The Runner,tt0088992,0.0,0.0,1984.0,the runner,7.6,2757.0,Yearling,96,3.5,total:34,Keith Gray
1887,The Frankenstein Syndrome,tt1337686,0.0,0.0,2010.0,the frankenstein syndrome,4.8,1099.0,Cambridge University Press,256,3.77,total:13,Bernard E. Rollin
1888,The Ghost,tt0057522,0.0,0.0,1963.0,the ghost,6.1,1612.0,Dell,420,3.88,total:7675,Danielle Steel
1889,Frankenstein,tt0001223,0.0,0.0,1910.0,frankenstein,6.4,5151.0,"Oxford University Press, USA",224,3.8,total:1106777,Mary Wollstonecraft Shelley
1890,Frankenstein,tt0001223,0.0,0.0,1910.0,frankenstein,6.4,5151.0,Dover Publications,166,3.8,total:1110135,Mary Wollstonecraft Shelley
1891,Genesis,tt0165297,0.0,0.0,1998.0,genesis,7.0,1911.0,Picador,256,3.0,total:230,Jim Crace
1892,After,tt1249363,0.0,0.0,2009.0,after,5.5,648.0,HarperTeen,352,3.49,total:1876,Francine Prose
1893,Wild About Harry,tt0216279,0.0,0.0,2000.0,wild about harry,6.0,569.0,HarperCollins,257,3.68,total:157,Colin Bateman
1894,Mirror Mirror,tt1667353,121010524.8373873,260554910.61391664,2012.0,mirror mirror,5.6,94304.0,Regan Books,280,3.28,total:29307,Gregory Maguire
1895,The Second Time Around,tt0055421,0.0,0.0,1961.0,the second time around,6.5,976.0,Pocket Books,373,3.75,total:8566,Mary Higgins Clark
1896,Elsewhere,tt0874271,765260.7191895552,0.0,2009.0,elsewhere,5.3,3614.0,"Farrar, Straus and Giroux (BYR)",275,3.91,total:48245,Gabrielle Zevin
1897,The Scarlet Letter,tt0078683,0.0,0.0,1979.0,the scarlet letter,6.2,422.0,Penguin Books,279,3.4,total:678359,Nathaniel Hawthorne
1898,The Scarlet Letter,tt0078683,0.0,0.0,1979.0,the scarlet letter,6.2,422.0,W. W. Norton & Company,439,3.4,total:679902,Nathaniel Hawthorne
1899,Hamlet,tt1449175,0.0,0.0,2009.0,hamlet,8.0,3989.0,Cambridge University Press,289,4.02,total:695817,William Shakespeare
1900,Hamlet,tt1449175,0.0,0.0,2009.0,hamlet,8.0,3989.0,Dover Publications,128,4.02,total:698155,William Shakespeare
1901,Red Dog,tt0803061,0.0,0.0,2011.0,red dog,7.3,20632.0,Vintage,119,3.79,total:3283,Louis de Bernières
1902,The Clown,tt1921043,0.0,0.0,2011.0,the clown,7.2,5946.0,Penguin Classics,272,4.0,total:20282,Heinrich Böll
1903,Creature,tt1686018,4399462.897909913,0.0,2011.0,creature,3.7,3162.0,Bantam,416,3.84,total:10324,John Saul
1904,Zig Zag,tt0066605,0.0,0.0,1970.0,zig zag,6.1,440.0,Rayo,512,3.75,total:1464,José Carlos Somoza
1905,Gifted Hands: The Ben Carson Story,tt1295085,0.0,0.0,2009.0,gifted hands: the ben carson story,7.4,19792.0,Zondervan,224,4.21,total:14849,Ben Carson
1906,Galileo,tt0073029,0.0,0.0,1975.0,galileo,6.5,792.0,Grove Press,155,3.73,total:9167,Bertolt Brecht
1907,Chicken with Plums,tt1663321,17597851.591639653,2094571.087306216,2011.0,chicken with plums,7.0,10273.0,Pantheon Books,84,3.86,total:10985,Marjane Satrapi
1908,The Pact,tt2040560,0.0,0.0,2012.0,the pact,5.7,26203.0,Avon,512,4.01,total:264250,Jodi Picoult
1909,Bernie,tt1704573,7118266.166905135,13106820.783525424,2012.0,bernie,6.8,66470.0,Authorhouse,116,0.0,total:0,Mark Weston
1910,The Keeper,tt1296869,15305214.383791104,0.0,2009.0,the keeper,5.0,5169.0,Starfire,192,4.1,total:21,Phyllis Reynolds Naylor
1911,Salomé,tt0069210,0.0,0.0,1972.0,salomé,6.6,487.0,Dover Publications,64,3.69,total:11154,Oscar Wilde
1912,Cosmopolis,tt1480656,29184891.28431105,8632401.105186926,2012.0,cosmopolis,5.1,51759.0,Scribner,224,3.22,total:14391,Don DeLillo
1913,Kidnapped,tt1629377,0.0,0.0,2010.0,kidnapped,6.4,8957.0,Atheneum Books for Young Readers,64,3.79,total:56495,Robert Louis Stevenson
1914,Kidnapped,tt1629377,0.0,0.0,2010.0,kidnapped,6.4,8957.0,ACC Distribution,208,3.79,total:56574,Robert Louis Stevenson
1915,Proteus,tt0379461,0.0,0.0,2003.0,proteus,6.4,731.0,William Heinemann Ltd,5,3.78,total:283,Morris L. West
1916,Ted,tt1637725,71182661.66905135,782109977.9668366,2012.0,ted,6.9,696906.0,Simon  Schuster Books for Young Readers,40,4.18,total:361,Tony DiTerlizzi
1917,On the Road,tt0337692,35591330.834525675,12505822.723747157,2012.0,on the road,6.0,44441.0,Penguin Books,605,3.62,total:330601,Jack Kerouac
1918,People Like Us,tt1716777,22778451.73409643,17702811.90607526,2012.0,people like us,7.0,44835.0,Ballantine Books,464,3.89,total:1770,Dominick Dunne
1919,Savages,tt1615065,64064395.50214621,118115030.55598176,2012.0,savages,6.4,137785.0,Random House Value Publishing,0,4.06,total:671,Joe Kane
1920,The War,tt0996994,0.0,0.0,2007.0,the war,9.0,5993.0,The New Press,192,3.85,total:2144,Marguerite Duras
1921,The Firm,tt1313113,0.0,0.0,2009.0,the firm,5.8,6828.0,Addison Wesley Publishing Company,76,4.02,total:545180,Robin Waterfield
1922,The Firm,tt1313113,0.0,0.0,2009.0,the firm,5.8,6828.0,Random House Audio,2,4.06,total:35450,John Grisham
1923,Treasure Island,tt1820723,0.0,0.0,2012.0,treasure island,6.2,6487.0,Kingfisher,311,3.83,total:380722,Robert Louis Stevenson
1924,Treasure Island,tt1820723,0.0,0.0,2012.0,treasure island,6.2,6487.0,Running Press Kids,48,3.83,total:381855,Robert Louis Stevenson
1925,From Beginning to End,tt1440741,0.0,0.0,2009.0,from beginning to end,6.6,8935.0,Ballantine Books,304,4.01,total:1009,Robert Fulghum
1926,The Cat in the Hat,tt0284714,0.0,0.0,1971.0,the cat in the hat,7.2,2311.0,Random House Books for Young Readers,61,4.17,total:398469,Dr. Seuss
1927,A Child's Christmas in Wales,tt0172238,0.0,0.0,1987.0,a child's christmas in wales,7.7,699.0,David R. Godine Publisher,43,4.15,total:5213,Dylan Thomas
1928,A Christmas Carol,tt0216621,0.0,0.0,1999.0,a christmas carol,7.4,11774.0,Bethany House Publishers,104,4.05,total:574810,Charles Dickens
1929,Rage,tt1151923,0.0,0.0,2009.0,rage,6.3,1215.0,Not Avail,896,4.08,total:4581,Wilbur Smith
1930,Total Recall,tt1386703,177956654.17262837,283025215.4529542,2012.0,total recall,6.2,274273.0,Avon Books,278,3.93,total:8412,Piers Anthony
1931,Oranges,tt0401703,0.0,0.0,2004.0,oranges,6.9,888.0,Penguin,160,4.07,total:2319,John McPhee
1932,Beloved,tt1815799,13166184.625317035,0.0,2011.0,beloved,6.1,2651.0,Vintage,324,3.84,total:305047,Toni Morrison
1933,Little Birds,tt1623745,0.0,0.0,2011.0,little birds,6.1,5402.0,Mariner Books,148,3.72,total:9398,Anaïs Nin
1934,In Custody,tt0107199,0.0,0.0,1994.0,in custody,7.1,416.0,Penguin Books Ltd,204,3.34,total:1275,Anita Desai
1935,The Family Tree,tt1175713,0.0,0.0,2011.0,the family tree,5.4,2137.0,Harper Voyager,496,4.01,total:2852,Sheri S. Tepper
1936,The Wave,tt0083316,0.0,0.0,1981.0,the wave,7.1,3565.0,Grand Central Publishing,240,3.27,total:934,Walter Mosley
1937,The Words,tt1840417,8541919.400286162,18837012.23500496,2012.0,the words,7.0,83856.0,Vintage,256,3.78,total:6315,Jean-Paul Sartre
1938,The Master,tt1560747,45556903.46819286,40229678.48807506,2012.0,the master,7.1,197117.0,Scribner,339,3.83,total:8608,Colm Tóibín
1939,The Paperboy,tt1496422,17795665.417262837,1927438.5557711043,2012.0,the paperboy,5.7,41418.0,Delta,336,3.6,total:3039,Pete Dexter
1940,The Crush,tt0412608,0.0,0.0,1967.0,the crush,7.5,266.0,Coronet Books,480,3.91,total:11675,Sandra Brown
1941,Despair,tt0077421,0.0,0.0,1978.0,despair,6.9,2913.0,Penguin Classics,163,3.92,total:7359,Vladimir Nabokov
1942,Presumed Guilty,tt1582244,10214931.05819058,0.0,2011.0,presumed guilty,7.3,2125.0,Zondervan,316,4.03,total:842,James Scott Bell
1943,The Painted Veil,tt0025617,0.0,0.0,1934.0,the painted veil,6.5,1847.0,Vintage,246,3.93,total:34074,W. Somerset Maugham
1944,A Safe Place,tt0067699,0.0,0.0,1971.0,a safe place,4.9,1440.0,Arrow,301,3.87,total:682,Lorenzo Carcaterra
1945,Mother,tt0103601,0.0,0.0,1992.0,mother,6.9,2113.0,Citadel Press,406,3.93,total:11684,Maxim Gorky
1946,Mother,tt0103601,0.0,0.0,1992.0,mother,6.9,2113.0,Echo Library,285,3.93,total:11707,Maxim Gorky
1947,Passion Play,tt1396221,11931435.297579637,0.0,2010.0,passion play,4.5,9090.0,Grove Press,288,3.52,total:442,Jerzy Kosiński
1948,Fat Kid Rules The World,tt1995304,0.0,0.0,2012.0,fat kid rules the world,6.4,3442.0,Speak,224,3.79,total:8078,K.L. Going
1949,King Leopold's Ghost,tt0455581,0.0,0.0,2006.0,king leopold's ghost,7.5,432.0,Mariner Books,384,4.15,total:38045,Adam Hochschild
1950,Cloud Atlas,tt1371111,145212629.80486476,185762356.92902973,2012.0,cloud atlas,7.4,383762.0,Sceptre,529,4.02,total:205331,David Mitchell
1951,Flight,tt1907668,44133250.23481184,230307764.740478,2012.0,flight,7.3,392315.0,Grove Atlantic Black Cat,181,3.89,total:14961,Sherman Alexie
1952,Anna Karenina,tt1781769,0.0,98131207.27170582,2012.0,anna karenina,6.6,111067.0,Penguin Classics,838,4.05,total:631550,Leo Tolstoy
1953,Life of Pi,tt0454876,170838388.00572324,867028401.9448564,2012.0,life of pi,7.9,692142.0,Mariner Books / Harvest Books,401,3.91,total:1279597,Yann Martel
1954,Mother Knows Best,tt0119710,0.0,0.0,1997.0,mother knows best,6.5,746.0,Simon & Schuster,64,4.26,total:91,Sarah Willson
1955,The Age of Innocence,tt0024819,0.0,0.0,1934.0,the age of innocence,6.2,584.0,W. W. Norton & Company,544,3.95,total:134858,Edith Wharton
1956,The Lady,tt1802197,0.0,5513380.506883316,2011.0,the lady,7.0,11579.0,Ballantine Books,384,3.84,total:1837,Anne McCaffrey
1957,Lincoln,tt0443272,92537460.16976675,391922410.2211181,2012.0,lincoln,7.3,281786.0,Vintage,672,4.21,total:8059,Gore Vidal
1958,Babbitt,tt0024851,0.0,0.0,1934.0,babbitt,6.0,363.0,Dover Publications,320,3.66,total:20748,Sinclair Lewis
1959,The Caine Mutiny Court-Martial,tt0094826,0.0,0.0,1988.0,the caine mutiny court-martial,6.8,821.0,Doubleday Books,120,4.12,total:321,Herman Wouk
1960,The Moth Diaries,tt1407065,0.0,5628.379534059415,2011.0,the moth diaries,4.9,7113.0,Faber & Faber Limited,245,3.5,total:2485,Rachel Klein
1961,The Confession,tt0128137,0.0,0.0,1999.0,the confession,6.0,2947.0,William Morrow,384,3.37,total:211,James E. McGreevey
1962,Cry Wolf,tt0039288,0.0,0.0,1947.0,cry wolf,6.6,2193.0,St. Martin's Paperbacks,400,3.9,total:2932,Wilbur Smith
1963,Rebecca of Sunnybrook Farm,tt0030657,0.0,0.0,1938.0,rebecca of sunnybrook farm,7.0,2046.0,IndyPublish.com,212,3.87,total:32599,Kate Douglas Wiggin
1964,Mark Twain,tt0306355,0.0,0.0,2002.0,mark twain,8.3,1202.0,Free Press,736,4.06,total:1504,Ron Powers
1965,Mark Twain,tt0306355,0.0,0.0,2002.0,mark twain,8.3,1202.0,Knopf Publishing Group,288,4.16,total:421,Geoffrey C. Ward
1966,DMT: The Spirit Molecule,tt1340425,0.0,0.0,2010.0,dmt: the spirit molecule,7.1,4941.0,Park Street Press,363,4.19,total:6824,Rick Strassman
1967,The Tempest,tt0080000,0.0,0.0,1980.0,the tempest,6.8,353.0,Cambridge University Press,180,3.81,total:163832,William Shakespeare
1968,The Tempest,tt0080000,0.0,0.0,1980.0,the tempest,6.8,353.0,Brimax Books,18,3.72,total:183,John Escott
1969,Brooklyn Bridge,tt0082106,0.0,0.0,1982.0,brooklyn bridge,7.5,1137.0,Atheneum Books for Young Readers,40,3.86,total:87,Lynn Curlee
1970,Jude the Obscure,tt0066674,0.0,0.0,1971.0,jude the obscure,7.6,139.0,Dover Publications,310,3.82,total:59024,Thomas Hardy
1971,Jude the Obscure,tt0066674,0.0,0.0,1971.0,jude the obscure,7.6,139.0,W. W. Norton & Company,468,3.82,total:59132,Thomas Hardy
1972,Fever,tt0101869,0.0,0.0,1991.0,fever,5.3,294.0,Berkley Books,352,3.77,total:8118,Robin Cook
1973,Kathleen,tt0033780,0.0,0.0,1941.0,kathleen,6.2,550.0,Jove,352,3.84,total:43,Francine Rivers
1974,Memory,tt0418879,0.0,0.0,2006.0,memory,5.2,2053.0,,288,3.67,total:259,Margaret Mahy
1975,Jazz,tt0221300,0.0,0.0,2001.0,jazz,8.6,2665.0,Alfred A. Knopf,229,3.82,total:21639,Toni Morrison
1976,The Master,tt0097775,0.0,18989581.601272594,1992.0,the master,5.7,3164.0,Scribner,339,3.83,total:8608,Colm Tóibín
1977,The Red Shoes,tt0468683,0.0,0.0,2006.0,the red shoes,5.7,3309.0,Harper Perennial,359,3.91,total:54,Rosemary Sullivan
1978,Bluebeard,tt0068294,0.0,0.0,1972.0,bluebeard,5.6,1801.0,Mariner Books,144,3.61,total:440,Max Frisch
1979,Les Misérables,tt1707386,86842847.23624265,628983907.5998279,2012.0,les misérables,7.5,358116.0,Signet Classics,1463,4.17,total:641220,Victor Hugo
1980,Silent Night,tt2347497,0.0,20738.35665066142,2012.0,silent night,5.2,10154.0,Golden Press,14,3.0,total:3,Ann Schweninger
1981,The Turn of the Screw,tt1577883,0.0,0.0,2009.0,the turn of the screw,5.4,1855.0,Wildside Press,172,3.43,total:91563,Henry James
1982,The Willow Tree,tt0415607,0.0,0.0,2005.0,the willow tree,7.3,4686.0,Marion Boyars Publishers Ltd,250,3.94,total:669,Hubert Selby Jr.
1983,Born to Be Wild,tt1680059,0.0,11339358.98402709,2011.0,born to be wild,7.5,3200.0,Jove,354,3.78,total:2785,Catherine Coulter
1984,The Collection,tt1748227,0.0,9740717.994680522,2012.0,the collection,6.1,57090.0,DH Publishing,192,3.76,total:38,Hideshi Hino
1985,Les Misérables,tt0230534,0.0,0.0,2000.0,les misérables,7.6,4693.0,Signet Classics,1463,4.17,total:641220,Victor Hugo
1986,Les Misérables,tt0050709,0.0,0.0,1958.0,les misérables,7.4,1942.0,Signet Classics,1463,4.17,total:641220,Victor Hugo
1987,The Man Who Laughs,tt1946289,0.0,0.0,2012.0,the man who laughs,6.0,1501.0,Norilana Books,672,4.23,total:9324,Victor Hugo
1988,Mein Kampf,tt1038045,0.0,0.0,2009.0,mein kampf,5.0,835.0,Houghton Mifflin Company,384,3.16,total:31130,Adolf Hitler
1989,The Unloved,tt1268989,0.0,0.0,2009.0,the unloved,6.8,1348.0,Severn House Publishers,368,3.86,total:4092,John Saul
1990,Renoir,tt2150332,0.0,3265572.939422933,2012.0,renoir,6.5,6168.0,Sourcebooks,144,4.23,total:13,Paul  Joannides
1991,Double Indemnity,tt0070000,0.0,0.0,1973.0,double indemnity,4.6,645.0,Vintage Crime/Black Lizard,115,4.11,total:18090,James M. Cain
1992,Madagascar,tt1842793,0.0,0.0,2011.0,madagascar,8.5,2393.0,Aperture,143,4.14,total:7,Frans Lanting
1993,Day and Night,tt0119418,0.0,0.0,1997.0,day and night,1.9,1221.0,Meredith Corporation,32,0.0,total:0,Better Homes and Gardens
1994,The Last Godfather,tt1584131,19985154.12344589,24906871.18369749,2010.0,the last godfather,3.5,1358.0,Citadel,328,3.77,total:396,Anthony M. DeStefano
1995,Side Effects,tt2053463,42002253.11745994,88726619.34217604,2013.0,side effects,7.1,203061.0,Roaring Brook Press,144,3.87,total:961,Amy Goldman Koss
1996,Midnight's Children,tt1714866,0.0,1258651.823632166,2012.0,midnight's children,6.2,3461.0,Picador,463,3.98,total:100685,Salman Rushdie
1997,Death of a Salesman,tt0187806,0.0,0.0,1966.0,death of a salesman,7.8,741.0,Viking Books,139,3.52,total:175487,Arthur  Miller
1998,Zig Zag,tt0271885,0.0,0.0,2002.0,zig zag,5.9,1659.0,Rayo,512,3.75,total:1464,José Carlos Somoza
1999,The Legend of Sleepy Hollow,tt0051850,0.0,0.0,1949.0,the legend of sleepy hollow,7.7,6331.0,Wildside Press,108,3.73,total:46297,Washington Irving
2000,The Inheritance,tt0056135,0.0,0.0,1962.0,the inheritance,7.4,1213.0,Penguin Books,177,3.64,total:4962,Louisa May Alcott
2001,Genghis Khan,tt0059219,0.0,0.0,1965.0,genghis khan,5.8,2717.0,Cooper Square Publishers,256,3.68,total:95,R.P. Lister
2002,Leviathan,tt2332522,0.0,0.0,2012.0,leviathan,6.5,3934.0,Penguin Books,275,3.96,total:14561,Paul Auster
2003,Leviathan,tt2332522,0.0,0.0,2012.0,leviathan,6.5,3934.0,Penguin Books,736,3.7,total:36037,Thomas Hobbes
2004,The Glass Menagerie,tt0042509,0.0,0.0,1950.0,the glass menagerie,7.0,1345.0,New Directions,104,3.7,total:108303,Tennessee Williams
2005,The Great Gatsby,tt0041428,0.0,0.0,1949.0,the great gatsby,6.5,1011.0,Wordsworth Editions Ltd,122,3.92,total:3577073,F. Scott Fitzgerald
2006,The Great Gatsby,tt0041428,0.0,0.0,1949.0,the great gatsby,6.5,1011.0,Cambridge University Press,276,3.92,total:3589597,F. Scott Fitzgerald
2007,The Crossing,tt0210628,0.0,0.0,2000.0,the crossing,7.1,2353.0,Scholastic Paperbacks,128,3.62,total:1031,Gary Paulsen
2008,The Wayward Bus,tt0051182,0.0,0.0,1957.0,the wayward bus,6.5,1240.0,Penguin Classics,261,3.85,total:8665,John Steinbeck
2009,Abraham Lincoln,tt0020620,0.0,0.0,1930.0,abraham lincoln,5.7,1841.0,Children's Press(CT),31,3.65,total:20,Wil Mara
2010,Riders of the Purple Sage,tt0117476,0.0,0.0,1996.0,riders of the purple sage,6.3,1010.0,Forge Books,320,3.71,total:9634,Zane Grey
2011,Company,tt1942831,0.0,0.0,2011.0,company,7.7,1542.0,Vintage,338,3.74,total:5779,Max Barry
2012,The Host,tt1517260,61603304.57227457,88662837.52074206,2013.0,the host,5.8,120987.0,Spectra,358,3.9,total:83,Peter Emshwiller
2013,The Best and the Brightest,tt1438251,0.0,0.0,2010.0,the best and the brightest,4.8,1511.0,Modern Library,816,4.28,total:9809,David Halberstam
2014,The Mountain,tt0049523,0.0,0.0,1956.0,the mountain,6.8,2423.0,Corgi,384,4.33,total:85,Elvi Rhodes
2015,Oblivion,tt1483013,168009012.46983975,400657493.180202,2013.0,oblivion,7.0,578640.0,Back Bay Books,329,4.07,total:11928,David Foster Wallace
2016,Bernice Bobs Her Hair,tt0074200,0.0,0.0,1976.0,bernice bobs her hair,6.9,670.0,Kessinger Publishing,48,3.98,total:2861,F. Scott Fitzgerald
2017,The Taming of the Shrew,tt0081597,0.0,0.0,1980.0,the taming of the shrew,7.1,432.0,Simon  Schuster,291,3.8,total:149403,William Shakespeare
2018,The Taming of the Shrew,tt0081597,0.0,0.0,1980.0,the taming of the shrew,7.1,432.0,BBC Audiobooks,2,3.8,total:149541,William Shakespeare
2019,Always in My Heart,tt0034454,0.0,0.0,1942.0,always in my heart,6.2,553.0,Signet,420,4.03,total:1631,Catherine Anderson
2020,Revolution,tt2350608,0.0,0.0,2013.0,revolution,7.3,472.0,Tyndale House Publishers,143,3.67,total:687,George Barna
2021,"20,000 Leagues Under the Sea",tt0118248,0.0,0.0,1997.0,"20,000 leagues under the sea",5.7,1759.0,IndyPublish,440,3.88,total:186838,Jules Verne
2022,"20,000 Leagues Under the Sea",tt0118248,0.0,0.0,1997.0,"20,000 leagues under the sea",5.7,1759.0,Evans Brothers,48,3.76,total:728,Pauline Francis
2023,Chariots of the Gods,tt0065702,0.0,213.96306068601584,1970.0,chariots of the gods,6.2,1845.0,Berkley,220,3.5,total:12290,Erich von Däniken
2024,The Tenth Man,tt0096243,0.0,0.0,1988.0,the tenth man,6.9,2254.0,Washington Square Press,160,3.73,total:3559,Graham Greene
2025,The Scapegoat,tt2084977,0.0,0.0,2012.0,the scapegoat,7.2,5706.0,University of Pennsylvania Press,348,3.97,total:5985,Daphne du Maurier
2026,Empire,tt0196530,0.0,0.0,1964.0,empire,3.7,1524.0,Tor Books,352,3.43,total:9255,Orson Scott Card
2027,Empire,tt0196530,0.0,0.0,1964.0,empire,3.7,1524.0,Vintage,496,3.85,total:1973,Gore Vidal
2028,Syrup,tt0762138,8400450.623491988,0.0,2013.0,syrup,5.5,12757.0,New York : Penguin Books,304,3.88,total:5275,Max Barry
2029,The Woman in the Fifth,tt1605777,0.0,0.0,2011.0,the woman in the fifth,5.3,7380.0,Hutchinson,432,3.29,total:3053,Douglas Kennedy
2030,The Great Gatsby,tt1343092,147007885.91110978,491482951.1099064,2013.0,the great gatsby,7.2,631355.0,Wordsworth Editions Ltd,122,3.92,total:3577073,F. Scott Fitzgerald
2031,The Great Gatsby,tt1343092,147007885.91110978,491482951.1099064,2013.0,the great gatsby,7.2,631355.0,Cambridge University Press,276,3.92,total:3589597,F. Scott Fitzgerald
2032,Bliss,tt0978649,0.0,0.0,2007.0,bliss,7.5,7972.0,Leisure Books,394,3.97,total:2254,Lynsay Sands
2033,As You Like It,tt0077180,0.0,0.0,1978.0,as you like it,7.1,372.0,Applause Theatre & Cinema Book Publishers,114,3.83,total:69587,William Shakespeare
2034,Players,tt1784589,0.0,0.0,2012.0,players,4.4,5409.0,Vintage,224,3.28,total:1546,Don DeLillo
2035,The Merchant of Venice,tt0081152,0.0,0.0,1980.0,the merchant of venice,7.2,325.0,Signet Classics,272,3.8,total:153076,William Shakespeare
2036,Hiroshima,tt0475296,0.0,0.0,2005.0,hiroshima,7.8,1951.0,Scholastic Paperbacks,64,3.68,total:778,Laurence Yep
2037,An Ideal Husband,tt0039485,0.0,0.0,1947.0,an ideal husband,6.5,897.0,Dover Publications,78,4.04,total:35316,Oscar Wilde
2038,An Ideal Husband,tt0039485,0.0,0.0,1947.0,an ideal husband,6.5,897.0,BookSurge Classics,126,4.04,total:35391,Oscar Wilde
2039,The Body,tt1937149,0.0,0.0,2012.0,the body,7.6,77622.0,Penguin Books,80,4.25,total:32410,Stephen King
2040,Much Ado About Nothing,tt2094064,0.0,0.0,2012.0,much ado about nothing,7.0,17365.0,Cambridge University Press,196,4.07,total:207100,William Shakespeare
2041,Much Ado About Nothing,tt2094064,0.0,0.0,2012.0,much ado about nothing,7.0,17365.0,Signet Classic,166,4.07,total:207100,William Shakespeare
2042,The Other Family,tt1695136,0.0,0.0,2011.0,the other family,7.3,920.0,Random House,207,3.0,total:8,Jacqueline  Carey
2043,The Reluctant Fundamentalist,tt2032557,0.0,727388.0191126516,2013.0,the reluctant fundamentalist,6.8,15060.0,Harcourt,184,3.72,total:56303,Mohsin Hamid
2044,Hammer of the Gods,tt2193418,0.0,897.4481416097273,2013.0,hammer of the gods,4.5,8383.0,MacMillan,343,3.85,total:10904,Stephen Davis
2045,Julius Caesar,tt0079378,0.0,0.0,1979.0,julius caesar,7.4,271.0,"Oxford University Press, USA",128,3.68,total:161007,William Shakespeare
2046,Eden,tt1734433,0.0,0.0,2012.0,eden,6.6,9851.0,Mariner Books,276,3.91,total:4249,Stanisław Lem
2047,Eden,tt1734433,0.0,0.0,2012.0,eden,6.6,9851.0,Houghton Mifflin Harcourt P,262,3.91,total:4262,Stanisław Lem
2048,The Tempest,tt0080000,0.0,0.0,1980.0,the tempest,6.8,353.0,Cambridge University Press,180,3.81,total:163832,William Shakespeare
2049,The Tempest,tt0080000,0.0,0.0,1980.0,the tempest,6.8,353.0,Brimax Books,18,3.72,total:183,John Escott
2050,Macbeth,tt0084284,0.0,0.0,1983.0,macbeth,6.9,416.0,Simon  Schuster,249,3.9,total:641361,William Shakespeare
2051,American Samurai,tt0106258,0.0,0.0,1992.0,american samurai,5.0,2271.0,Grand Central Publishing,352,3.89,total:9,William Lareau
2052,Hamlet,tt0080835,0.0,0.0,1980.0,hamlet,8.0,680.0,Cambridge University Press,289,4.02,total:695817,William Shakespeare
2053,Hamlet,tt0080835,0.0,0.0,1980.0,hamlet,8.0,680.0,Dover Publications,128,4.02,total:698155,William Shakespeare
2054,Class Act,tt0103978,0.0,0.0,1992.0,class act,6.1,8558.0,Harlequin Superromance,304,3.16,total:25,Laura Abbot
2055,Othello,tt0082861,0.0,0.0,1981.0,othello,7.1,515.0,Simon  Schuster,314,3.89,total:301217,William Shakespeare
2056,Othello,tt0082861,0.0,0.0,1981.0,othello,7.1,515.0,Barrons Educational Series,319,3.89,total:301924,William Shakespeare
2057,Love,tt1541874,733243.8163183188,0.0,2011.0,love,5.4,9093.0,Miramax Books,43,4.46,total:1464,Pablo Neruda
2058,Love,tt1541874,733243.8163183188,0.0,2011.0,love,5.4,9093.0,Vintage Classics,122,3.69,total:1130,Angela Carter
2059,The Last Days,tt1935914,0.0,0.0,2013.0,the last days,6.1,9493.0,Dalkey Archive Press,250,3.8,total:257,Raymond Queneau
2060,The Count of Monte Cristo,tt0167565,0.0,0.0,1998.0,the count of monte cristo,7.8,7510.0,Tor Classics,580,4.25,total:717363,Alexandre Dumas
2061,The Forsyte Saga,tt0061253,0.0,0.0,1967.0,the forsyte saga,8.4,1204.0,Touchstone,878,4.16,total:17911,John Galsworthy
2062,Burning Bright,tt1244658,0.0,0.0,2012.0,burning bright,5.8,8525.0,Dutton,320,3.36,total:12621,Tracy Chevalier
2063,Evidence,tt1828970,0.0,0.0,2013.0,evidence,5.3,8100.0,Steidl Dap,95,4.07,total:15,Mona Kuhn
2064,Money Matters,tt2034741,0.0,0.0,2011.0,money matters,5.3,143.0,Westminster John Knox Press,264,3.0,total:2,Dean R. Hoge
2065,When Nietzsche Wept,tt0760188,0.0,0.0,2007.0,when nietzsche wept,6.4,5143.0,Harper Perennial,310,4.32,total:41803,Irvin D. Yalom
2066,Gravity,tt1454468,147007885.91110978,1003003590.8970602,2013.0,gravity,7.7,890246.0,Dover Publications,176,3.93,total:194,George Gamow
2067,Spin,tt0490701,7972197.781131258,0.0,2007.0,spin,5.4,1296.0,Tor Books,364,4.02,total:33880,Robert Charles Wilson
2068,The Crimson Petal and the White,tt0384013,0.0,0.0,2011.0,the crimson petal and the white,7.5,3796.0,Canongate Books,835,3.89,total:35480,Michel Faber
2069,Saint Joan,tt0050928,0.0,0.0,1957.0,saint joan,6.4,1389.0,Penguin Classics,160,3.8,total:6553,George Bernard Shaw
2070,The Naked Civil Servant,tt0073438,0.0,0.0,1975.0,the naked civil servant,7.8,2060.0,Penguin Classics,212,4.05,total:1999,Quentin Crisp
2071,The Notebook,tt2324384,0.0,93187.59884150053,2013.0,the notebook,7.0,3339.0,Grand Central Publishing,254,4.1,total:1270826,Nicholas Sparks
2072,America The Beautiful,tt1040007,0.0,0.0,2008.0,america the beautiful,6.8,490.0,Touchstone,304,3.53,total:495,Moon Unit Zappa
2073,Shake Hands with the Devil,tt0053272,0.0,0.0,1959.0,shake hands with the devil,7.0,1687.0,Arrow,563,4.24,total:10373,Roméo Dallaire
2074,Angel,tt0086896,9530891.283055829,0.0,1984.0,angel,5.8,5266.0,HarperCollins Publishers,495,3.65,total:1029,Barbara Taylor Bradford
2075,Alice's Adventures in Wonderland,tt0068190,19682524.27184466,0.0,1972.0,alice's adventures in wonderland,5.7,1968.0,Courage Books,56,4.02,total:214824,Lewis Carroll
2076,Alice's Adventures in Wonderland,tt0068190,19682524.27184466,0.0,1972.0,alice's adventures in wonderland,5.7,1968.0,Hungry Minds,192,4.02,total:216623,Lewis Carroll
2077,Alice's Adventures in Wonderland,tt0068190,19682524.27184466,0.0,1972.0,alice's adventures in wonderland,5.7,1968.0,LRS (Library Reproduction Service),140,4.02,total:216716,Lewis Carroll
2078,Les Misérables,tt0077936,0.0,0.0,1978.0,les misérables,7.3,2091.0,Signet Classics,1463,4.17,total:641220,Victor Hugo
2079,The Wall,tt1745686,0.0,0.0,2012.0,the wall,6.7,7850.0,Vintage Books,640,4.28,total:1867,John Hersey
2080,Filth,tt1450321,7000375.519576656,12760654.11691176,2013.0,filth,7.0,120784.0,W. W. Norton  Company,393,3.73,total:24496,Irvine Welsh
2081,Filth,tt1450321,7000375.519576656,12760654.11691176,2013.0,filth,7.0,120784.0,Jonathan Cape,400,3.73,total:24566,Irvine Welsh
2082,Romeo & Juliet,tt1645131,0.0,1627776.318440601,2013.0,romeo & juliet,5.8,13145.0,Nelson Thornes Ltd,288,3.74,total:1976622,William Shakespeare
2083,Baggage Claim,tt1171222,11900638.383280316,31440799.17175057,2013.0,baggage claim,5.1,10000.0,Touchstone Books,323,3.3,total:290,David E. Talbert
2084,Carrie,tt1939659,42002253.11745994,115358191.33362973,2013.0,carrie,5.8,154225.0,Pocket Books,253,3.96,total:489304,Stephen King
2085,One Nation Under God,tt0107748,0.0,0.0,1993.0,one nation under god,7.3,214.0,Doubleday,519,3.4,total:35,James P. Moore Jr.
2086,The Double,tt1825157,0.0,276279.68025568663,2014.0,the double,6.4,54996.0,Houghton Mifflin Harcourt,324,3.9,total:13939,José Saramago
2087,The Double,tt1825157,0.0,276279.68025568663,2014.0,the double,6.4,54996.0,Mariner Books,324,3.9,total:13993,José Saramago
2088,Inherit the Wind,tt0196632,0.0,0.0,1999.0,inherit the wind,7.2,2256.0,Ballantine Books,129,3.96,total:19994,Jerome Lawrence
2089,Running Wild,,0.0,0.0,1995.0,running wild,0.0,0.0,"Farrar, Straus and Giroux",112,3.49,total:2481,J.G. Ballard
2090,Stuck,tt2369331,0.0,0.0,2013.0,stuck,7.4,148.0,Xlibris Corporation,152,4.75,total:8,Evan Roskos
2091,Great Expectations,tt1836808,0.0,368236.4507334029,2012.0,great expectations,6.3,14150.0,Penguin Audio,3,3.77,total:622146,Charles Dickens
2092,Great Expectations,tt1836808,0.0,368236.4507334029,2012.0,great expectations,6.3,14150.0,Signet Classics,494,3.77,total:623762,Charles Dickens
2093,Great Expectations,tt1836808,0.0,368236.4507334029,2012.0,great expectations,6.3,14150.0,Brilliance Audio,518,3.77,total:623897,Charles Dickens
2094,The Lords of Discipline,tt0085867,0.0,39053797.86247191,1983.0,the lords of discipline,6.6,3171.0,Bantam,512,4.3,total:24341,Pat Conroy
2095,The Book Thief,tt0816442,0.0,107226594.3321924,2013.0,the book thief,7.5,146282.0,Alfred A. Knopf,552,4.37,total:1727186,Markus Zusak
2096,The Scarlet Letter,tt0069228,0.0,0.0,1973.0,the scarlet letter,5.8,961.0,Penguin Books,279,3.4,total:678359,Nathaniel Hawthorne
2097,The Scarlet Letter,tt0069228,0.0,0.0,1973.0,the scarlet letter,5.8,961.0,W. W. Norton & Company,439,3.4,total:679902,Nathaniel Hawthorne
2098,A Raisin in the Sun,tt0808435,0.0,0.0,2008.0,a raisin in the sun,6.5,2212.0,Random House,162,3.78,total:63299,Lorraine Hansberry
2099,The Stranger,tt0062310,0.0,0.0,1967.0,the stranger,7.1,3473.0,HMH Books for Young Readers,32,4.09,total:2870,Chris Van Allsburg
2100,Sweetwater,tt2224004,9800525.727407318,8606.26166376754,2013.0,sweetwater,6.2,6773.0,Random House Trade Paperbacks,352,3.49,total:340,Roxana Robinson
2101,A Christmas Carol,tt0188504,0.0,0.0,1977.0,a christmas carol,6.5,651.0,Bethany House Publishers,104,4.05,total:574810,Charles Dickens
2102,A Christmas Carol,tt0112668,0.0,0.0,1997.0,a christmas carol,6.0,1028.0,Bethany House Publishers,104,4.05,total:574810,Charles Dickens
2103,A Christmas Carol,tt0406649,0.0,0.0,2004.0,a christmas carol,6.3,2406.0,Bethany House Publishers,104,4.05,total:574810,Charles Dickens
2104,Cockpit,tt2287675,0.0,0.0,2012.0,cockpit,5.8,2666.0,Grove Press,272,3.68,total:1119,Jerzy Kosiński
2105,The Outsider,tt2198241,5514399.374383734,0.0,2014.0,the outsider,4.7,3148.0,Harpperen,672,4.16,total:2004,Richard Wright
2106,The Grotesque,tt0113224,0.0,0.0,1995.0,the grotesque,5.5,718.0,Vintage,178,3.62,total:1129,Patrick McGrath
2107,Always,tt0088701,0.0,0.0,1985.0,always,5.6,355.0,Pocket Books,392,3.78,total:3800,Jude Deveraux
2108,Solo,tt2374196,0.0,0.0,2013.0,solo,4.7,1467.0,Headline Review,421,3.65,total:4259,Jill Mansell
2109,The Lost Thing,tt1669698,0.0,0.0,2010.0,the lost thing,7.3,3828.0,Simply Read Books,32,4.32,total:4785,Shaun Tan
2110,White Fang,tt0069536,0.0,0.0,1973.0,white fang,6.0,1030.0,Scholastic Paperbacks,252,3.98,total:143874,Jack London
2111,White Fang,tt0069536,0.0,0.0,1973.0,white fang,6.0,1030.0,Thorndike Press,354,3.98,total:144286,Jack London
2112,The Secret,tt0446463,0.0,0.0,2007.0,the secret,6.2,4075.0,Hesperus Press,123,3.33,total:209,Charlotte Brontë
2113,Stars,tt0053306,0.0,0.0,1959.0,stars,7.4,557.0,Collins,32,3.9,total:50,Seymour Simon
2114,Resistance,tt1391116,0.0,0.0,2011.0,resistance,4.9,2026.0,Vintage,180,3.83,total:332,Barry  Lopez
2115,Resistance,tt1391116,0.0,0.0,2011.0,resistance,4.9,2026.0,Little Brown and Company,284,3.76,total:8052,Anita Shreve
2116,Reasonable Doubt,tt2304953,11028798.748767467,0.0,2014.0,reasonable doubt,5.7,21358.0,Harlequin Presents,251,3.64,total:110,Catherine Anderson
2117,The Assault,tt1793239,0.0,0.0,2010.0,the assault,6.1,4322.0,Penguin Books,176,3.78,total:171,Reinaldo Arenas
2118,Dirty Pictures,tt0217363,0.0,0.0,2000.0,dirty pictures,6.5,903.0,Ellora's Cave,256,3.65,total:85,Elisa Adams
2119,Why Not Me?,tt0162556,0.0,0.0,1999.0,why not me?,6.3,891.0,"Penguin Books, Limited (UK)",304,3.76,total:1391,Al Franken
2120,Visitors,tt2936174,0.0,0.0,2013.0,visitors,6.2,1228.0,Vintage,256,3.59,total:439,Anita Brookner
2121,Manhunt,tt1054115,0.0,0.0,2008.0,manhunt,5.1,4587.0,HarperTorch,219,3.7,total:13037,Janet Evanovich
2122,Harvest,tt1827528,0.0,0.0,2011.0,harvest,6.5,2387.0,Pocket Books,368,4.11,total:18521,Tess Gerritsen
2123,The Confession,tt0219430,0.0,0.0,2001.0,the confession,6.7,241.0,William Morrow,384,3.37,total:211,James E. McGreevey
2124,The Road,tt2063008,0.0,0.0,2011.0,the road,5.6,1874.0,Alfred A. Knopf,241,3.97,total:683245,Cormac McCarthy
2125,A Streetcar Named Desire,tt0088193,0.0,0.0,1984.0,a streetcar named desire,6.8,527.0,Dramatists Play Service,107,3.98,total:254700,Tennessee Williams
2126,A Streetcar Named Desire,tt0114565,0.0,0.0,1995.0,a streetcar named desire,6.6,1375.0,Dramatists Play Service,107,3.98,total:254700,Tennessee Williams
2127,Evidence,tt0112990,0.0,0.0,1995.0,evidence,6.7,496.0,Steidl Dap,95,4.07,total:15,Mona Kuhn
2128,Ten Little Indians,tt0072263,0.0,0.0,1974.0,ten little indians,5.7,3865.0,Vintage,256,4.07,total:6277,Sherman Alexie
2129,A Long Way Down,tt0458413,0.0,9893310.851790149,2014.0,a long way down,6.3,35406.0,Riverhead Books,368,3.42,total:75552,Nick Hornby
2130,Endless Love,tt2318092,27571996.87191867,46979815.18207473,2014.0,endless love,6.2,48901.0,Ecco Press,432,3.54,total:3583,Scott Spencer
2131,Winter's Tale,tt1837709,82715990.615756,42461193.63931862,2014.0,winter's tale,6.1,58612.0,Mariner Books,748,3.5,total:25861,Mark Helprin
2132,Women in Love,tt1738340,0.0,0.0,2011.0,women in love,6.2,644.0,Dover Publications,416,3.67,total:28650,D.H. Lawrence
2133,Women in Love,tt1738340,0.0,0.0,2011.0,women in love,6.2,644.0,Cambridge University Press,696,3.67,total:28697,D.H. Lawrence
2134,Joe,tt2382396,5514399.374383734,3261032.436231342,2014.0,joe,6.8,53055.0,Prestel Publishing,96,4.23,total:53,Hiroshi Sugimoto
2135,The Journey,tt0105744,0.0,0.0,1992.0,the journey,7.1,887.0,Pan Australia,186,3.31,total:287,John Marsden
2136,Big Bad Wolf,tt0488962,0.0,0.0,2006.0,big bad wolf,5.2,2971.0,Love Spell,359,3.8,total:162,Linda Jones
2137,The Abyss,tt0001105,0.0,0.0,1910.0,the abyss,6.4,1108.0,Legend,363,4.07,total:18197,Orson Scott Card
2138,Family tree,tt1345444,0.0,0.0,2010.0,family tree,6.6,219.0,Doubleday Books,358,3.56,total:9137,Barbara Delinsky
2139,Blind Date,tt0480268,0.0,0.0,2007.0,blind date,5.6,988.0,Grove Press,224,3.69,total:1174,Jerzy Kosiński
2140,Head Over Heels,tt1564916,0.0,0.0,2010.0,head over heels,5.7,2618.0,Headline Review,448,3.72,total:4302,Jill Mansell
2141,The Human Factor,tt0080903,0.0,0.0,1979.0,the human factor,6.1,1746.0,Everyman’s Library,368,3.91,total:7420,Graham Greene
2142,Spider,tt1029161,0.0,0.0,2007.0,spider,7.6,3208.0,Gallimard Education,227,3.77,total:1801,Patrick McGrath
2143,"Bless Me, Ultima",tt1390398,0.0,2175473.098416344,2013.0,"bless me, ultima",6.4,1653.0,Grand Central Publishing,290,3.77,total:25960,Rudolfo Anaya
2144,Brotherhood,tt1327820,0.0,0.0,2009.0,brotherhood,7.0,3503.0,Main Street,240,4.17,total:42,Rudolph W. Giuliani
2145,Stardust,tt0072201,0.0,0.0,1974.0,stardust,6.5,1262.0,Harper Perennial,248,4.09,total:339986,Neil Gaiman
2146,The Prisoner of Zenda,tt0079753,0.0,0.0,1979.0,the prisoner of zenda,5.2,1454.0,House of Stratus,184,3.86,total:17386,Anthony Hope
2147,Diplomacy,tt3129564,0.0,5441168.150691918,2014.0,diplomacy,7.1,6120.0,Diane Books Publishing Company,912,4.22,total:6275,Henry Kissinger
2148,By the Pricking of My Thumbs,tt0445570,0.0,0.0,2005.0,by the pricking of my thumbs,5.8,1336.0,Macmillan Audio,0,3.72,total:13440,Agatha Christie
2149,Barabbas,tt0045541,0.0,0.0,1953.0,barabbas,6.2,142.0,Vintage,144,3.83,total:3853,Pär Lagerkvist
2150,Barabbas,tt2535664,0.0,0.0,2013.0,barabbas,5.4,548.0,Vintage,144,3.83,total:3853,Pär Lagerkvist
2151,Going Postal,tt1219817,0.0,0.0,2010.0,going postal,7.6,10249.0,Berkley Trade,250,3.4,total:154,Stephan Jaramillo
2152,The Thirteen,tt0028413,0.0,0.0,1937.0,the thirteen,6.7,300.0,Authorhouse,500,3.84,total:392,James   Patterson
2153,Graceland,tt2131523,0.0,0.0,2012.0,graceland,6.6,1726.0,Picador,336,3.78,total:2240,Chris Abani
2154,Beauty and the Beast,tt0055781,0.0,0.0,1962.0,beauty and the beast,4.8,332.0,Seastar Books,48,4.34,total:5862,Marianna Mayer
2155,Beauty and the Beast,tt1410295,0.0,0.0,2009.0,beauty and the beast,3.1,1896.0,Seastar Books,48,4.34,total:5862,Marianna Mayer
2156,Beauty and the Beast,tt2316801,45493794.838665806,67689252.32056034,2014.0,beauty and the beast,6.4,23874.0,Seastar Books,48,4.34,total:5862,Marianna Mayer
2157,Bears,tt2458776,0.0,0.0,2014.0,bears,7.3,7308.0,Child's World,32,0.0,total:0,Patrick Merrick
2158,The Other Woman,tt2203939,55143993.74383734,271282521.8924212,2014.0,the other woman,6.0,158811.0,Berkley,389,3.7,total:30602,Jane Green
2159,Rage,tt2401807,28950596.715514604,0.0,2014.0,rage,5.0,26221.0,Not Avail,896,4.08,total:4581,Wilbur Smith
2160,A Study in Scarlet,tt0024625,0.0,0.0,1933.0,a study in scarlet,5.6,1328.0,1st World Library - Literary Society,184,4.16,total:302376,Arthur Conan Doyle
2161,Anne of Green Gables,tt0024831,0.0,0.0,1934.0,anne of green gables,7.0,1554.0,Sterling,312,4.26,total:684282,L.M. Montgomery
2162,Anne of Green Gables,tt0024831,0.0,0.0,1934.0,anne of green gables,7.0,1554.0,"Oxford University Press, USA",56,4.03,total:242,Clare West
2163,Pompeii,tt1921064,179217979.66747135,162442668.06725374,2014.0,pompeii,5.5,121195.0,Random House Trade Paperbacks,274,3.82,total:33848,Robert   Harris
2164,Memorial Day,tt1694118,6159248.057073878,0.0,2011.0,memorial day,6.1,2854.0,Weekly Reader Early Learning Library,24,4.5,total:4,Sheri Dean
2165,Blue Ruin,tt2359024,0.0,356208.1419876917,2014.0,blue ruin,7.1,84919.0,Living Books,323,3.95,total:337,Grace Livingston Hill
2166,The Stranger,tt0101279,0.0,0.0,1991.0,the stranger,8.0,4655.0,HMH Books for Young Readers,32,4.09,total:2870,Chris Van Allsburg
2167,Rosemary's Baby,tt3087752,0.0,0.0,2014.0,rosemary's baby,5.5,6268.0,Caedmon,6,4.0,total:105787,Ira Levin
2168,Utopia,tt3335378,0.0,0.0,2013.0,utopia,7.7,468.0,Yale University Press,200,3.54,total:56882,Thomas More
2169,A Message to Garcia,tt0027959,0.0,0.0,1936.0,a message to garcia,5.9,357.0,"Filiquarian Publishing, LLC.",48,3.69,total:1820,Elbert Hubbard
2170,Tracks,tt2167266,0.0,6725143.658223114,2014.0,tracks,7.1,32740.0,Harper Perennial,226,3.94,total:10700,Louise Erdrich
2171,Gulliver's Travels,tt0076119,0.0,0.0,1977.0,gulliver's travels,5.5,710.0,Penguin,306,3.5700000000000003,total:223306,Jonathan Swift
2172,Gulliver's Travels,tt0076119,0.0,0.0,1977.0,gulliver's travels,5.5,710.0,Penguin Audiobooks,6,3.5700000000000003,total:223839,Jonathan Swift
2173,Jack the Ripper,tt0074408,0.0,0.0,1976.0,jack the ripper,5.3,2041.0,iBooks,336,3.48,total:31,Martin H. Greenberg
2174,Jack the Ripper,tt0074408,0.0,0.0,1976.0,jack the ripper,5.3,2041.0,Chartwell Books,500,3.8,total:528,Maxim Jakubowski
2175,Helen,tt1012729,0.0,0.0,2009.0,helen,6.2,2321.0,,216,3.71,total:1023,Euripides
2176,The Shape of Things to Come,tt0079894,0.0,0.0,1979.0,the shape of things to come,3.2,1523.0,Penguin Books Limited,530,3.61,total:1049,H.G. Wells
2177,Asylum,tt0115584,0.0,0.0,1997.0,asylum,4.9,517.0,University of Pittsburgh Press,88,4.17,total:87,Quan Barry
2178,Play It As It Lays,tt0069098,0.0,0.0,1972.0,play it as it lays,6.3,878.0,"Farrar, Straus and Giroux",231,3.88,total:26972,Joan Didion
2179,Coming Home,tt3125472,0.0,0.0,2014.0,coming home,7.2,7037.0,Hodder & Stoughton,977,4.3,total:16593,Rosamunde Pilcher
2180,Beware of Pity,tt0038354,0.0,0.0,1946.0,beware of pity,6.4,318.0,NYRB Classics,353,4.21,total:9106,Stefan Zweig
2181,Brothers,tt1754838,0.0,0.0,2011.0,brothers,5.7,192.0,Toby Press,556,3.3,total:23,Chayym Zeldis
2182,Bluebeard,tt0129775,0.0,0.0,1936.0,bluebeard,6.4,410.0,Mariner Books,144,3.61,total:440,Max Frisch
2183,Julius Caesar,tt0284741,0.0,0.0,2002.0,julius caesar,6.6,3385.0,"Oxford University Press, USA",128,3.68,total:161007,William Shakespeare
2184,The Visitor,tt0080100,3788239.416058394,0.0,1979.0,the visitor,5.2,4927.0,Harper Voyager,512,3.8,total:1738,Sheri S. Tepper
2185,The Keeper,tt0364457,6964422.973698335,0.0,2004.0,the keeper,4.7,1866.0,Starfire,192,4.1,total:21,Phyllis Reynolds Naylor
2186,Food,tt0104285,0.0,0.0,1993.0,food,8.0,3801.0,Pan Publishing,287,3.7,total:569,Felipe Fernández-Armesto
2187,Two Lives,tt1783422,0.0,0.0,2012.0,two lives,7.1,3322.0,Harper Perennial,544,3.65,total:3227,Vikram Seth
2188,The Key,tt0025346,0.0,0.0,1934.0,the key,6.0,606.0,Leisure Books,313,4.04,total:2843,Lynsay Sands
2189,The Key,tt0025346,0.0,0.0,1934.0,the key,6.0,606.0,Univers,160,3.59,total:3881,Jun'ichirō Tanizaki
2190,The Italian,tt1612608,0.0,0.0,2010.0,the italian,5.7,1652.0,Penguin Classics,544,3.51,total:4437,Ann Radcliffe
2191,The Suspect,tt3404158,0.0,0.0,2013.0,the suspect,6.8,7237.0,Dutton,390,3.85,total:2658,John Lescroart
2192,Quicksand,tt0271136,0.0,0.0,2003.0,quicksand,5.3,2945.0,Dover Publications,125,3.67,total:4315,Nella Larsen
2193,Quicksand,tt0271136,0.0,0.0,2003.0,quicksand,5.3,2945.0,Penguin Classics,192,3.67,total:4330,Nella Larsen
2194,The Giver,tt0435651,34464996.08989833,92339246.1655843,2014.0,the giver,6.4,129573.0,Yearling Books,208,4.13,total:1687463,Lois Lowry
2195,Crossroads,tt0034622,0.0,0.0,1942.0,crossroads,6.7,1953.0,Catbird Press,224,3.83,total:76,Karel Čapek
2196,Paradise,tt1262990,0.0,0.0,2013.0,paradise,5.0,3784.0,Plume (Penguin Books Ltd),318,3.8,total:22167,Toni Morrison
2197,Paradise,tt1262990,0.0,0.0,2013.0,paradise,5.0,3784.0,Bloomsbury,249,3.5,total:606,Abdulrazak Gurnah
2198,The First Man,tt1349457,0.0,0.0,2011.0,the first man,6.8,596.0,Penguin Classics,261,3.96,total:6228,Albert Camus
2199,The Message,tt0075143,0.0,0.0,1976.0,the message,8.9,11678.0,Message,1736,4.46,total:7540,Eugene H. Peterson
2200,Avalon,tt1826593,0.0,0.0,2011.0,avalon,5.4,1306.0,Chicago Review Press,440,3.86,total:3511,Anya Seton
2201,The Tunnel,tt0027131,0.0,0.0,1935.0,the tunnel,6.0,1089.0,Ballantine Books,232,4.05,total:41503,Ernesto Sabato
2202,Lights Out,tt3605002,0.0,0.0,2013.0,lights out,7.6,7918.0,Fawcett Books,352,3.65,total:273,Peter Abrahams
2203,The Pyramid,tt2799166,8960898.983373567,19114886.522389583,2014.0,the pyramid,4.7,28680.0,Faber  Faber,217,3.33,total:733,William Golding
2204,God's Pocket,tt2920808,0.0,234328.8870150624,2014.0,god's pocket,6.1,13061.0,Penguin Books,288,3.8,total:628,Pete Dexter
2205,"20,000 Leagues Under the Sea",tt0118247,0.0,0.0,1997.0,"20,000 leagues under the sea",5.1,1180.0,IndyPublish,440,3.88,total:186838,Jules Verne
2206,"20,000 Leagues Under the Sea",tt0118247,0.0,0.0,1997.0,"20,000 leagues under the sea",5.1,1180.0,Evans Brothers,48,3.76,total:728,Pauline Francis
2207,Affluenza,tt1906384,0.0,0.0,2014.0,affluenza,4.8,781.0,Vermilion,592,3.52,total:1296,Oliver James
2208,The Confession,tt0065439,0.0,0.0,1970.0,the confession,7.8,5225.0,William Morrow,384,3.37,total:211,James E. McGreevey
2209,The Last Season,tt3593932,0.0,0.0,2014.0,the last season,7.6,56.0,Harper,352,4.06,total:7782,Eric Blehm
2210,Cause for Alarm,tt0043390,0.0,0.0,1951.0,cause for alarm,6.4,2896.0,Vintage Crime/Black Lizard,304,3.82,total:1034,Eric Ambler
2211,Cause for Alarm,tt0043390,0.0,0.0,1951.0,cause for alarm,6.4,2896.0,MIRA,512,4.09,total:1894,Erica Spindler
2212,Centennial,tt0076993,0.0,0.0,1978.0,centennial,8.3,3994.0,Fawcett Books,1086,4.24,total:38219,James A. Michener
2213,The Tribe,tt1745787,0.0,0.0,2014.0,the tribe,7.0,12550.0,Verso,138,4.07,total:15,Jean-Michel. Mension
2214,The Prince,tt1085492,24814797.1847268,367516520.7847404,2014.0,the prince,4.6,19591.0,Dante University of America Press,140,3.81,total:243142,Niccolò Machiavelli
2215,The Prince,tt1085492,24814797.1847268,367516520.7847404,2014.0,the prince,4.6,19591.0,Bedford/St. Martin's,208,3.81,total:244017,Niccolò Machiavelli
2216,As I Lay Dying,tt1807944,0.0,0.0,2013.0,as i lay dying,5.3,4286.0,Modern Library,231,3.71,total:132173,William Faulkner
2217,As I Lay Dying,tt1807944,0.0,0.0,2013.0,as i lay dying,5.3,4286.0,Vintage,288,3.71,total:132458,William Faulkner
2218,The Red Tent,tt0067315,90859383.7535014,0.0,1969.0,the red tent,6.8,2591.0,St. Martin's Press,336,4.17,total:503883,Anita Diamant
2219,A Christmas Memory,tt0135187,0.0,0.0,1997.0,a christmas memory,7.0,910.0,Knopf Books for Young Readers,48,4.24,total:11116,Truman Capote
2220,The Children of Noisy Village,tt0090610,0.0,0.0,1986.0,the children of noisy village,6.7,2651.0,Puffin Books,128,4.29,total:10788,Astrid Lindgren
2221,The Dark Horse,tt2192016,0.0,0.0,2014.0,the dark horse,7.4,6798.0,Viking Books,202,3.82,total:113,Rumer Godden
2222,Fury,tt2713180,93744789.36452349,292012132.08241814,2014.0,fury,7.6,592884.0,Vintage,272,3.29,total:8097,Salman Rushdie
2223,Sleeping Beauty,tt3343136,0.0,0.0,2014.0,sleeping beauty,2.8,2119.0,Hartorch,400,3.92,total:3187,Phillip Margolin
2224,"Alexander and the Terrible, Horrible, No Good, Very Bad Day",tt1698641,38600795.620686136,138761794.06868178,2014.0,"alexander and the terrible, horrible, no good, very bad day",6.2,48443.0,Atheneum Books for Young Readers,32,4.22,total:166652,Judith Viorst
2225,The Condemned,tt3164988,0.0,0.0,2013.0,the condemned,7.3,382.0,Six Gallery Press,118,4.22,total:64,Noah Cicero
2226,Child of God,tt1951095,0.0,0.0,2014.0,child of god,5.4,4563.0,Liturgy Training Publications,64,0.0,total:0,Gertrud Mueller Nelson
2227,Runaway,tt1520380,0.0,0.0,2009.0,runaway,7.1,369.0,Alfred A. Knopf,335,3.98,total:19721,Alice Munro
2228,The Bridge,tt1119180,0.0,0.0,2008.0,the bridge,4.9,1073.0,Liveright,76,4.12,total:920,Hart Crane
2229,Breaking and Entering,tt1582383,0.0,0.0,2011.0,breaking and entering,7.5,110.0,Collins Harvill,224,4.03,total:462,Joy Williams
2230,Mercy,tt2481496,0.0,0.0,2014.0,mercy,4.9,6080.0,Washington Square Press,400,3.58,total:46658,Jodi Picoult
2231,Madame Bovary,tt0212318,0.0,0.0,2000.0,madame bovary,6.5,1073.0,Penguin Classics,327,3.67,total:237971,Gustave Flaubert
2232,Animal,tt0412412,0.0,0.0,2005.0,animal,4.8,652.0,Reaktion Books,192,3.76,total:72,Erica Fudge
2233,Tom Sawyer,tt0224267,0.0,0.0,2000.0,tom sawyer,5.9,483.0,Globe Fearon,0,3.91,total:726009,Mark Twain
2234,Blind Man's Bluff,tt0420982,0.0,0.0,2005.0,blind man's bluff,7.2,10123.0,Ballantine Books,0,4.0,total:4,Michael               Adams
2235,Rage,tt0069158,0.0,0.0,1972.0,rage,6.3,1487.0,Not Avail,896,4.08,total:4581,Wilbur Smith
2236,Christine,tt0051477,0.0,0.0,1958.0,christine,6.3,1363.0,LGF,411,3.78,total:190194,Stephen King
2237,Cleopatra,tt0346765,0.0,0.0,2003.0,cleopatra,6.6,670.0,Waking Lion Press,308,3.86,total:1214,H. Rider Haggard
2238,Cleopatra,tt0178130,0.0,0.0,1999.0,cleopatra,6.5,4531.0,Waking Lion Press,308,3.86,total:1214,H. Rider Haggard
2239,Cold Blooded,tt1821374,0.0,0.0,2012.0,cold blooded,5.5,858.0,Simon  Schuster,181,3.99,total:121,Omar Tyree
2240,Leviathan,tt2802154,0.0,0.0,2014.0,leviathan,7.6,59202.0,Penguin Books,275,3.96,total:14561,Paul Auster
2241,Leviathan,tt2802154,0.0,0.0,2014.0,leviathan,7.6,59202.0,Penguin Books,736,3.7,total:36037,Thomas Hobbes
2242,Still Life,tt2395417,0.0,0.0,2013.0,still life,7.4,9512.0,Bulfinch,144,4.22,total:40,Irving Penn
2243,You Belong to Me,tt0034407,0.0,0.0,1941.0,you belong to me,5.8,918.0,Pocket Books,384,3.87,total:22247,Mary Higgins Clark
2244,Wuthering Heights,tt1238834,0.0,0.0,2009.0,wuthering heights,7.5,10536.0,Running Press Book Publishers,248,3.85,total:1270598,Emily Brontë
2245,Wuthering Heights,tt1238834,0.0,0.0,2009.0,wuthering heights,7.5,10536.0,Penguin Books,335,3.85,total:1275195,Emily Brontë
2246,Crime and Punishment,tt0086199,0.0,0.0,1983.0,crime and punishment,7.0,3594.0,Vintage Books,564,4.21,total:586002,Fyodor Dostoyevsky
2247,Crime and Punishment,tt0096056,0.0,0.0,2002.0,crime and punishment,5.5,934.0,Vintage Books,564,4.21,total:586002,Fyodor Dostoyevsky
2248,Crush,tt1170350,0.0,0.0,2009.0,crush,4.2,1732.0,Yale University Press,62,4.31,total:17939,Richard Siken
2249,Crush,tt2093977,0.0,0.0,2013.0,crush,5.6,7024.0,Yale University Press,62,4.31,total:17939,Richard Siken
2250,Ice Castles,tt1411276,0.0,0.0,2010.0,ice castles,6.1,2674.0,Fawcett,220,3.86,total:180,Leonore Fleischer
2251,Hawaii,tt2801746,0.0,0.0,2013.0,hawaii,7.2,6189.0,Dial Press Trade Paperback,1136,4.2,total:69542,James A. Michener
2252,Hawaii,tt2801746,0.0,0.0,2013.0,hawaii,7.2,6189.0,,564,3.71,total:59,Glenda Bendure
2253,Mohawk,tt0049515,0.0,0.0,1956.0,mohawk,5.2,665.0,Knopf,317,3.87,total:5117,Richard Russo
2254,Dante's Inferno,tt0479008,0.0,0.0,2007.0,dante's inferno,6.6,1584.0,Indiana University Press,432,4.0,total:134162,Dante Alighieri
2255,Twice-Told Tales,tt0057608,0.0,0.0,1963.0,twice-told tales,6.6,3858.0,Modern Library,432,3.9,total:2638,Nathaniel Hawthorne
2256,Deadline,tt0390190,0.0,0.0,2004.0,deadline,7.5,242.0,Random House Value Publishing,0,3.8,total:46,James Barrett Reston
2257,Deadline,tt2106383,700037.5519576656,0.0,2013.0,deadline,6.0,660.0,Random House Value Publishing,0,3.8,total:46,James Barrett Reston
2258,Deadline,tt1430811,0.0,0.0,2012.0,deadline,4.8,471.0,Random House Value Publishing,0,3.8,total:46,James Barrett Reston
2259,Romance,tt0021310,0.0,0.0,1930.0,romance,5.7,1130.0,Dramatists Play Service,54,3.36,total:174,David Mamet
2260,Romance,tt0021310,0.0,0.0,1930.0,romance,5.7,1130.0,Vintage,128,3.36,total:174,David Mamet
2261,Head Over Heels,tt2391009,14805.99362716268,0.0,2012.0,head over heels,7.4,2425.0,Headline Review,448,3.72,total:4302,Jill Mansell
2262,Freedom,tt1495823,0.0,0.0,2009.0,freedom,7.2,1441.0,,72,3.8,total:5,Michael W.  Smith
2263,Stiletto,tt1027747,6115131.920027901,0.0,2008.0,stiletto,4.8,2835.0,Signet,320,3.48,total:776,Harold Robbins
2264,Happiness,tt3458776,0.0,0.0,2014.0,happiness,7.0,324.0,HarperPerennial,320,3.79,total:3112,Will Ferguson
2265,A Connecticut Yankee in King Arthur's Court,tt0097104,0.0,0.0,1989.0,a connecticut yankee in king arthur's court,4.7,372.0,University of California Press,496,3.77,total:90435,Mark Twain
2266,The Wall,tt0072860,0.0,0.0,1975.0,the wall,8.0,12715.0,Vintage Books,640,4.28,total:1867,John Hersey
2267,Don Juan,tt0016804,0.0,0.0,1926.0,don juan,7.0,1023.0,Mariner Books,146,3.67,total:8834,Molière
2268,Don Juan,tt0016804,0.0,0.0,1926.0,don juan,7.0,1023.0,Penguin Classics,584,3.8,total:7351,Lord Byron
2269,Don Juan,tt0123808,0.0,0.0,1998.0,don juan,4.7,539.0,Mariner Books,146,3.67,total:8834,Molière
2270,Don Juan,tt0123808,0.0,0.0,1998.0,don juan,4.7,539.0,Penguin Classics,584,3.8,total:7351,Lord Byron
2271,Dr. Jekyll and Mr. Hyde,tt1159984,0.0,0.0,2008.0,dr. jekyll and mr. hyde,4.6,1429.0,Bantam Classics,98,3.81,total:358754,Robert Louis Stevenson
2272,Enchantment,tt0040321,0.0,0.0,1948.0,enchantment,7.2,1508.0,Del Rey,422,3.9,total:25262,Orson Scott Card
2273,The Dark Horse,tt0022802,0.0,0.0,1932.0,the dark horse,6.7,1412.0,Viking Books,202,3.82,total:113,Rumer Godden
2274,The Rabbi's Cat,tt1355638,0.0,0.0,2011.0,the rabbi's cat,7.1,3907.0,Pantheon,142,4.02,total:6133,Joann Sfar
2275,State of Emergency,tt1705134,1906433.922427629,0.0,2011.0,state of emergency,5.2,3300.0,Jove,384,3.67,total:27,Steve Pieczenik
2276,Great Expectations,tt0025202,0.0,0.0,1934.0,great expectations,6.2,234.0,Penguin Audio,3,3.77,total:622146,Charles Dickens
2277,Great Expectations,tt0025202,0.0,0.0,1934.0,great expectations,6.2,234.0,Signet Classics,494,3.77,total:623762,Charles Dickens
2278,Great Expectations,tt0025202,0.0,0.0,1934.0,great expectations,6.2,234.0,Brilliance Audio,518,3.77,total:623897,Charles Dickens
2279,Dying of the Light,tt1274586,20678997.653939,0.0,2014.0,dying of the light,4.5,12052.0,Bantam,288,3.5700000000000003,total:5369,George R.R. Martin
2280,Borrowed Time,tt1659612,0.0,0.0,2013.0,borrowed time,5.9,381.0,Delta,432,3.76,total:1241,Robert Goddard
2281,Kill the Messenger,tt1216491,6892999.217979668,3378735.912277719,2014.0,kill the messenger,6.9,49885.0,Bantam,528,3.83,total:8340,Tami Hoag
2282,Dead Souls,tt2188717,0.0,0.0,2012.0,dead souls,4.5,2049.0,Everyman's Library,445,3.99,total:59781,Nikolai Gogol
2283,Dead Souls,tt2188717,0.0,0.0,2012.0,dead souls,4.5,2049.0,Penguin Classics,384,3.99,total:59966,Nikolai Gogol
2284,The Rebel,tt0079735,0.0,0.0,1980.0,the rebel,5.8,146.0,Vintage,320,4.15,total:11427,Albert Camus
2285,Zorro,tt0072448,0.0,0.0,1975.0,zorro,6.4,4936.0,HarperLargePrint,677,3.76,total:19680,Isabel Allende
2286,The Scapegoat,tt0057068,0.0,0.0,1963.0,the scapegoat,6.5,117.0,University of Pennsylvania Press,348,3.97,total:5985,Daphne du Maurier
2287,Prey,tt0907305,0.0,0.0,2011.0,prey,5.3,1089.0,Leisure Books,352,3.83,total:1004,Graham Masterton
2288,The Atrocity Exhibition,tt0197256,0.0,0.0,2000.0,the atrocity exhibition,5.3,497.0,Re/Search Publications,136,3.81,total:5071,J.G. Ballard
2289,Jack the Ripper,tt0095388,0.0,0.0,1988.0,jack the ripper,7.4,6147.0,iBooks,336,3.48,total:31,Martin H. Greenberg
2290,Jack the Ripper,tt0095388,0.0,0.0,1988.0,jack the ripper,7.4,6147.0,Chartwell Books,500,3.8,total:528,Maxim Jakubowski
2291,Mosaic,tt0059471,0.0,0.0,1965.0,mosaic,7.2,413.0,Pocket Books,514,3.9,total:228,Gayle Lynds
2292,Straight on Till Morning,tt0069318,0.0,0.0,1972.0,straight on till morning,5.7,1654.0,Arrow Books,432,4.16,total:1971,Mary S. Lovell
2293,Momo,tt0299040,0.0,0.0,2001.0,momo,6.9,623.0,"Penguin Books, Limited (UK)",237,4.32,total:49883,Michael Ende
2294,Night Watch,tt0070444,0.0,0.0,1973.0,night watch,6.3,2598.0,Xlibris,500,4.0,total:1,Suzanne Knecht
2295,Heartbeat,tt0030722,0.0,0.0,1938.0,heartbeat,7.4,875.0,HarperCollins,208,3.93,total:9401,Sharon Creech
2296,Goodbye to All That,tt2437548,0.0,0.0,2014.0,goodbye to all that,5.3,2594.0,Penguin Modern Classics,281,4.05,total:9687,Robert Graves
2297,Second Skin,tt0244196,5.747808623744831,0.0,2000.0,second skin,5.1,1039.0,New Directions,210,3.85,total:392,John Hawkes
2298,Fanny,tt1872101,0.0,0.0,2013.0,fanny,6.8,1227.0,Signet,544,3.78,total:1134,Erica Jong
2299,The Forest,tt2364649,0.0,0.0,2012.0,the forest,5.5,286.0,Ballantine Books,784,4.02,total:7762,Edward Rutherfurd
2300,Finders Keepers,tt3534842,0.0,0.0,2014.0,finders keepers,4.3,3760.0,Atlantic Books,209,3.4,total:810,Mark Bowden
2301,Flesh and Blood,tt0013134,0.0,0.0,1922.0,flesh and blood,6.2,245.0,Bantam Books,292,3.78,total:63,Pete Hamill
2302,Forbidden,tt0040365,0.0,0.0,1949.0,forbidden,6.5,246.0,Severn House Publishers,400,3.94,total:3295,Elizabeth Lowell
2303,Forbidden,tt0045780,0.0,0.0,1953.0,forbidden,6.3,550.0,Severn House Publishers,400,3.94,total:3295,Elizabeth Lowell
2304,The Fountain,tt0095167,0.0,0.0,1989.0,the fountain,7.3,490.0,Hesperides Press,436,3.53,total:34,Charles Morgan
2305,From Time to Time,tt1031241,0.0,0.0,2009.0,from time to time,6.7,6668.0,Audioworks,0,3.69,total:3765,Jack Finney
2306,The Call of the Wild,tt0069197,0.0,0.0,1972.0,the call of the wild,5.9,2145.0,Scholastic,172,3.87,total:320987,Jack London
2307,The Call of the Wild,tt0069197,0.0,0.0,1972.0,the call of the wild,5.9,2145.0,Puffin Graphics,176,3.58,total:123,Neil Kleid
2308,Three Men in a Boat,tt0049847,0.0,0.0,1956.0,three men in a boat,5.3,474.0,Chrysalis Books,239,3.89,total:52557,Jerome K. Jerome
2309,Harvest,tt1302001,0.0,0.0,2011.0,harvest,5.1,200.0,Pocket Books,368,4.11,total:18521,Tess Gerritsen
2310,The Call of the Wild,tt0074270,0.0,0.0,1976.0,the call of the wild,6.1,180.0,Scholastic,172,3.87,total:320987,Jack London
2311,The Call of the Wild,tt0074270,0.0,0.0,1976.0,the call of the wild,6.1,180.0,Puffin Graphics,176,3.58,total:123,Neil Kleid
2312,Night Train,tt0053176,0.0,0.0,1959.0,night train,7.7,3965.0,Roaring Brook Press,32,3.26,total:58,Caroline Stutson
2313,Frankenstein,tt0368730,0.0,0.0,2004.0,frankenstein,6.2,1746.0,"Oxford University Press, USA",224,3.8,total:1106777,Mary Wollstonecraft Shelley
2314,Frankenstein,tt0368730,0.0,0.0,2004.0,frankenstein,6.2,1746.0,Dover Publications,166,3.8,total:1110135,Mary Wollstonecraft Shelley
2315,My Sister and I,tt0093274,0.0,0.0,1987.0,my sister and i,6.1,768.0,WorthyKids,26,4.82,total:11,P.K. Hallinan
2316,Lullaby,tt2210781,0.0,0.0,2014.0,lullaby,6.1,2922.0,Vintage,260,3.73,total:86968,Chuck Palahniuk
2317,The Nautical Chart,tt0781332,0.0,0.0,2007.0,the nautical chart,5.5,529.0,Mariner Books,480,3.53,total:4914,Arturo Pérez-Reverte
2318,Harvest,tt0028980,0.0,0.0,1937.0,harvest,7.4,570.0,Pocket Books,368,4.11,total:18521,Tess Gerritsen
2319,The Car,tt0075809,0.0,0.0,1977.0,the car,6.2,12531.0,HMH Books for Young Readers,192,3.79,total:1238,Gary Paulsen
2320,Red Army,tt3264102,0.0,957575.4513617354,2014.0,red army,7.6,7388.0,Random House Value Publishing,0,3.95,total:2504,Ralph Peters
2321,Thunderstruck,tt2041488,0.0,0.0,2012.0,thunderstruck,5.1,6266.0,Crown Publishing Group (NY),463,3.7,total:35676,Erik Larson
2322,The Stranger,tt1407078,0.0,0.0,2010.0,the stranger,4.6,3476.0,HMH Books for Young Readers,32,4.09,total:2870,Chris Van Allsburg
2323,The Power and the Glory,tt0054561,0.0,0.0,1961.0,the power and the glory,7.2,105.0,Penguin Books,222,4.0,total:29108,Graham Greene
2324,Picture This,tt1076252,0.0,0.0,2008.0,picture this,5.1,11320.0,Simon  Schuster,352,3.68,total:1367,Joseph Heller
2325,Journey to the End of the Night,tt0454879,0.0,0.0,2006.0,journey to the end of the night,5.7,2809.0,New Directions,453,4.23,total:30290,Louis-Ferdinand Céline
2326,The Bride,tt0088851,0.0,10920703.369839167,1985.0,the bride,5.4,3809.0,St. Martin's Press,245,3.45,total:1085,Bapsi Sidhwa
2327,Tim,tt0080024,2841179.562043796,3830857.109489051,1979.0,tim,6.4,3907.0,Avon,288,3.81,total:4104,Colleen McCullough
2328,Paradise,tt2866676,0.0,0.0,2013.0,paradise,6.3,770.0,Plume (Penguin Books Ltd),318,3.8,total:22167,Toni Morrison
2329,Paradise,tt2866676,0.0,0.0,2013.0,paradise,6.3,770.0,Bloomsbury,249,3.5,total:606,Abdulrazak Gurnah
2330,The Great Gatsby,tt0016938,0.0,0.0,1926.0,the great gatsby,0.0,0.0,Wordsworth Editions Ltd,122,3.92,total:3577073,F. Scott Fitzgerald
2331,The Great Gatsby,tt0016938,0.0,0.0,1926.0,the great gatsby,0.0,0.0,Cambridge University Press,276,3.92,total:3589597,F. Scott Fitzgerald
2332,Open Heart,tt2348322,0.0,0.0,2013.0,open heart,7.1,179.0,Doubleday,498,3.44,total:277,A.B. Yehoshua
2333,Rebirth,tt1380279,0.0,0.0,2011.0,rebirth,7.4,202.0,Del Rey,185,3.93,total:40730,John Wyndham
2334,Long Day's Journey Into Night,tt0093432,0.0,0.0,1987.0,long day's journey into night,7.2,299.0,Yale University Press,179,4.07,total:34213,Eugene O'Neill
2335,The Hound of the Baskervilles,tt0322622,0.0,0.0,2002.0,the hound of the baskervilles,6.5,2795.0,IndyPublish.com,176,4.11,total:234084,Arthur Conan Doyle
2336,Trust Me,tt2421416,0.0,0.0,2013.0,trust me,6.1,3691.0,Random House Trade Paperbacks,320,3.78,total:806,John Updike
2337,The Message,tt1434423,0.0,0.0,2009.0,the message,7.4,4463.0,Message,1736,4.46,total:7540,Eugene H. Peterson
2338,Water,tt0090297,0.0,0.0,1985.0,water,6.0,2782.0,Milkweed Editions,240,3.97,total:1053,Bapsi Sidhwa
2339,The Hunters,tt1591504,0.0,0.0,2011.0,the hunters,4.0,2188.0,Picador,200,3.42,total:513,Claire Messud
2340,Half of a Yellow Sun,tt2215077,0.0,0.0,2014.0,half of a yellow sun,6.1,2269.0,Knopf,433,4.32,total:92655,Chimamanda Ngozi Adichie
2341,The Diary of Anne Frank,tt1127205,0.0,0.0,2009.0,the diary of anne frank,7.5,3567.0,Dramatists Play Service,70,4.06,total:7401,Frances Goodrich
2342,Pride and Prejudice,tt0078672,0.0,0.0,1980.0,pride and prejudice,7.4,2619.0,Modern Library,279,4.26,total:2821508,Jane Austen
2343,The Key,tt0085328,0.0,0.0,1983.0,the key,5.4,3580.0,Leisure Books,313,4.04,total:2843,Lynsay Sands
2344,The Key,tt0085328,0.0,0.0,1983.0,the key,5.4,3580.0,Univers,160,3.59,total:3881,Jun'ichirō Tanizaki
2345,The Canterville Ghost,tt0115820,0.0,0.0,1996.0,the canterville ghost,6.2,3178.0,Wildside Press,52,3.89,total:40816,Oscar Wilde
2346,Inside Out,tt1640486,0.0,0.0,2011.0,inside out,4.5,1946.0,Artspace Books,56,4.4,total:10,Stefan Kürten
2347,The Deep Six,tt0050298,0.0,0.0,1958.0,the deep six,6.0,596.0,Signet,256,4.01,total:380,Randy Striker
2348,Oliver Twist,tt0084438,0.0,0.0,1982.0,oliver twist,6.6,643.0,Signet,512,3.87,total:304540,Charles Dickens
2349,The Moon and Sixpence,tt0035078,0.0,0.0,1942.0,the moon and sixpence,6.6,925.0,Dover Publications,176,4.13,total:17265,W. Somerset Maugham
2350,The Moon and Sixpence,tt0035078,0.0,0.0,1942.0,the moon and sixpence,6.6,925.0,Vintage Classics,215,4.13,total:17265,W. Somerset Maugham
2351,Oliver Twist,tt0222608,0.0,0.0,1999.0,oliver twist,7.6,881.0,Signet,512,3.87,total:304540,Charles Dickens
2352,Oblivion,tt0110706,0.0,0.0,1994.0,oblivion,4.8,1812.0,Back Bay Books,329,4.07,total:11928,David Foster Wallace
2353,Hot Water,tt0015002,0.0,0.0,1924.0,hot water,7.1,1706.0,Harry N. Abrams,224,4.13,total:1450,P.G. Wodehouse
2354,Monster,tt1148277,0.0,0.0,2008.0,monster,2.0,1591.0,Amistad,281,3.72,total:58109,Walter Dean Myers
2355,The New Centurions,tt0068997,0.0,0.0,1972.0,the new centurions,7.0,3727.0,Dell,368,3.94,total:2538,Joseph Wambaugh
2356,The Firefly,tt0028873,0.0,0.0,1937.0,the firefly,6.8,445.0,St. Martin's Paperbacks,528,3.78,total:407,P.T. Deutermann
2357,Seduction,tt0070660,0.0,0.0,1973.0,seduction,5.9,689.0,Palgrave Macmillan,192,3.9,total:716,Jean Baudrillard
2358,The Clown,tt0044503,0.0,0.0,1953.0,the clown,6.5,571.0,Penguin Classics,272,4.0,total:20282,Heinrich Böll
2359,Heidi,tt0044696,0.0,0.0,1952.0,heidi,6.8,489.0,Sterling,272,3.99,total:168190,Johanna Spyri
2360,Red Dust,tt0099719,0.0,0.0,1990.0,red dust,6.9,743.0,W. W. Norton  Company,352,3.6,total:436,Gillian Slovo
2361,Heidi,tt0107099,0.0,0.0,1993.0,heidi,7.1,2117.0,Sterling,272,3.99,total:168190,Johanna Spyri
2362,Mercy,tt1235200,0.0,0.0,2009.0,mercy,5.9,1379.0,Washington Square Press,400,3.58,total:46658,Jodi Picoult
2363,The Phantom of the Opera,tt0100361,25440627.45098039,0.0,1990.0,the phantom of the opera,7.4,1907.0,Puffin Classics,336,3.97,total:189814,Gaston Leroux
2364,Rites of Passage,tt1745958,3559133.0834525675,0.0,2012.0,rites of passage,4.1,1795.0,Faber & Faber,288,3.6,total:3295,William Golding
2365,The Suspect,tt2073121,0.0,0.0,2013.0,the suspect,5.7,1561.0,Dutton,390,3.85,total:2658,John Lescroart
2366,"Cry, the Beloved Country",tt0043436,0.0,0.0,1952.0,"cry, the beloved country",7.0,1075.0,Scribner,316,3.9,total:62698,Alan Paton
2367,Katherine,tt0073229,0.0,0.0,1975.0,katherine,6.1,453.0,Chicago Review Press,500,4.19,total:28330,Anya Seton
2368,Welcome to Hard Times,tt0062482,0.0,0.0,1967.0,welcome to hard times,5.8,1777.0,Plume,224,3.8,total:1671,E.L. Doctorow
2369,The Lost Continent,tt0063240,0.0,0.0,1968.0,the lost continent,5.5,2442.0,Waking Lion Press,108,3.67,total:1769,Edgar Rice Burroughs
2370,Tornado!,tt0117942,0.0,0.0,1996.0,tornado!,4.7,1209.0,Franklin Watts,147,3.6,total:10,Hilary H. Milton
2371,Sisters,tt0486652,97652.18263923732,0.0,2006.0,sisters,3.9,1727.0,Delacorte Press,341,3.85,total:17802,Danielle Steel
2372,The Inspector,tt0056187,0.0,0.0,1962.0,the inspector,6.7,506.0,Amereon Limited,230,3.83,total:23,Jan de Hartog
2373,Wreckage,tt0884214,0.0,0.0,2010.0,wreckage,4.2,1305.0,Hanging Loose Press,112,3.79,total:47,Ha Jin
2374,Wuthering Heights,tt0367245,0.0,0.0,2003.0,wuthering heights,4.1,1171.0,Running Press Book Publishers,248,3.85,total:1270598,Emily Brontë
2375,Wuthering Heights,tt0367245,0.0,0.0,2003.0,wuthering heights,4.1,1171.0,Penguin Books,335,3.85,total:1275195,Emily Brontë
2376,The Hunters,tt2963232,0.0,0.0,2013.0,the hunters,4.9,4728.0,Picador,200,3.42,total:513,Claire Messud
2377,Love,tt2202471,0.0,0.0,2012.0,love,6.5,1681.0,Miramax Books,43,4.46,total:1464,Pablo Neruda
2378,Love,tt2202471,0.0,0.0,2012.0,love,6.5,1681.0,Vintage Classics,122,3.69,total:1130,Angela Carter
2379,Memorial Day,tt0085927,0.0,0.0,1983.0,memorial day,6.7,82.0,Weekly Reader Early Learning Library,24,4.5,total:4,Sheri Dean
2380,Space,tt0088611,0.0,0.0,1985.0,space,7.3,278.0,Routledge,160,4.03,total:469,bell hooks
2381,A Lesson Before Dying,tt0179940,0.0,0.0,1999.0,a lesson before dying,6.7,1156.0,Vintage,256,3.95,total:49674,Ernest J. Gaines
2382,Snow in August,tt0262776,0.0,0.0,2001.0,snow in august,6.1,333.0,Grand Central Publishing,384,3.92,total:5534,Pete Hamill
2383,Fairy Tales,tt0077534,0.0,0.0,1978.0,fairy tales,5.0,964.0,Viking Adult,496,4.17,total:2506,Hans Christian Andersen
2384,Fairy Tales,tt0077534,0.0,0.0,1978.0,fairy tales,5.0,964.0,Liveright,64,4.1,total:461,E.E. Cummings
2385,Fairy Tales,tt0077534,0.0,0.0,1978.0,fairy tales,5.0,964.0,Penguin Classics Deluxe Edition,437,4.28,total:119045,Hans Christian Andersen
2386,The Admirable Crichton,tt0050100,0.0,0.0,1957.0,the admirable crichton,7.1,2201.0,Hard Press,88,3.72,total:440,J.M. Barrie
2387,Alice in Wonderland,tt0060089,0.0,0.0,1966.0,alice in wonderland,6.7,1116.0,Gramercy Books,92,4.03,total:367242,Jane Carruth
2388,Alice in Wonderland,tt0060089,0.0,0.0,1966.0,alice in wonderland,6.7,1116.0,Scholastic Paperbacks,160,4.02,total:214824,Lewis Carroll
2389,King Lear,tt0084208,0.0,0.0,1982.0,king lear,7.6,287.0,Simon  Schuster,338,3.91,total:171858,William Shakespeare
2390,The Company She Keeps,tt0042340,0.0,0.0,1951.0,the company she keeps,6.3,675.0,Mariner Books,304,3.74,total:699,Mary McCarthy
2391,No Man's Land,tt1456660,0.0,0.0,2013.0,no man's land,7.3,2956.0,Hesperus Press,160,3.17,total:180,Graham Greene
2392,The Angry Hills,tt0052563,0.0,0.0,1959.0,the angry hills,5.7,1220.0,Bantam,245,3.68,total:1606,Leon Uris
2393,Lifeguard,tt0074798,0.0,0.0,1976.0,lifeguard,6.6,2039.0,Grand Central Publishing,432,3.78,total:24031,James Patterson
2394,Perfume,tt0245356,0.0,0.0,2001.0,perfume,3.6,1175.0,Todtri Productions,156,3.9,total:62,Cathy Newman
2395,The Wind in the Willows,tt0086590,0.0,0.0,1983.0,the wind in the willows,7.6,1932.0,Penguin Books,197,3.99,total:169596,Kenneth Grahame
2396,The Wind in the Willows,tt0086590,0.0,0.0,1983.0,the wind in the willows,7.6,1932.0,Yearling,244,3.99,total:169941,Kenneth Grahame
2397,The Taming of the Shrew,tt0020479,0.0,0.0,1929.0,the taming of the shrew,6.3,697.0,Simon  Schuster,291,3.8,total:149403,William Shakespeare
2398,The Taming of the Shrew,tt0020479,0.0,0.0,1929.0,the taming of the shrew,6.3,697.0,BBC Audiobooks,2,3.8,total:149541,William Shakespeare
2399,The Hunters,tt0076286,0.0,0.0,1977.0,the hunters,7.4,1133.0,Picador,200,3.42,total:513,Claire Messud
2400,The Mysterious Island,tt0068748,0.0,0.0,1973.0,the mysterious island,5.8,689.0,Modern Library,630,4.11,total:42044,Jules Verne
2401,The Mysterious Island,tt0068748,0.0,0.0,1973.0,the mysterious island,5.8,689.0,Signet,528,4.11,total:42123,Jules Verne
2402,The Mysterious Island,tt0020198,0.0,0.0,1929.0,the mysterious island,6.2,950.0,Modern Library,630,4.11,total:42044,Jules Verne
2403,The Mysterious Island,tt0020198,0.0,0.0,1929.0,the mysterious island,6.2,950.0,Signet,528,4.11,total:42123,Jules Verne
2404,Ring of Fire,tt2442526,0.0,0.0,2013.0,ring of fire,5.9,720.0,Salt Publishing,97,4.35,total:182,Lisa Jarnot
2405,The Power and the Glory,tt0024465,0.0,0.0,1933.0,the power and the glory,6.6,774.0,Penguin Books,222,4.0,total:29108,Graham Greene
2406,Ruby,tt0076644,0.0,0.0,1977.0,ruby,4.5,1264.0,Harper Perennial,224,3.69,total:1682,Francesca Lia Block
2407,The Gambler,tt2039393,34464996.08989833,54001313.69147598,2014.0,the gambler,6.0,76829.0,Modern Library,188,3.89,total:49689,Fyodor Dostoyevsky
2408,The Gambler,tt2039393,34464996.08989833,54001313.69147598,2014.0,the gambler,6.0,76829.0,W. W. Norton  Company,192,3.89,total:49973,Fyodor Dostoyevsky
2409,Loitering with Intent,tt2390994,0.0,0.0,2014.0,loitering with intent,4.5,920.0,New Directions,224,3.78,total:2754,Muriel Spark
2410,The Wind in the Willows,tt0192802,0.0,0.0,1995.0,the wind in the willows,7.4,1333.0,Penguin Books,197,3.99,total:169596,Kenneth Grahame
2411,The Wind in the Willows,tt0192802,0.0,0.0,1995.0,the wind in the willows,7.4,1333.0,Yearling,244,3.99,total:169941,Kenneth Grahame
2412,Heidi,tt0063051,0.0,0.0,1968.0,heidi,6.5,727.0,Sterling,272,3.99,total:168190,Johanna Spyri
2413,Miracles,tt0091524,0.0,0.0,1986.0,miracles,5.2,675.0,,294,4.08,total:14006,C.S. Lewis
2414,Special Agent,tt0027029,0.0,0.0,1935.0,special agent,6.4,1335.0,Voice,336,3.89,total:564,Candice Delong
2415,Romance,tt0884177,0.0,0.0,2008.0,romance,7.1,728.0,Dramatists Play Service,54,3.36,total:174,David Mamet
2416,Romance,tt0884177,0.0,0.0,2008.0,romance,7.1,728.0,Vintage,128,3.36,total:174,David Mamet
2417,Splendor,tt0096160,0.0,0.0,1989.0,splendor,7.1,1188.0,BOA Editions Ltd.,96,4.0,total:3,Steve Kronen
2418,The Web,tt0039973,0.0,0.0,1947.0,the web,7.1,1669.0,Spectra,192,3.51,total:43,Thomas Wylde
2419,Last Man Standing,tt1753597,0.0,0.0,2011.0,last man standing,5.1,740.0,Warners Visions Books,640,4.04,total:45331,David Baldacci
2420,Last Man Standing,tt1753597,0.0,0.0,2011.0,last man standing,5.1,740.0,Warner Books,821,4.04,total:45331,David Baldacci
2421,Mars,tt0342739,0.0,0.0,1968.0,mars,7.0,108.0,"Collector's Guide Publishing, Inc.",96,2.0,total:1,Robert Godwin
2422,The Cossacks,tt0018795,0.0,0.0,1928.0,the cossacks,6.8,789.0,Modern Library,161,3.79,total:6171,Leo Tolstoy
2423,Tom Sawyer,tt1722484,0.0,0.0,2011.0,tom sawyer,6.1,1019.0,Globe Fearon,0,3.91,total:726009,Mark Twain
2424,Midnight,tt0025499,0.0,0.0,1934.0,midnight,5.5,1387.0,Random House Value Publishing,0,3.83,total:23583,Dean Koontz
2425,The Burglar,tt0049035,0.0,0.0,1957.0,the burglar,6.5,2181.0,Vintage Crime/Black Lizard,154,3.98,total:439,David Goodis
2426,Heidi,tt0439197,0.0,0.0,2005.0,heidi,6.5,1110.0,Sterling,272,3.99,total:168190,Johanna Spyri
2427,New World Order,tt1215983,0.0,0.0,2009.0,new world order,5.7,701.0,Huntington House Publishers,205,3.5,total:44,William T. Still
2428,New World Order,tt1215983,0.0,0.0,2009.0,new world order,5.7,701.0,Huntington House Publishers,205,3.5,total:44,William T. Still
2429,Midnight,tt0082744,0.0,0.0,1982.0,midnight,4.9,1377.0,Random House Value Publishing,0,3.83,total:23583,Dean Koontz
2430,The Lovers,tt0110340,0.0,0.0,1994.0,the lovers,7.3,1115.0,Dutton Books,304,3.31,total:104,Morris L. West
2431,The Van,tt0075378,0.0,0.0,1977.0,the van,4.6,1138.0,Secker and Warburg,312,3.94,total:6301,Roddy Doyle
2432,Silent Partner,tt0457475,6094597.077244259,0.0,2005.0,silent partner,4.5,775.0,Ballantine Books,384,3.66,total:571,Stephen W. Frey
2433,Trust Me,tt1230196,0.0,0.0,2010.0,trust me,4.6,856.0,Random House Trade Paperbacks,320,3.78,total:806,John Updike
2434,Hail Caesar,tt0109969,0.0,0.0,1994.0,hail caesar,3.2,1411.0,Push,304,3.3,total:361,Thu-Huong Ha
2435,The Men's Club,tt0091508,0.0,0.0,1986.0,the men's club,4.8,1175.0,Mercury House,181,3.33,total:406,Leonard Michaels
2436,In Cold Blood,tt0116619,0.0,0.0,1996.0,in cold blood,6.2,1161.0,Random House Audio,15,4.07,total:498212,Truman Capote
2437,The Hound of the Baskervilles,tt0085692,0.0,0.0,1983.0,the hound of the baskervilles,6.5,1707.0,IndyPublish.com,176,4.11,total:234084,Arthur Conan Doyle
2438,The Inheritance,tt1342115,733243.8163183188,0.0,2011.0,the inheritance,2.9,865.0,Penguin Books,177,3.64,total:4962,Louisa May Alcott
2439,Parade,tt0071968,0.0,0.0,1974.0,parade,5.9,1962.0,Greenwillow Books,32,3.46,total:123,Donald Crews
2440,Lad: A Dog,tt0056162,0.0,0.0,1962.0,lad: a dog,7.1,138.0,Gramercy,238,4.25,total:8627,Albert Payson Terhune
2441,The Diary of Anne Frank,tt0080625,0.0,0.0,1980.0,the diary of anne frank,6.7,680.0,Dramatists Play Service,70,4.06,total:7401,Frances Goodrich
2442,Doubting Thomas,tt0026292,0.0,0.0,1935.0,doubting thomas,6.4,223.0,Harvard University Press,267,3.89,total:9,Glenn W. Most
2443,Buffalo Girls,tt1072756,0.0,0.0,2012.0,buffalo girls,7.0,129.0,Simon  Schuster,352,3.62,total:2611,Larry McMurtry
2444,Trick or Treat,tt0045261,0.0,0.0,1952.0,trick or treat,7.2,2561.0,Clarkson Potter,48,3.56,total:9,Emily Gwathmey
2445,Rage of Angels,tt0086168,0.0,0.0,1983.0,rage of angels,6.0,322.0,HarperCollins Publishers,512,3.93,total:33970,Sidney Sheldon
2446,The Dot and the Line: A Romance in Lower Mathematics,tt0059122,0.0,0.0,1965.0,the dot and the line: a romance in lower mathematics,7.5,1755.0,Random House,62,4.33,total:1482,Norton Juster
2447,Halloween,tt0150814,0.0,0.0,1931.0,halloween,6.2,107.0,Bantam,166,4.13,total:7398,Richard Curtis
2448,Special Delivery,tt0302382,0.0,0.0,2002.0,special delivery,6.0,414.0,Dell,229,3.82,total:5984,Danielle Steel
2449,The Christmas Wish,tt0156400,0.0,0.0,1998.0,the christmas wish,6.8,805.0,Zebra,218,3.29,total:38,Debbie Raleigh
2450,Seventh Heaven,tt0154030,0.0,0.0,1993.0,seventh heaven,5.3,465.0,Avon,379,4.0,total:1911,Catherine Anderson
2451,Second Honeymoon,tt0029529,0.0,0.0,1937.0,second honeymoon,6.2,546.0,Harlequin Special Releases,296,3.85,total:13,Laura Abbot
2452,Wolves,tt1403241,24814797.1847268,0.0,2014.0,wolves,5.3,10995.0,HarperTrophy,32,4.11,total:166,Seymour Simon
2453,The Encounter,tt1663680,0.0,0.0,2010.0,the encounter,6.7,3926.0,Dial Press,488,4.0,total:6,Malachi Martin
2454,Zodiac,tt3102206,0.0,0.0,2014.0,zodiac,3.3,1923.0,Denoël,391,3.72,total:17324,Neal Stephenson
2455,The Little Drummer Girl,tt0087629,0.0,0.0,1984.0,the little drummer girl,6.1,2616.0,Pocket Books,672,3.97,total:10674,John le Carré
2456,The Girls,tt0062981,0.0,0.0,1968.0,the girls,6.7,1148.0,Back Bay Books,368,3.79,total:20100,Lori Lansens
2457,Pan,tt0114081,0.0,0.0,1995.0,pan,5.3,287.0,Penguin Classics,181,3.9,total:7398,Knut Hamsun
2458,Ten Little Indians,tt0092879,0.0,0.0,1987.0,ten little indians,7.7,3420.0,Vintage,256,4.07,total:6277,Sherman Alexie
2459,True Story,tt2273657,0.0,6521565.889063545,2015.0,true story,6.3,75242.0,Simon  Schuster,304,3.12,total:240,Bill Maher
2460,Eden,tt3090634,0.0,90243.1457617898,2014.0,eden,6.4,5513.0,Mariner Books,276,3.91,total:4249,Stanisław Lem
2461,Eden,tt3090634,0.0,90243.1457617898,2014.0,eden,6.4,5513.0,Houghton Mifflin Harcourt P,262,3.91,total:4262,Stanisław Lem
2462,The Overnight,tt3844362,0.0,1519954.67460713,2015.0,the overnight,6.1,17953.0,Tor Books,406,2.99,total:413,Ramsey Campbell
2463,Z for Zachariah,tt1598642,0.0,167832.01339314238,2015.0,z for zachariah,6.0,34170.0,Simon Pulse,250,3.66,total:13608,Robert C. O'Brien
2464,Z for Zachariah,tt1598642,0.0,167832.01339314238,2015.0,z for zachariah,6.0,34170.0,,96,4.18,total:17,Paul Beadle
2465,Stations of the Cross,tt3465916,0.0,0.0,2014.0,stations of the cross,7.4,4725.0,Walther Konig Verlag,56,2.0,total:1,Lisa Ruyter
2466,The Count of Monte Cristo,tt0046415,0.0,0.0,1954.0,the count of monte cristo,7.1,1290.0,Tor Classics,580,4.25,total:717363,Alexandre Dumas
2467,Neverwhere,tt0115288,0.0,0.0,1996.0,neverwhere,7.2,3190.0,J'AI LU,350,4.17,total:407397,Neil Gaiman
2468,Longshot,tt0201694,0.0,0.0,2001.0,longshot,2.6,1190.0,G.P. Putnam's Sons,320,4.04,total:5083,Dick Francis
2469,Saturday Night,tt1580427,0.0,0.0,2010.0,saturday night,7.1,582.0,Replica Books,258,3.56,total:334,Susan Orlean
2470,Private Confessions,tt0115164,0.0,0.0,1996.0,private confessions,7.3,507.0,Harlequin Blaze,249,3.71,total:570,Lori Borrill
2471,natural history,tt4131208,0.0,0.0,2014.0,natural history,6.7,56.0,Lars Muller,459,3.67,total:18,Philip Ursprung
2472,The Prophet,tt0063464,0.0,0.0,1968.0,the prophet,6.0,387.0,Knopf,128,4.23,total:220719,Kahlil Gibran
2473,The Beach,tt0046352,0.0,0.0,1954.0,the beach,6.9,310.0,Longman,112,3.94,total:68159,Alex Garland
2474,Antarctica,tt0085991,0.0,0.0,1983.0,antarctica,7.6,1885.0,Bantam,672,3.78,total:2614,Kim Stanley Robinson
2475,Shadow,tt1425253,0.0,0.0,2010.0,shadow,5.4,3217.0,eReads.com,228,3.77,total:162,Dave Duncan
2476,Shadow,tt0049077,0.0,0.0,1956.0,shadow,6.8,239.0,eReads.com,228,3.77,total:162,Dave Duncan
2477,Shadow,tt0217841,0.0,0.0,1971.0,shadow,7.5,349.0,eReads.com,228,3.77,total:162,Dave Duncan
2478,The Plague,tt0479125,0.0,0.0,2006.0,the plague,4.5,4899.0,Penguin,238,3.99,total:148369,Albert Camus
2479,The Plague,tt0105127,0.0,0.0,1992.0,the plague,5.6,1019.0,Penguin,238,3.99,total:148369,Albert Camus
2480,The Plague,tt2645142,0.0,0.0,2013.0,the plague,6.9,373.0,Penguin,238,3.99,total:148369,Albert Camus
2481,The Mayor of Casterbridge,tt0283474,0.0,0.0,2003.0,the mayor of casterbridge,7.7,1688.0,"Oxford University Press, USA",335,3.83,total:52652,Thomas Hardy
2482,The Mayor of Casterbridge,tt0283474,0.0,0.0,2003.0,the mayor of casterbridge,7.7,1688.0,Adamant Media Corporation,336,3.83,total:52656,Thomas Hardy
2483,Body,tt4358230,0.0,0.0,2015.0,body,6.4,2601.0,Gallimard,278,3.91,total:1057,Harry Crews
2484,Victoria,tt4226388,0.0,4410629.346760554,2015.0,victoria,7.6,66230.0,Sun & Moon Press,155,3.74,total:5195,Knut Hamsun
2485,Naked,tt0269604,0.0,0.0,2000.0,naked,5.0,2070.0,Turtleback Books,291,4.09,total:229698,David Sedaris
2486,Naked,tt0269604,0.0,0.0,2000.0,naked,5.0,2070.0,Hachette Audio,3,4.09,total:230058,David Sedaris
2487,Wasteland,tt0054374,0.0,0.0,1960.0,wasteland,6.7,234.0,HarperTeen,160,3.87,total:3557,Francesca Lia Block
2488,The Outsider,tt0085900,0.0,0.0,1983.0,the outsider,6.4,3855.0,Harpperen,672,4.16,total:2004,Richard Wright
2489,Heads,tt0110000,0.0,0.0,1994.0,heads,5.2,231.0,Steidl,40,3.93,total:15,Philip-Lorca diCorcia
2490,Phantom Pain,tt1123970,0.0,0.0,2009.0,phantom pain,6.3,953.0,Other Press (NY),288,3.34,total:984,Arnon Grunberg
2491,Sense and Sensibility,tt0847150,0.0,0.0,2008.0,sense and sensibility,8.0,13869.0,"Oxford University Press, USA",446,4.07,total:917623,Jane Austen
2492,Sense and Sensibility,tt0847150,0.0,0.0,2008.0,sense and sensibility,8.0,13869.0,AudioGO,0,4.07,total:917839,Jane Austen
2493,Sense and Sensibility,tt0847150,0.0,0.0,2008.0,sense and sensibility,8.0,13869.0,Signet Classics,314,4.07,total:919827,Jane Austen
2494,Lost and Found,tt0079486,0.0,0.0,1979.0,lost and found,4.9,436.0,Del Rey Books,256,3.69,total:843,Alan Dean Foster
2495,A Short History of Decay,tt2265050,0.0,0.0,2014.0,a short history of decay,5.8,641.0,Arcade Publishing,186,4.26,total:3053,Emil M. Cioran
2496,Focus,tt2381941,69227026.54347019,212742477.5711042,2015.0,focus,6.6,290998.0,Buchet Chastel,287,3.85,total:935,Arthur  Miller
2497,Lady Dragon,tt0104667,0.0,0.0,1992.0,lady dragon,5.0,822.0,Medallion Press,401,3.28,total:25,Jewell Mason
2498,Ugly,tt2882328,0.0,0.0,2013.0,ugly,7.9,24785.0,"Little, Brown Books for Young Readers",192,3.77,total:194,Donna Jo Napoli
2499,The Hellfire Club,tt0053903,0.0,0.0,1961.0,the hellfire club,5.3,408.0,Ballantine Books,544,3.76,total:6635,Peter Straub
2500,Forgive Me,tt0498125,0.0,0.0,2006.0,forgive me,6.4,469.0,Random House,256,3.45,total:1367,Amanda Eyre Ward
2501,Island,tt1185393,0.0,0.0,2011.0,island,5.6,572.0,Harper Perennial Classics,354,3.83,total:23933,Aldous Huxley
2502,The Adventurers,tt0065374,0.0,0.0,1970.0,the adventurers,5.2,971.0,Buccaneer,712,3.87,total:1370,Harold Robbins
2503,Lights Out,tt1646127,0.0,0.0,2010.0,lights out,6.4,1209.0,Fawcett Books,352,3.65,total:273,Peter Abrahams
2504,Clown,tt1780798,0.0,0.0,2014.0,clown,5.7,28890.0,Henry Holt and Co. (BYR),32,3.98,total:442,Quentin Blake
2505,Nymph,tt3171764,0.0,0.0,2014.0,nymph,4.1,3384.0,Circlet Press,100,3.82,total:1347,Francesca Lia Block
2506,Heat Wave,tt1669560,0.0,0.0,2011.0,heat wave,6.2,458.0,Love Spell,365,3.59,total:355,Jennifer Archer
2507,Heat Wave,tt0099751,0.0,0.0,1990.0,heat wave,6.8,237.0,Love Spell,365,3.59,total:355,Jennifer Archer
2508,Standoff,tt0119931,0.0,0.0,1998.0,standoff,5.0,567.0,Warner Vision Books,261,3.72,total:6980,Sandra Brown
2509,The Case of the Stuttering Bishop,tt0028695,0.0,0.0,1937.0,the case of the stuttering bishop,6.2,616.0,House of Stratus,250,3.8,total:1098,Erle Stanley Gardner
2510,The Tree,tt3826814,0.0,0.0,2014.0,the tree,6.2,136.0,Ecco Press,91,3.73,total:1000,John Fowles
2511,Pan,tt3332064,207266546.5373359,177404024.68086916,2015.0,pan,5.7,68953.0,Penguin Classics,181,3.9,total:7398,Knut Hamsun
2512,Suite Française,tt0900387,20678997.653939,12551760.053585391,2014.0,suite française,7.0,30083.0,Vintage,431,3.84,total:58092,Irène Némirovsky
2513,The Tenant of Wildfell Hall,tt0115387,0.0,0.0,1997.0,the tenant of wildfell hall,7.3,3296.0,Kessinger Publishing,440,3.95,total:85960,Anne Brontë
2514,The Tenant of Wildfell Hall,tt0115387,0.0,0.0,1997.0,the tenant of wildfell hall,7.3,3296.0,Hard Press,374,3.95,total:85960,Anne Brontë
2515,Joe Hill,tt0067276,0.0,0.0,1971.0,joe hill,7.2,982.0,Penguin Books (NYC),384,3.72,total:379,Wallace Stegner
2516,Beauty and the Beast,tt0092626,0.0,0.0,1987.0,beauty and the beast,5.8,821.0,Seastar Books,48,4.34,total:5862,Marianna Mayer
2517,Sleeping Beauty,tt0093993,0.0,0.0,1987.0,sleeping beauty,5.7,632.0,Hartorch,400,3.92,total:3187,Phillip Margolin
2518,No Place to Hide,tt0066156,0.0,0.0,1970.0,no place to hide,4.0,937.0,Free Press,368,3.52,total:163,Robert O'Harrow Jr.
2519,Beat the Drum,tt0387057,3552771.084337349,0.0,2003.0,beat the drum,7.1,731.0,Boyds Mills Press,32,3.6,total:5,Lee Bennett Hopkins
2520,Siegfried,tt0429095,0.0,0.0,2005.0,siegfried,3.6,1934.0,Penguin,192,3.65,total:3520,Harry Mulisch
2521,Heat,tt0093164,0.0,0.0,1986.0,heat,5.7,2786.0,Philomel Books,220,3.98,total:19350,Mike Lupica
2522,Heat,tt0093164,0.0,0.0,1986.0,heat,5.7,2786.0,iUniverse,256,3.45,total:73,Arthur Herzog III
2523,Moby Dick,tt1984208,0.0,0.0,2011.0,moby dick,6.3,573.0,Naxos Audiobooks,25,3.5,total:463805,Herman Melville
2524,Moby Dick,tt1984208,0.0,0.0,2011.0,moby dick,6.3,573.0,Wildside Press,512,3.5,total:464538,Herman Melville
2525,The Face,tt2335740,0.0,0.0,2013.0,the face,5.3,31.0,Bantam,649,3.71,total:20333,Dean Koontz
2526,Beauty and the Beast,tt0078054,0.0,0.0,1978.0,beauty and the beast,7.5,2259.0,Seastar Books,48,4.34,total:5862,Marianna Mayer
2527,The Village,tt1583265,0.0,0.0,2010.0,the village,4.5,291.0,Back Bay Books,238,2.47,total:107,David Mamet
2528,Sole Survivor,tt0181012,1159640.4494382022,0.0,1983.0,sole survivor,6.0,2938.0,Bantam Books,403,3.79,total:26170,Dean Koontz
2529,Echoes,tt3033948,0.0,0.0,2014.0,echoes,4.3,1620.0,Dell Publishing Company,496,3.8,total:11402,Maeve Binchy
2530,Nobody's Perfect,tt0097994,0.0,0.0,1990.0,nobody's perfect,5.5,752.0,Simon  Schuster Books for Young Readers,240,4.03,total:208,Marlee Matlin
2531,Nobody's Perfect,tt0097994,0.0,0.0,1990.0,nobody's perfect,5.5,752.0,Pearlsong Press,192,3.5,total:98,Pat Ballard
2532,Oddballs,tt0087830,0.0,0.0,1984.0,oddballs,4.2,396.0,Puffin Books,144,3.88,total:288,William Sleator
2533,School Spirit,tt0089974,0.0,0.0,1985.0,school spirit,4.2,1484.0,Dis Voir,170,3.74,total:43,Douglas Coupland
2534,Under the Boardwalk,tt0098557,0.0,394867.1902310231,1989.0,under the boardwalk,5.4,497.0,Pocket Books,480,3.59,total:542,Linda Howard
2535,Mine,tt1326247,0.0,0.0,2009.0,mine,7.8,254.0,Pocket Books,496,3.9,total:9675,Robert R. McCammon
2536,Toxin,tt2118009,0.0,0.0,2014.0,toxin,2.5,449.0,G.P. Putnam's Sons,432,3.8,total:11330,Robin Cook
2537,Sylvia,tt0059773,0.0,0.0,1965.0,sylvia,6.6,451.0,"Farrar, Straus and Giroux",129,3.85,total:1244,Leonard Michaels
2538,King Lear,tt0087561,0.0,0.0,1983.0,king lear,7.5,922.0,Simon  Schuster,338,3.91,total:171858,William Shakespeare
2539,King Lear,tt0067306,0.0,0.0,1971.0,king lear,7.2,1011.0,Simon  Schuster,338,3.91,total:171858,William Shakespeare
2540,The Outsider,tt0083151,0.0,0.0,1981.0,the outsider,6.4,656.0,Harpperen,672,4.16,total:2004,Richard Wright
2541,The Outsider,tt0455989,0.0,0.0,2005.0,the outsider,6.4,279.0,Harpperen,672,4.16,total:2004,Richard Wright
2542,Without a Trace,tt0086593,0.0,0.0,1983.0,without a trace,7.1,2480.0,Harlequin,249,3.69,total:167,Catherine Anderson
2543,Survivor,tt3297792,0.0,0.0,2014.0,survivor,4.0,2300.0,Vintage,289,3.92,total:102505,Chuck Palahniuk
2544,The President,tt0055336,0.0,0.0,1961.0,the president,7.1,1158.0,Waveland Press,286,3.99,total:3306,Miguel Ángel Asturias
2545,Threshold,tt0083197,0.0,0.0,1981.0,threshold,5.9,566.0,Grand Central Publishing,352,3.54,total:103,Ben Mezrich
2546,First Love,tt0065703,0.0,0.0,1970.0,first love,6.3,433.0,Melville House Publishing,124,3.79,total:9149,Ivan Turgenev
2547,The Butterfly Tattoo,tt1032747,0.0,0.0,2009.0,the butterfly tattoo,5.4,476.0,Young Picador,186,3.19,total:1715,Philip Pullman
2548,Kidnapped,tt0113539,0.0,0.0,1995.0,kidnapped,6.6,539.0,Atheneum Books for Young Readers,64,3.79,total:56495,Robert Louis Stevenson
2549,Kidnapped,tt0113539,0.0,0.0,1995.0,kidnapped,6.6,539.0,ACC Distribution,208,3.79,total:56574,Robert Louis Stevenson
2550,Life Support,tt0808348,0.0,0.0,2007.0,life support,6.7,1376.0,Pocket Books,400,4.0,total:13978,Tess Gerritsen
2551,The Chase,tt0038409,0.0,0.0,1946.0,the chase,6.4,3000.0,University of Minnesota Press,121,3.6,total:258,Alejo Carpentier
2552,The Body,tt0071362,0.0,0.0,1974.0,the body,5.2,201.0,Penguin Books,80,4.25,total:32410,Stephen King
2553,Far from the Madding Crowd,tt2935476,0.0,41771086.23128729,2015.0,far from the madding crowd,7.1,56685.0,Signet Classics,400,3.94,total:121179,Thomas Hardy
2554,Far from the Madding Crowd,tt2935476,0.0,41771086.23128729,2015.0,far from the madding crowd,7.1,56685.0,Penguin Books,433,3.94,total:121179,Thomas Hardy
2555,Kissinger,tt1950222,0.0,0.0,2011.0,kissinger,7.2,115.0,Simon  Schuster,896,3.95,total:2772,Walter Isaacson
2556,Resistance,tt3393198,0.0,0.0,2015.0,resistance,7.1,331.0,Vintage,180,3.83,total:332,Barry  Lopez
2557,Resistance,tt3393198,0.0,0.0,2015.0,resistance,7.1,331.0,Little Brown and Company,284,3.76,total:8052,Anita Shreve
2558,Christopher and His Kind,tt1651062,0.0,0.0,2011.0,christopher and his kind,7.0,4823.0,Univ Of Minnesota Press,352,4.11,total:2736,Christopher Isherwood
2559,Shuffle,tt1488594,711826.6166905134,0.0,2012.0,shuffle,6.5,1968.0,Farrar Straus Giroux,162,4.39,total:38,Leonard Michaels
2560,The Prince and the Pauper,tt0282100,0.0,0.0,2000.0,the prince and the pauper,6.5,840.0,Digital Scanning,420,3.85,total:104296,Mark Twain
2561,Macbeth,tt0434541,0.0,0.0,2006.0,macbeth,4.6,2317.0,Simon  Schuster,249,3.9,total:641361,William Shakespeare
2562,Black Friday,tt0400234,0.0,0.0,2004.0,black friday,8.4,24423.0,Vision,480,3.68,total:11753,James Patterson
2563,After,tt1799508,0.0,0.0,2012.0,after,5.4,6495.0,HarperTeen,352,3.49,total:1876,Francine Prose
2564,The Farewell Party,tt3163304,0.0,0.0,2014.0,the farewell party,7.0,2340.0,Penguin Books,224,3.86,total:12076,Milan Kundera
2565,Thunderstruck,tt0316763,0.0,0.0,2004.0,thunderstruck,6.1,996.0,Crown Publishing Group (NY),463,3.7,total:35676,Erik Larson
2566,Piccadilly Jim,tt0371878,0.0,0.0,2005.0,piccadilly jim,5.8,1276.0,Harry N. Abrams,302,4.02,total:3882,P.G. Wodehouse
2567,The Debut,tt0066124,0.0,0.0,1970.0,the debut,7.6,1150.0,Vintage,192,3.66,total:1145,Anita Brookner
2568,Oblomov,tt0079619,0.0,0.0,1980.0,oblomov,7.6,2729.0,ReadHowYouWant.com,380,4.06,total:27995,Ivan Goncharov
2569,Oblomov,tt0079619,0.0,0.0,1980.0,oblomov,7.6,2729.0,Livre de Poche,668,4.06,total:28064,Ivan Goncharov
2570,Short Stories,tt2192582,0.0,0.0,2012.0,short stories,6.9,2026.0,W. W. Norton & Company,384,4.3,total:4309,Anton Chekhov
2571,Waiting for Godot,tt0276613,0.0,0.0,2001.0,waiting for godot,7.5,1745.0,Samuel French Ltd,83,3.83,total:150640,Samuel Beckett
2572,Treasure Island,tt0069229,0.0,0.0,1972.0,treasure island,5.8,1648.0,Kingfisher,311,3.83,total:380722,Robert Louis Stevenson
2573,Treasure Island,tt0069229,0.0,0.0,1972.0,treasure island,5.8,1648.0,Running Press Kids,48,3.83,total:381855,Robert Louis Stevenson
2574,Nobody's Perfect,tt1266093,0.0,0.0,2008.0,nobody's perfect,7.3,128.0,Simon  Schuster Books for Young Readers,240,4.03,total:208,Marlee Matlin
2575,Nobody's Perfect,tt1266093,0.0,0.0,2008.0,nobody's perfect,7.3,128.0,Pearlsong Press,192,3.5,total:98,Pat Ballard
2576,Youth,tt3312830,18460540.41159205,2763553.953831145,2015.0,youth,7.3,87279.0,Penguin Books,176,3.79,total:6223,J.M. Coetzee
2577,Streetwise,tt0088196,0.0,0.0,1984.0,streetwise,8.2,3479.0,Aperture,75,4.48,total:48,Mary Ellen Mark
2578,Survivor,tt3247714,27635539.53831145,0.0,2015.0,survivor,5.7,36937.0,Vintage,289,3.92,total:102505,Chuck Palahniuk
2579,The Uncanny,tt0076853,0.0,0.0,1977.0,the uncanny,5.7,2547.0,Penguin Classics,240,3.97,total:2177,Sigmund Freud
2580,Journey Into Fear,tt0073213,0.0,0.0,1975.0,journey into fear,5.3,389.0,Vintage Crime/Black Lizard,288,3.92,total:2918,Eric Ambler
2581,The Red House,tt0039757,0.0,0.0,1947.0,the red house,6.7,5481.0,Aegypan,140,3.68,total:53,E. Nesbit
2582,Matilda,tt0077917,0.0,0.0,1978.0,matilda,3.7,537.0,Puffin Books,240,4.32,total:590839,Roald Dahl
2583,Mars,tt1109488,0.0,0.0,2010.0,mars,5.9,444.0,"Collector's Guide Publishing, Inc.",96,2.0,total:1,Robert Godwin
2584,The Nun,tt2215221,0.0,0.0,2013.0,the nun,6.5,2088.0,"Oxford University Press, USA",189,3.71,total:5249,Denis Diderot
2585,Summer,tt0075292,0.0,0.0,1976.0,summer,7.7,827.0,IndyPublish.com,152,3.66,total:10245,Edith Wharton
2586,The Samurai,tt2401181,0.0,0.0,2014.0,the samurai,5.7,1776.0,New Directions,272,3.96,total:2085,Shūsaku Endō
2587,Freedom,tt2584018,19989697.73214104,0.0,2014.0,freedom,6.3,2558.0,,72,3.8,total:5,Michael W.  Smith
2588,Inside Out,tt2096673,241810970.9602252,1185027375.3787353,2015.0,inside out,8.1,889949.0,Artspace Books,56,4.4,total:10,Stefan Kürten
2589,The World Made Straight,tt2420166,0.0,0.0,2015.0,the world made straight,5.5,2129.0,Picador USA,289,3.88,total:2496,Ron Rash
2590,Mercenaries,tt3598222,0.0,0.0,2014.0,mercenaries,3.7,2902.0,Berkley Sensation,307,3.99,total:1070,Angela Knight
2591,Forever,tt4246092,0.0,0.0,2014.0,forever,6.4,73.0,Gallery Books,224,3.62,total:51758,Judy Blume
2592,Frankenstein,tt0397430,0.0,0.0,2004.0,frankenstein,4.5,2187.0,"Oxford University Press, USA",224,3.8,total:1106777,Mary Wollstonecraft Shelley
2593,Frankenstein,tt0397430,0.0,0.0,2004.0,frankenstein,4.5,2187.0,Dover Publications,166,3.8,total:1110135,Mary Wollstonecraft Shelley
2594,The Last White Knight,tt2274064,0.0,0.0,2012.0,the last white knight,7.1,173.0,Bantam,201,3.34,total:1150,Tami Hoag
2595,Mercenaries,tt1728979,0.0,0.0,2011.0,mercenaries,3.4,1249.0,Berkley Sensation,307,3.99,total:1070,Angela Knight
2596,Obsessed,tt0325322,0.0,0.0,2002.0,obsessed,5.7,984.0,Oasis Audio,0,3.91,total:7712,Ted Dekker
2597,The Emperor's New Clothes,tt4323536,0.0,0.0,2015.0,the emperor's new clothes,7.0,1426.0,Andrews McMeel Publishing,30,4.0,total:1,Samantha Easton
2598,Guardian,tt0289213,0.0,0.0,2001.0,guardian,3.9,629.0,Ace,294,3.26,total:364,Joe Haldeman
2599,Pizza,tt2585562,341676.7760114465,3986229.053466876,2012.0,pizza,7.9,9488.0,Ryland Peters & Small,63,2.33,total:3,Silvana Franco
2600,The Echo,tt0897347,0.0,0.0,2008.0,the echo,5.5,6257.0,Jove Books,368,3.63,total:3630,Minette Walters
2601,Run,tt2215457,0.0,0.0,2013.0,run,4.6,1998.0,HarperLuxe,416,3.5700000000000003,total:37832,Ann Patchett
2602,Tipping Point,tt0875148,0.0,0.0,2007.0,tipping point,6.2,435.0,Word Works Books,80,3.99,total:83,Fred Marchant
2603,Iberia,tt0443057,0.0,0.0,2005.0,iberia,7.0,426.0,Fawcett Crest Books,960,3.71,total:2480,James A. Michener
2604,Solo,tt0173226,0.0,0.0,1980.0,solo,7.1,169.0,Headline Review,421,3.65,total:4259,Jill Mansell
2605,The Master,tt0201470,0.0,0.0,1980.0,the master,6.7,492.0,Scribner,339,3.83,total:8608,Colm Tóibín
2606,Labyrinth,tt1866570,28473064.66762054,0.0,2012.0,labyrinth,5.8,3787.0,Fawcett,384,3.97,total:105,Jon Land
2607,Company,tt0296574,2738052.8981429376,10952211.59257175,2002.0,company,7.9,17010.0,Vintage,338,3.74,total:5779,Max Barry
2608,The Victim,tt0080971,0.0,0.0,1980.0,the victim,7.3,736.0,Penguin Classics,272,3.53,total:1710,Saul Bellow
2609,Rewind,tt2193185,0.0,0.0,2013.0,rewind,5.9,1689.0,Puffin Books,128,3.48,total:377,William Sleator
2610,Hooking Up,tt0903606,0.0,0.0,2009.0,hooking up,2.6,1952.0,Picador,304,3.32,total:1792,Tom Wolfe
2611,The Executioner's Song,tt0083909,0.0,0.0,1982.0,the executioner's song,7.0,2215.0,Vintage Books USA,1056,4.06,total:17943,Norman Mailer
2612,Macbeth,tt2884018,20726654.653733592,17412747.220658835,2015.0,macbeth,6.6,61238.0,Simon  Schuster,249,3.9,total:641361,William Shakespeare
2613,Madame Bovary,tt2334733,0.0,0.0,2015.0,madame bovary,5.7,9250.0,Penguin Classics,327,3.67,total:237971,Gustave Flaubert
2614,Bound,tt4145324,0.0,0.0,2015.0,bound,3.5,2866.0,Simon Pulse,186,3.71,total:5286,Donna Jo Napoli
2615,Wild Horses,tt4442130,0.0,0.0,2015.0,wild horses,4.8,4124.0,G.P. Putnam's Sons,352,3.91,total:3853,Dick Francis
2616,The Dive from Clausen's Pier,tt0452611,0.0,0.0,2005.0,the dive from clausen's pier,5.4,802.0,Vintage,432,3.42,total:21277,Ann Packer
2617,Champs,tt1698652,0.0,0.0,2015.0,champs,7.2,1999.0,Fantagraphics,96,3.93,total:28,Steven Weissman
2618,The Man in the Iron Mask,tt0074853,0.0,0.0,1977.0,the man in the iron mask,6.6,3707.0,Turtleback Books,592,3.99,total:64230,Alexandre Dumas
2619,The Man in the Iron Mask,tt0074853,0.0,0.0,1977.0,the man in the iron mask,6.6,3707.0,Abdo Publishing Company,238,4.07,total:627,Raymond H. Harris
2620,The Lovers,tt1321869,37307978.37672047,0.0,2015.0,the lovers,4.6,3562.0,Dutton Books,304,3.31,total:104,Morris L. West
2621,The Temple,tt2085783,0.0,0.0,2011.0,the temple,8.2,1839.0,Grove Press,224,3.75,total:288,Stephen Spender
2622,Dragonslayer,tt1633989,0.0,0.0,2011.0,dragonslayer,5.8,558.0,Del Rey Books,218,3.65,total:298,Wayland Drew
2623,The Art of Love,tt1700467,0.0,0.0,2011.0,the art of love,6.1,2007.0,Indiana University Press,208,3.83,total:4586,Ovid
2624,Best Friends,tt0471094,0.0,0.0,2005.0,best friends,4.4,306.0,"Little, Brown Books for Young Readers",32,4.0,total:12,Loretta Krupinski
2625,Best Friends,tt0471094,0.0,0.0,2005.0,best friends,4.4,306.0,First Avenue Editions (Tm),32,2.78,total:9,Marcia Leonard
2626,The Perfect Wife,tt0153812,0.0,0.0,2001.0,the perfect wife,4.9,601.0,Leisure Books,354,3.86,total:3275,Lynsay Sands
2627,The Tenth Circle,tt1132288,0.0,0.0,2008.0,the tenth circle,5.7,1304.0,Allen & Ulwin,416,3.5,total:114138,Jodi Picoult
2628,Treasure Island,tt0248568,0.0,0.0,1999.0,treasure island,5.2,691.0,Kingfisher,311,3.83,total:380722,Robert Louis Stevenson
2629,Treasure Island,tt0248568,0.0,0.0,1999.0,treasure island,5.2,691.0,Running Press Kids,48,3.83,total:381855,Robert Louis Stevenson
2630,Thousand Pieces of Gold,tt0100774,0.0,0.0,1991.0,thousand pieces of gold,6.9,784.0,Beacon Press,352,3.77,total:1585,Ruthanne Lum McCunn
2631,The Rainbow,tt0098165,0.0,0.0,1989.0,the rainbow,6.3,1944.0,Signet,544,3.69,total:18120,D.H. Lawrence
2632,The Keeper,tt0113535,0.0,0.0,1995.0,the keeper,5.7,333.0,Starfire,192,4.1,total:21,Phyllis Reynolds Naylor
2633,Fascination,tt0079135,0.0,0.0,1979.0,fascination,6.0,4018.0,Penguin Books,288,3.46,total:397,William  Boyd
2634,Tracks,tt0075345,0.0,0.0,1977.0,tracks,6.3,658.0,Harper Perennial,226,3.94,total:10700,Louise Erdrich
2635,The Confession,tt2317171,0.0,0.0,2013.0,the confession,6.3,866.0,William Morrow,384,3.37,total:211,James E. McGreevey
2636,Model Behavior,tt0218121,0.0,0.0,2000.0,model behavior,6.0,2964.0,Vintage,192,3.23,total:1269,Jay McInerney
2637,Helen,tt1288589,0.0,0.0,2008.0,helen,5.9,494.0,,216,3.71,total:1023,Euripides
2638,El camino,tt0884038,0.0,0.0,2008.0,el camino,5.7,189.0,Ediciones Destino,224,3.95,total:4675,Miguel Delibes
2639,The Jungle Book,tt3040964,238855132.71506235,1319231839.0789895,2016.0,the jungle book,7.3,302459.0,Tor Classics,277,3.93,total:100040,Rudyard Kipling
2640,Mammoth,tt0487037,0.0,0.0,2006.0,mammoth,3.6,2533.0,Ace Books,341,3.53,total:1282,John Varley
2641,Hunger,tt0071636,0.0,0.0,1974.0,hunger,6.9,860.0,Penguin Books,192,3.92,total:1091,Lan Samantha Chang
2642,River's End,tt0416041,1692943.6325678497,0.0,2005.0,river's end,5.2,332.0,Jove,443,3.98,total:17831,Nora Roberts
2643,Augustine,tt2098628,0.0,0.0,2012.0,augustine,6.1,1718.0,"Oxford University Press, USA",128,3.72,total:297,Henry Chadwick
2644,The Human Factor,tt2406992,0.0,0.0,2013.0,the human factor,5.0,305.0,Everyman’s Library,368,3.91,total:7420,Graham Greene
2645,Midnight Sun,tt2390283,24814797.1847268,0.0,2014.0,midnight sun,6.0,1050.0,Albin Michel,370,3.46,total:61,Elwood Reid
2646,Creature,tt0088961,2301570.482497635,0.0,1985.0,creature,4.4,5092.0,Bantam,416,3.84,total:10324,John Saul
2647,Sweet Revenge,tt0076789,0.0,0.0,1976.0,sweet revenge,5.7,391.0,Leisure Books,400,3.99,total:2634,Lynsay Sands
2648,Sweet Revenge,tt0094087,0.0,0.0,1987.0,sweet revenge,3.9,349.0,Leisure Books,400,3.99,total:2634,Lynsay Sands
2649,Ticks,tt0108339,4542969.187675069,0.0,1993.0,ticks,5.5,6417.0,Child's World,32,0.0,total:0,Patrick Merrick
2650,Electra,tt0055950,0.0,0.0,1962.0,electra,7.6,2067.0,"Oxford University Press, USA",270,3.95,total:5090,Euripides
2651,Inside Out,tt0386534,0.0,0.0,2006.0,inside out,5.3,610.0,Artspace Books,56,4.4,total:10,Stefan Kürten
2652,Mirror Mirror,tt0100156,0.0,0.0,1990.0,mirror mirror,5.5,2591.0,Regan Books,280,3.28,total:29307,Gregory Maguire
2653,Dark Places,tt2402101,27635539.53831145,288222.0960608655,2015.0,dark places,6.2,49444.0,HarperCollins,326,3.8,total:320,Jon Evans
2654,The Marriage of Figaro,tt0220672,0.0,0.0,1975.0,the marriage of figaro,8.3,199.0,Dramatists Play Service,81,3.64,total:2047,Pierre-Augustin Caron de Beaumarchais
2655,The Marriage of Figaro,tt0220672,0.0,0.0,1975.0,the marriage of figaro,8.3,199.0,Black Dog & Leventhal,144,3.64,total:2075,Wolfgang Amadeus Mozart
2656,Palimpsest,tt0805580,0.0,0.0,2006.0,palimpsest,5.8,549.0,Penguin Books,448,3.99,total:1644,Gore Vidal
2657,Salome,tt0046269,0.0,0.0,1953.0,salome,5.8,2466.0,Dover Publications,128,3.69,total:11154,Oscar Wilde
2658,The Art of Happiness,tt2990836,0.0,0.0,2013.0,the art of happiness,7.3,1096.0,Riverhead Hardcover,336,4.16,total:86928,Dalai Lama XIV
2659,Arcadia,tt2056520,0.0,0.0,2012.0,arcadia,6.2,761.0,Doubleday Books,97,4.19,total:18681,Tom Stoppard
2660,Always,tt2082180,0.0,0.0,2011.0,always,7.7,12277.0,Pocket Books,392,3.78,total:3800,Jude Deveraux
2661,Bad Behavior,tt1949583,0.0,0.0,2013.0,bad behavior,4.4,539.0,Harcourt,305,3.3,total:73,Mary Higgins Clark
2662,The Crisis of Civilization,tt1970039,0.0,0.0,2012.0,the crisis of civilization,7.3,204.0,TAN Books,224,4.34,total:53,Hilaire Belloc
2663,The Deceased,tt0059163,0.0,0.0,1965.0,the deceased,7.6,593.0,Leisure Books,342,2.81,total:126,Tom Piccirilli
2664,The Scapegoat,tt2129887,0.0,0.0,2013.0,the scapegoat,6.3,1374.0,University of Pennsylvania Press,348,3.97,total:5985,Daphne du Maurier
2665,Wasted Youth,tt1808659,0.0,0.0,2011.0,wasted youth,5.9,1054.0,Rizzoli,144,4.43,total:7,Tim Noble
2666,Sherlock Holmes,tt0013597,0.0,0.0,1922.0,sherlock holmes,5.7,788.0,Pocket Essentials,78,3.86,total:28,Mark Campbell
2667,Dreamcatcher,tt3215846,0.0,0.0,2015.0,dreamcatcher,7.1,456.0,Albin Michel,688,3.63,total:146595,Stephen King
2668,Love,tt3774694,4145330.9307467183,344177.1547410616,2015.0,love,6.1,72700.0,Miramax Books,43,4.46,total:1464,Pablo Neruda
2669,Love,tt3774694,4145330.9307467183,344177.1547410616,2015.0,love,6.1,72700.0,Vintage Classics,122,3.69,total:1130,Angela Carter
2670,Kingdom Come,tt2701772,4135799.5307878,0.0,2014.0,kingdom come,4.3,1459.0,DC Comics,231,4.26,total:51951,Mark Waid
2671,Kingdom Come,tt2701772,4135799.5307878,0.0,2014.0,kingdom come,4.3,1459.0,Aspect,416,4.46,total:2767,Elliot S. Maggin
2672,The Runner,tt3687398,8290661.861493437,0.0,2015.0,the runner,4.7,6164.0,Yearling,96,3.5,total:34,Keith Gray
2673,Twenty,tt4415016,0.0,0.0,2015.0,twenty,6.8,2824.0,Last Gasp,100,3.68,total:28,Erich von Götha
2674,The Gift,tt4178092,6908884.884577864,81495344.84489258,2015.0,the gift,7.0,182384.0,Penguin Books,406,4.0,total:3146,Vladimir Nabokov
2675,The Gift,tt4178092,6908884.884577864,81495344.84489258,2015.0,the gift,7.0,182384.0,"Little, Brown and Company",153,3.46,total:389,Pete Hamill
2676,Missing Pieces,tt0193732,0.0,0.0,2000.0,missing pieces,5.9,232.0,Island Books,432,3.68,total:2171,Joy Fielding
2677,Animal Farm,tt0204824,45297292.04614451,0.0,1999.0,animal farm,6.0,6797.0,NAL,122,3.94,total:2571980,George Orwell
2678,The Collection,tt0072796,0.0,0.0,1976.0,the collection,7.3,236.0,DH Publishing,192,3.76,total:38,Hideshi Hino
2679,Island of the Blue Dolphins,tt0058241,0.0,0.0,1964.0,island of the blue dolphins,6.1,599.0,Yearling Books,208,3.83,total:278247,Scott O'Dell
2680,Island of the Blue Dolphins,tt0058241,0.0,0.0,1964.0,island of the blue dolphins,6.1,599.0,Laurel Leaf,189,3.83,total:278694,Scott O'Dell
2681,Hidden Secrets,tt0805190,0.0,0.0,2006.0,hidden secrets,5.3,583.0,Avon Books,374,3.58,total:79,Cait London
2682,The Visit,tt3567288,6908884.884577864,136036029.0475107,2015.0,the visit,6.3,168980.0,"Samuel French, Inc.",120,3.88,total:11975,Friedrich Dürrenmatt
2683,Heart of a Dog,tt0072837,0.0,0.0,1976.0,heart of a dog,6.6,401.0,,132,4.1,total:38812,Mikhail Bulgakov
2684,Marco Polo,tt0813789,0.0,0.0,2007.0,marco polo,5.9,1604.0,Chelsea House Publications,96,3.7,total:70,Charles Parlin Graves
2685,Tangerine,tt3824458,138177.6976915573,970496.5868445602,2015.0,tangerine,7.1,41856.0,Harcourt,312,3.61,total:27782,Edward Bloor
2686,Every Secret Thing,tt1706598,0.0,0.0,2014.0,every secret thing,6.1,10074.0,Allison & Busby,406,3.96,total:5479,Emma Cole
2687,Tracks,tt0310243,0.0,0.0,2005.0,tracks,4.8,337.0,Harper Perennial,226,3.94,total:10700,Louise Erdrich
2688,Blindside,tt0090748,0.0,0.0,1987.0,blindside,4.7,534.0,Allen & Unwin,420,2.86,total:7,J.R. Carroll
2689,Deck the Halls,tt1942839,0.0,0.0,2011.0,deck the halls,5.4,594.0,Pocket Books,292,3.61,total:7928,Mary Higgins Clark
2690,The Black Sheep,tt0063421,0.0,0.0,1968.0,the black sheep,6.4,87.0,Penguin Classics,339,3.99,total:1693,Honoré de Balzac
2691,Salem Falls,tt2011218,0.0,0.0,2011.0,salem falls,5.5,777.0,Washington Square Press,434,3.82,total:71315,Jodi Picoult
2692,Brothers,tt3802576,0.0,0.0,2015.0,brothers,6.4,14997.0,Toby Press,556,3.3,total:23,Chayym Zeldis
2693,Flashback,tt0239406,0.0,0.0,2000.0,flashback,5.2,1135.0,Avon Books,407,3.69,total:101,Cait London
2694,Flashback,tt0239406,0.0,0.0,2000.0,flashback,5.2,1135.0,Forge Books,400,3.49,total:174,Gary Braver
2695,Flashback,tt0145777,0.0,0.0,1969.0,flashback,8.0,1150.0,Avon Books,407,3.69,total:101,Cait London
2696,Flashback,tt0145777,0.0,0.0,1969.0,flashback,8.0,1150.0,Forge Books,400,3.49,total:174,Gary Braver
2697,Peter Pan,tt0255873,0.0,0.0,2000.0,peter pan,7.3,640.0,Henry Holt and Co.,176,4.07,total:255182,J.M. Barrie
2698,Peter Pan,tt0015224,0.0,0.0,1924.0,peter pan,7.1,1453.0,Henry Holt and Co.,176,4.07,total:255182,J.M. Barrie
2699,The Naked and the Dead,tt0051978,0.0,0.0,1958.0,the naked and the dead,6.4,1962.0,Picador,721,3.94,total:22575,Norman Mailer
2700,The Naked and the Dead,tt0051978,0.0,0.0,1958.0,the naked and the dead,6.4,1962.0,Signet,559,3.94,total:22596,Norman Mailer
2701,Elephant Song,tt3754976,0.0,0.0,2014.0,elephant song,6.5,5280.0,Fawcett,480,3.96,total:4696,Wilbur Smith
2702,The Italian,tt0005557,0.0,0.0,1915.0,the italian,6.6,509.0,Penguin Classics,544,3.51,total:4437,Ann Radcliffe
2703,The Reader,tt0095511,0.0,0.0,1988.0,the reader,7.0,1895.0,Random House Audio,4,3.76,total:165031,Bernhard Schlink
2704,The Lady in the Van,tt3722070,8290661.861493437,57188553.02438795,2015.0,the lady in the van,6.7,33978.0,Faber  Faber,96,3.72,total:8435,Alan Bennett
2705,Blood Moon,tt3529110,0.0,0.0,2014.0,blood moon,4.6,1199.0,Western Front,358,2.8200000000000003,total:45,Hal Lindsey
2706,The Midwife,tt3298600,0.0,0.0,2015.0,the midwife,6.0,1634.0,iUniverse,576,4.03,total:886,Gay Courter
2707,The Possessed,tt0059116,0.0,0.0,1965.0,the possessed,7.0,1746.0,Vintage,190,3.85,total:510,Albert Camus
2708,The Double,tt0066945,0.0,0.0,1971.0,the double,5.4,329.0,Houghton Mifflin Harcourt,324,3.9,total:13939,José Saramago
2709,The Double,tt0066945,0.0,0.0,1971.0,the double,5.4,329.0,Mariner Books,324,3.9,total:13993,José Saramago
2710,Redemption,tt3123116,0.0,0.0,2013.0,redemption,6.9,338.0,Fortress Press,87,4.21,total:14,Alister E. McGrath
2711,The Lorax,tt0213065,0.0,0.0,1972.0,the lorax,7.8,3651.0,Random House Books for Young Readers,72,4.35,total:268543,Dr. Seuss
2712,The Crossing,tt3038664,55143993.74383734,0.0,2014.0,the crossing,0.0,0.0,Scholastic Paperbacks,128,3.62,total:1031,Gary Paulsen
2713,Alice in Wonderland,tt0004873,0.0,0.0,1915.0,alice in wonderland,6.1,924.0,Gramercy Books,92,4.03,total:367242,Jane Carruth
2714,Alice in Wonderland,tt0004873,0.0,0.0,1915.0,alice in wonderland,6.1,924.0,Scholastic Paperbacks,160,4.02,total:214824,Lewis Carroll
2715,The Prophet,tt1640718,0.0,0.0,2014.0,the prophet,7.0,5281.0,Knopf,128,4.23,total:220719,Kahlil Gibran
2716,Wish You Well,tt2463302,0.0,0.0,2013.0,wish you well,6.7,1605.0,Warner Books (NY),368,3.98,total:21807,David Baldacci
2717,The Bridge,tt0191610,0.0,0.0,1999.0,the bridge,6.3,657.0,Liveright,76,4.12,total:920,Hart Crane
2718,The Cutting Room,tt3772918,0.0,0.0,2015.0,the cutting room,3.4,497.0,Canongate Books,294,3.61,total:2671,Louise Welsh
2719,Proteus,tt0114196,0.0,0.0,1995.0,proteus,4.1,1337.0,William Heinemann Ltd,5,3.78,total:283,Morris L. West
2720,Into the Forest,tt2625810,0.0,0.0,2016.0,into the forest,5.8,22829.0,Dial Press Trade Paperback,243,3.8,total:10952,Jean Hegland
2721,Buddenbrooks,tt1058601,0.0,0.0,2008.0,buddenbrooks,5.9,1647.0,Vintage International (NY),604,4.16,total:20439,Thomas Mann
2722,Babes in Toyland,tt0168473,0.0,0.0,1997.0,babes in toyland,4.8,670.0,Houghton Mifflin Harcourt P,79,3.25,total:8,James Howe
2723,Evidence,tt1640218,0.0,0.0,2011.0,evidence,5.0,5700.0,Steidl Dap,95,4.07,total:15,Mona Kuhn
2724,Hush Little Baby,tt1031294,0.0,0.0,2007.0,hush little baby,4.0,442.0,Scholastic Paperbacks,272,3.42,total:706,Caroline B. Cooney
2725,Ricochet,tt1942951,0.0,0.0,2011.0,ricochet,4.8,530.0,Simon & Schuster,400,3.97,total:17400,Sandra Brown
2726,Ricochet,tt1942951,0.0,0.0,2011.0,ricochet,4.8,530.0,Simon & Schuster,385,3.97,total:17429,Sandra Brown
2727,First Love,tt0071996,0.0,0.0,1974.0,first love,6.8,382.0,Melville House Publishing,124,3.79,total:9149,Ivan Turgenev
2728,First Love,tt0229432,0.0,0.0,2000.0,first love,7.2,263.0,Melville House Publishing,124,3.79,total:9149,Ivan Turgenev
2729,First Love,tt0809925,0.0,0.0,2006.0,first love,6.1,343.0,Melville House Publishing,124,3.79,total:9149,Ivan Turgenev
2730,One of Us,tt0097265,0.0,0.0,1989.0,one of us,7.2,137.0,Bantam,368,4.03,total:1703,Michael Marshall Smith
2731,The Little Prince,tt1754656,88433726.52259666,134821706.85887358,2015.0,the little prince,7.6,70229.0,HMH Books for Young Readers,96,4.31,total:1245997,Antoine de Saint-Exupéry
2732,Silence,tt0490215,62784777.74224496,32399024.03709626,2016.0,silence,7.2,130712.0,Taplinger Publishing Company,219,4.08,total:22967,Shūsaku Endō
2733,The Victim,tt0889212,0.0,0.0,2006.0,the victim,5.5,754.0,Penguin Classics,272,3.53,total:1710,Saul Bellow
2734,A Tale of Love and Darkness,tt1135989,5527107.907662291,0.0,2015.0,a tale of love and darkness,6.0,4535.0,Harvest / Harcourt,560,4.22,total:8030,Amos Oz
2735,"Gone, But Not Forgotten",tt0375782,0.0,0.0,2003.0,"gone, but not forgotten",5.6,2551.0,Hartorch,432,4.03,total:4732,Phillip Margolin
2736,Coming Home,tt0359679,0.0,0.0,2003.0,coming home,7.2,212.0,Hodder & Stoughton,977,4.3,total:16593,Rosamunde Pilcher
2737,Ghost Writer,tt0489286,4783318.668678755,0.0,2007.0,ghost writer,4.6,926.0,Random House Value Publishing,0,3.82,total:9660,Philip Roth
2738,A Tale of Two Cities,tt0081595,0.0,0.0,1980.0,a tale of two cities,6.6,1120.0,Simon  Schuster,496,3.84,total:781949,Charles Dickens
2739,A Tale of Two Cities,tt0081595,0.0,0.0,1980.0,a tale of two cities,6.6,1120.0,In Audio,12,3.84,total:782355,Charles Dickens
2740,The Empty Canvas,tt0058413,0.0,0.0,1963.0,the empty canvas,6.8,1108.0,Playboy Paperbacks,288,3.86,total:2548,Alberto Moravia
2741,Rage,tt1403987,0.0,0.0,2010.0,rage,4.4,202.0,Not Avail,896,4.08,total:4581,Wilbur Smith
2742,The Falls,tt2306783,0.0,0.0,2012.0,the falls,6.7,3073.0,HarperAudio,0,3.58,total:9573,Joyce Carol Oates
2743,Eden,tt3032282,3178087.046905817,0.0,2015.0,eden,4.7,3351.0,Mariner Books,276,3.91,total:4249,Stanisław Lem
2744,Eden,tt3032282,3178087.046905817,0.0,2015.0,eden,4.7,3351.0,Houghton Mifflin Harcourt P,262,3.91,total:4262,Stanisław Lem
2745,The Inheritance,tt0074487,0.0,0.0,1976.0,the inheritance,6.9,1097.0,Penguin Books,177,3.64,total:4962,Louisa May Alcott
2746,Spartacus,tt0361240,0.0,0.0,2004.0,spartacus,6.6,5942.0,iBooks,363,3.83,total:1463,Howard Fast
2747,The Victim,tt1684564,0.0,0.0,2011.0,the victim,4.3,2343.0,Penguin Classics,272,3.53,total:1710,Saul Bellow
2748,Kiss,tt0213035,0.0,0.0,1963.0,kiss,5.1,450.0,Headline Review,512,3.68,total:2360,Jill Mansell
2749,Death of a Salesman,tt0229328,0.0,0.0,2000.0,death of a salesman,8.0,209.0,Viking Books,139,3.52,total:175487,Arthur  Miller
2750,Little Dorrit,tt1178522,0.0,0.0,2008.0,little dorrit,8.2,11333.0,Modern Library,1347,3.99,total:42665,Charles Dickens
2751,Gone,tt0482374,0.0,0.0,2006.0,gone,5.3,4556.0,Fiction Collective 2,258,4.2,total:10,Elisabeth Sheffield
2752,Territory,tt2251828,0.0,0.0,2015.0,territory,6.3,1257.0,Tor Books,318,3.76,total:1881,Emma Bull
2753,The Stranger,tt2238470,0.0,0.0,2015.0,the stranger,4.9,3183.0,HMH Books for Young Readers,32,4.09,total:2870,Chris Van Allsburg
2754,The Hive,tt3745906,0.0,0.0,2015.0,the hive,5.1,2285.0,The Noonday Press,256,3.77,total:5455,Camilo José Cela
2755,No Man's Land,tt0407048,0.0,0.0,1978.0,no man's land,8.5,101.0,Hesperus Press,160,3.17,total:180,Graham Greene
2756,Running Wild,tt0485552,0.0,0.0,2006.0,running wild,6.3,902.0,"Farrar, Straus and Giroux",112,3.49,total:2481,J.G. Ballard
2757,Animal,tt2996684,0.0,0.0,2014.0,animal,4.7,7829.0,Reaktion Books,192,3.76,total:72,Erica Fudge
2758,When Night Falls,tt0973847,0.0,0.0,2007.0,when night falls,5.0,530.0,Pocket Books,436,3.44,total:41,Linda  Anderson
2759,Firestorm,tt3341072,0.0,0.0,2013.0,firestorm,6.2,3156.0,Bantam,368,4.04,total:9345,Iris Johansen
2760,Solstice,tt0473267,0.0,0.0,2008.0,solstice,5.3,7114.0,Le Livre de Poche,224,3.46,total:638,Joyce Carol Oates
2761,The Master,,0.0,0.0,2017.0,the master,0.0,0.0,Scribner,339,3.83,total:8608,Colm Tóibín
2762,The Cat,tt1935094,0.0,0.0,2011.0,the cat,5.7,1689.0,Houghton Mifflin Harcourt P,182,3.68,total:690,Georges Simenon
2763,The Client,tt2072962,0.0,0.0,2011.0,the client,6.8,2155.0,Delta,483,4.01,total:378641,John Grisham
2764,The Client,tt2072962,0.0,0.0,2011.0,the client,6.8,2155.0,Random House Large Print,720,4.01,total:379408,John Grisham
2765,The Client,tt2072962,0.0,0.0,2011.0,the client,6.8,2155.0,Dell,566,4.01,total:379450,John Grisham
2766,The Ghost,tt0410537,0.0,0.0,2004.0,the ghost,5.9,2131.0,Dell,420,3.88,total:7675,Danielle Steel
2767,Runaway,tt0425414,3385887.2651356994,0.0,2005.0,runaway,6.5,529.0,Alfred A. Knopf,335,3.98,total:19721,Alice Munro
2768,Nightfall,tt2171993,0.0,0.0,2012.0,nightfall,6.4,1351.0,Onyx,416,3.87,total:1217,Anne Stuart
2769,Nightfall,tt2171993,0.0,0.0,2012.0,nightfall,6.4,1351.0,Bantam Books,339,4.05,total:29879,Isaac Asimov
2770,Helpless,tt2308725,0.0,0.0,2012.0,helpless,6.7,2800.0,Metropolitan Books,320,3.37,total:1114,Barbara Gowdy
2771,The Vagabond,tt0007507,0.0,0.0,1916.0,the vagabond,6.8,3393.0,"Farrar, Straus and Giroux",252,3.97,total:2351,Colette
2772,Housekeeping,tt2109141,0.0,0.0,2015.0,housekeeping,4.7,170.0,Picador USA,219,3.82,total:38666,Marilynne Robinson
2773,Housekeeping,tt2109141,0.0,0.0,2015.0,housekeeping,4.7,170.0,Bantam Books,224,3.82,total:38799,Marilynne Robinson
2774,The Tunnel,tt0024703,0.0,0.0,1933.0,the tunnel,5.2,103.0,Ballantine Books,232,4.05,total:41503,Ernesto Sabato
2775,Nymph,tt1424366,0.0,0.0,2009.0,nymph,6.1,602.0,Circlet Press,100,3.82,total:1347,Francesca Lia Block
2776,Devotion,tt0331231,0.0,0.0,2003.0,devotion,6.1,648.0,Houghton Mifflin Harcourt,208,3.38,total:253,Howard Norman
2777,Revelation,tt0278675,0.0,18471981.776765376,2001.0,revelation,4.6,1724.0,Baker Academic,896,4.4,total:85,Grant R. Osborne
2778,Word of Honor,tt0369059,0.0,0.0,2003.0,word of honor,6.4,621.0,Random House Audio,3,4.17,total:10102,Nelson DeMille
2779,Fireworks,tt0039383,0.0,0.0,1947.0,fireworks,7.0,3083.0,Anchor Books,288,4.0,total:28,George Plimpton
2780,The Perfect Husband,tt0377102,0.0,0.0,2004.0,the perfect husband,5.0,575.0,Zebra,249,3.3,total:20,Jeanne Savery
2781,The Big Bad Wolf,tt0024886,0.0,0.0,1934.0,the big bad wolf,6.8,2557.0,"Little, Brown & Company",8,3.99,total:47136,James Patterson
2782,The Sound And The Fury,tt3026144,0.0,0.0,2015.0,the sound and the fury,4.8,1348.0,Modern Library,368,3.86,total:154239,William Faulkner
2783,Forever,tt2555652,0.0,0.0,2015.0,forever,5.4,687.0,Gallery Books,224,3.62,total:51758,Judy Blume
2784,Les Misérables,tt0039629,0.0,0.0,1948.0,les misérables,6.9,186.0,Signet Classics,1463,4.17,total:641220,Victor Hugo
2785,Blind Date,tt0052634,0.0,0.0,1959.0,blind date,6.7,1022.0,Grove Press,224,3.69,total:1174,Jerzy Kosiński
2786,King of the Gypsies,tt0077807,0.0,0.0,1978.0,king of the gypsies,6.3,1591.0,Bantam Books,209,3.36,total:150,Peter Maas
2787,Three Men in a Boat,tt0230898,0.0,0.0,1979.0,three men in a boat,6.9,1154.0,Chrysalis Books,239,3.89,total:52557,Jerome K. Jerome
2788,Three Men in a Boat,tt0073803,0.0,0.0,1975.0,three men in a boat,6.9,570.0,Chrysalis Books,239,3.89,total:52557,Jerome K. Jerome
2789,The Ice Dragon,tt2184211,0.0,0.0,2012.0,the ice dragon,6.1,258.0,MacMillan Audio,0,3.78,total:16171,George R.R. Martin
2790,The Master and Margarita,tt0403783,8464718.162839249,0.0,2005.0,the master and margarita,7.5,5230.0,Penguin Classics,412,4.3,total:224437,Mikhail Bulgakov
2791,Homecoming,tt3358304,0.0,0.0,2015.0,homecoming,5.3,505.0,Harlequin SuperRomance,304,3.47,total:17,Laura Abbot
2792,Henrietta,tt0085667,0.0,0.0,1983.0,henrietta,6.7,93.0,Houghton Mifflin Harcourt,32,3.56,total:18,David Mamet
2793,Plan B,tt1408972,0.0,0.0,2009.0,plan b,7.0,4723.0,MTV Books,288,3.49,total:1847,Jenny O'Connell
2794,Falling For You,tt0113017,0.0,0.0,1995.0,falling for you,5.1,264.0,Headline Review,448,3.8,total:5977,Jill Mansell
2795,The Challengers,tt0097038,0.0,0.0,1990.0,the challengers,6.8,297.0,Living Books,247,4.23,total:284,Grace Livingston Hill
2796,Absence,tt0103615,0.0,0.0,1992.0,absence,6.3,91.0,"Farrar, Straus and Giroux",118,3.43,total:110,Peter Handke
2797,Forbidden,tt0047372,0.0,0.0,1954.0,forbidden,5.9,158.0,Severn House Publishers,400,3.94,total:3295,Elizabeth Lowell
2798,King Lear,tt0006895,0.0,0.0,1916.0,king lear,5.4,108.0,Simon  Schuster,338,3.91,total:171858,William Shakespeare
2799,Treasure Island,tt0084452,0.0,0.0,1982.0,treasure island,7.3,390.0,Kingfisher,311,3.83,total:380722,Robert Louis Stevenson
2800,Treasure Island,tt0084452,0.0,0.0,1982.0,treasure island,7.3,390.0,Running Press Kids,48,3.83,total:381855,Robert Louis Stevenson
2801,The Girls,tt0134614,0.0,0.0,1961.0,the girls,7.8,4988.0,Back Bay Books,368,3.79,total:20100,Lori Lansens
2802,Alice in Wonderland,tt0211191,0.0,0.0,1981.0,alice in wonderland,7.6,839.0,Gramercy Books,92,4.03,total:367242,Jane Carruth
2803,Alice in Wonderland,tt0211191,0.0,0.0,1981.0,alice in wonderland,7.6,839.0,Scholastic Paperbacks,160,4.02,total:214824,Lewis Carroll
2804,Curtains,tt0085385,0.0,0.0,1983.0,curtains,5.5,6535.0,Simon Pulse,139,3.63,total:289,R.L. Stine
2805,My Sweet Orange Tree,tt2402186,0.0,0.0,2013.0,my sweet orange tree,7.2,1655.0,,208,4.41,total:28958,José Mauro de Vasconcelos
2806,Surfacing,tt0088208,8369587.155963303,0.0,1981.0,surfacing,4.4,184.0,McClelland & Stewart Limited,192,3.46,total:20840,Margaret Atwood
2807,Salomé,tt0332743,0.0,0.0,2002.0,salomé,6.9,480.0,Dover Publications,64,3.69,total:11154,Oscar Wilde
2808,Salomé,tt3112900,0.0,0.0,2013.0,salomé,6.2,2353.0,Dover Publications,64,3.69,total:11154,Oscar Wilde
2809,Salomé,tt0013571,0.0,0.0,1923.0,salomé,6.6,1350.0,Dover Publications,64,3.69,total:11154,Oscar Wilde
2810,Afterlife,tt3774870,0.0,0.0,2014.0,afterlife,7.0,931.0,Onyx,272,3.31,total:424,Douglas Clegg
2811,Tangerine,tt1352455,0.0,0.0,2008.0,tangerine,6.2,97.0,Harcourt,312,3.61,total:27782,Edward Bloor
2812,Heart of a Dog,tt4935446,0.0,0.0,2015.0,heart of a dog,7.0,2692.0,,132,4.1,total:38812,Mikhail Bulgakov
2813,The List,tt2150511,0.0,0.0,2013.0,the list,4.3,427.0,Jove,451,3.96,total:12830,Steve Martini
2814,Lucky,tt1702543,0.0,0.0,2011.0,lucky,7.2,271.0,Hachette Book Group,243,3.78,total:89365,Alice Sebold
2815,Truman,tt3754940,0.0,12474129.836803025,2015.0,truman,7.3,14520.0,Simon  Schuster,1120,4.13,total:74683,David McCullough
2816,Reaper,tt3081268,0.0,0.0,2015.0,reaper,4.4,6587.0,HarperTorch,416,3.44,total:102,Ben Mezrich
2817,The Wave,tt3616916,8158103.850766995,17928753.869587258,2015.0,the wave,6.6,45570.0,Grand Central Publishing,240,3.27,total:934,Walter Mosley
2818,Cosmos,tt4035268,0.0,0.0,2015.0,cosmos,5.7,2294.0,Yale University Press,208,4.03,total:2652,Witold Gombrowicz
2819,The President,tt3966942,0.0,0.0,2014.0,the president,7.3,1934.0,Waveland Press,286,3.99,total:3306,Miguel Ángel Asturias
2820,Earthfall,tt3630556,0.0,0.0,2015.0,earthfall,3.0,976.0,Writers Club Press,540,0.0,total:0,Joel Dodd
2821,Emil and the Detectives,tt0021836,0.0,0.0,1931.0,emil and the detectives,7.2,763.0,,224,3.97,total:7544,Erich Kästner
2822,The Unseen,tt0038205,0.0,0.0,1945.0,the unseen,6.0,902.0,Yearling,208,3.46,total:350,Zilpha Keatley Snyder
2823,Sherlock Holmes,tt0007338,0.0,0.0,1916.0,sherlock holmes,6.2,530.0,Pocket Essentials,78,3.86,total:28,Mark Campbell
2824,Spirit,tt2175672,852056.4601785446,0.0,2012.0,spirit,7.5,2319.0,Leisure Books,422,3.72,total:626,Graham Masterton
2825,Chronicle of a Death Foretold,tt0092800,0.0,0.0,1987.0,chronicle of a death foretold,6.6,1391.0,Vintage,120,3.97,total:114051,Gabriel García Márquez
2826,Second Skin,tt1183696,0.0,0.0,2009.0,second skin,6.6,769.0,New Directions,210,3.85,total:392,John Hawkes
2827,Fatherland,tt0091035,0.0,0.0,1986.0,fatherland,6.2,604.0,HarperTorch,380,3.98,total:33284,Robert   Harris
2828,The Wall,tt0090982,0.0,0.0,1983.0,the wall,7.9,4591.0,Vintage Books,640,4.28,total:1867,John Hersey
2829,The Pyramid,tt1147764,0.0,0.0,2007.0,the pyramid,6.3,610.0,Faber  Faber,217,3.33,total:733,William Golding
2830,Finders Keepers,tt3462002,0.0,0.0,2015.0,finders keepers,6.8,2924.0,Atlantic Books,209,3.4,total:810,Mark Bowden
2831,The Black Marble,tt0080442,0.0,0.0,1980.0,the black marble,6.2,975.0,Dell,416,3.82,total:1205,Joseph Wambaugh
2832,Sisters,tt1850457,41453309.30746719,145101855.357061,2015.0,sisters,6.0,72756.0,Delacorte Press,341,3.85,total:17802,Danielle Steel
2833,The Bridge,tt4698718,0.0,0.0,2015.0,the bridge,6.5,1760.0,Liveright,76,4.12,total:920,Hart Crane
2834,Midnight Sun,tt0844347,0.0,0.0,2006.0,midnight sun,7.1,2028.0,Albin Michel,370,3.46,total:61,Elwood Reid
2835,Ghost,tt1655400,0.0,14666050.170602515,2010.0,ghost,5.4,373.0,Tor Books,279,3.18,total:800,Piers Anthony
2836,Black Kiss,tt0493567,0.0,0.0,2004.0,black kiss,6.0,361.0,Eros Comix,136,3.54,total:398,Howard Chaykin
2837,Spellbound,tt2132405,0.0,0.0,2011.0,spellbound,6.8,3872.0,Penguin Books Ltd,439,3.63,total:24635,Jane Green
2838,Pizza,tt0376827,0.0,0.0,2005.0,pizza,5.5,1161.0,Ryland Peters & Small,63,2.33,total:3,Silvana Franco
2839,When Santa Fell to Earth,tt1794725,0.0,0.0,2011.0,when santa fell to earth,5.5,300.0,Chicken House / Scholastic,167,3.76,total:2228,Cornelia Funke
2840,Standoff,tt3703908,10919091.781259991,0.0,2016.0,standoff,6.1,9559.0,Warner Vision Books,261,3.72,total:6980,Sandra Brown
2841,Manhunt,tt0327002,0.0,0.0,1976.0,manhunt,6.8,638.0,HarperTorch,219,3.7,total:13037,Janet Evanovich
2842,Shadows on the Wall,tt2601260,0.0,0.0,2014.0,shadows on the wall,4.9,384.0,Atheneum Books,165,3.56,total:64,Phyllis Reynolds Naylor
2843,Parade,tt1493070,0.0,0.0,2010.0,parade,7.2,687.0,Greenwillow Books,32,3.46,total:123,Donald Crews
2844,The Unseen,tt0083261,8317128.205128204,0.0,1980.0,the unseen,5.3,2524.0,Yearling,208,3.46,total:350,Zilpha Keatley Snyder
2845,Science Fiction,tt0314624,0.0,0.0,2002.0,science fiction,6.0,390.0,Routledge,168,3.7,total:158,Adam Roberts
2846,A perfect match,tt0472477,0.0,0.0,2007.0,a perfect match,6.4,531.0,Zebra Mass Paper,319,3.33,total:6,Meg-Lynn Roberts
2847,Everything Must Go,tt0131278,0.0,0.0,1996.0,everything must go,6.8,630.0,Mira Books,361,2.69,total:825,Elizabeth Flock
2848,The Forest,tt3387542,13648864.726574993,54671126.847457625,2016.0,the forest,4.8,47367.0,Ballantine Books,784,4.02,total:7762,Edward Rutherfurd
2849,Of Love and Other Demons,tt1206479,0.0,0.0,2009.0,of love and other demons,6.1,535.0,Penguin Group (USA),160,3.98,total:52921,Gabriel García Márquez
2850,Great Expectations,tt0167187,0.0,0.0,1999.0,great expectations,7.2,1990.0,Penguin Audio,3,3.77,total:622146,Charles Dickens
2851,Great Expectations,tt0167187,0.0,0.0,1999.0,great expectations,7.2,1990.0,Signet Classics,494,3.77,total:623762,Charles Dickens
2852,Great Expectations,tt0167187,0.0,0.0,1999.0,great expectations,7.2,1990.0,Brilliance Audio,518,3.77,total:623897,Charles Dickens
2853,Close Range,tt3511596,0.0,0.0,2015.0,close range,5.1,6015.0,Scribner,285,3.99,total:14324,Annie Proulx
2854,Don Quixote,tt0050326,0.0,0.0,1957.0,don quixote,7.3,1014.0,Ecco,940,3.87,total:197128,Miguel de Cervantes Saavedra
2855,Don Quixote,tt0050326,0.0,0.0,1957.0,don quixote,7.3,1014.0,Tantor Media,0,3.87,total:197715,Miguel de Cervantes Saavedra
2856,Bridge To Terabithia,tt0088853,0.0,0.0,1985.0,bridge to terabithia,5.9,816.0,HarperTeen,191,4.0,total:422564,Katherine Paterson
2857,David Golder,tt0020814,0.0,0.0,1931.0,david golder,7.0,376.0,Vintage Canada,176,3.66,total:1405,Irène Némirovsky
2858,The Golem,tt0027688,0.0,0.0,1936.0,the golem,6.2,285.0,Dedalus,264,3.88,total:5521,Gustav Meyrink
2859,The Forest,tt1517213,0.0,0.0,2009.0,the forest,6.6,131.0,Ballantine Books,784,4.02,total:7762,Edward Rutherfurd
2860,Blind Date,tt4466936,0.0,0.0,2015.0,blind date,6.6,7322.0,Grove Press,224,3.69,total:1174,Jerzy Kosiński
2861,Frankenstein,tt4086032,0.0,0.0,2015.0,frankenstein,5.1,3226.0,"Oxford University Press, USA",224,3.8,total:1106777,Mary Wollstonecraft Shelley
2862,Frankenstein,tt4086032,0.0,0.0,2015.0,frankenstein,5.1,3226.0,Dover Publications,166,3.8,total:1110135,Mary Wollstonecraft Shelley
2863,Strangers,tt1064215,0.0,0.0,2007.0,strangers,6.7,534.0,Berkley,704,4.0,total:41388,Dean Koontz
2864,The Chosen,tt4175888,0.0,0.0,2015.0,the chosen,3.5,2223.0,Random House Publishing Group,271,4.05,total:81501,Chaim Potok
2865,Gideon's Trumpet,tt0080789,0.0,0.0,1980.0,gideon's trumpet,7.1,1274.0,Vintage Books,264,3.91,total:2412,Anthony  Lewis
2866,Night Watch,tt0420136,0.0,0.0,2005.0,night watch,6.0,607.0,Xlibris,500,4.0,total:1,Suzanne Knecht
2867,Hell,tt0467628,0.0,0.0,2005.0,hell,4.2,423.0,Turtle Point Press,255,3.69,total:1639,Henri Barbusse
2868,Providence,tt4385026,0.0,0.0,2016.0,providence,7.8,86.0,Bantam,192,3.67,total:904,Daniel Quinn
2869,The Source,tt1686067,0.0,0.0,2011.0,the source,7.2,4329.0,"Random House, Inc.",1080,4.3,total:37855,James A. Michener
2870,Ghosts,tt0119194,0.0,0.0,1997.0,ghosts,7.5,6231.0,Picador,244,3.61,total:636,John Banville
2871,Ghosts,tt0119194,0.0,0.0,1997.0,ghosts,7.5,6231.0,Kessinger Publishing,92,3.84,total:11524,Henrik Ibsen
2872,The Weapon,tt0051184,0.0,0.0,1957.0,the weapon,6.2,472.0,Baen,656,4.06,total:1204,Michael Z. Williamson
2873,Stanley,tt0069308,0.0,0.0,1972.0,stanley,4.6,883.0,HarperCollins Publishers,64,3.62,total:158,Syd Hoff
2874,The Art of Love,tt0058920,0.0,0.0,1965.0,the art of love,6.1,1073.0,Indiana University Press,208,3.83,total:4586,Ovid
2875,Demons,tt0165473,0.0,0.0,1971.0,demons,7.9,3345.0,Vintage,733,4.27,total:35386,Fyodor Dostoyevsky
2876,Run,tt0411815,0.0,0.0,2004.0,run,5.0,1588.0,HarperLuxe,416,3.5700000000000003,total:37832,Ann Patchett
2877,Nightfall,tt0124811,0.0,0.0,1999.0,nightfall,7.0,233.0,Onyx,416,3.87,total:1217,Anne Stuart
2878,Nightfall,tt0124811,0.0,0.0,1999.0,nightfall,7.0,233.0,Bantam Books,339,4.05,total:29879,Isaac Asimov
2879,Alexander the Great,tt0081148,0.0,0.0,1980.0,alexander the great,7.4,1237.0,Ohio University Press,232,3.83,total:298,Nikos Kazantzakis
2880,Three Days,tt0103132,0.0,0.0,1992.0,three days,6.8,786.0,Puffin Books,160,3.56,total:900,Donna Jo Napoli
2881,Quiet Days in Clichy,tt0066407,0.0,0.0,1970.0,quiet days in clichy,5.1,1241.0,Grove Press,154,3.69,total:4228,Henry Miller
2882,Tess of the D'Urbervilles,tt0126100,0.0,0.0,1998.0,tess of the d'urbervilles,7.6,2202.0,Penguin Classics,518,3.8,total:229685,Thomas Hardy
2883,Tess of the D'Urbervilles,tt0126100,0.0,0.0,1998.0,tess of the d'urbervilles,7.6,2202.0,Simon & Schuster,446,3.8,total:229683,Thomas Hardy
2884,Tess of the D'Urbervilles,tt0126100,0.0,0.0,1998.0,tess of the d'urbervilles,7.6,2202.0,W. W. Norton & Company,467,3.8,total:230102,Thomas Hardy
2885,Forgive Me,tt0287092,0.0,0.0,2001.0,forgive me,7.0,95.0,Random House,256,3.45,total:1367,Amanda Eyre Ward
2886,Oblivion,tt1444306,0.0,0.0,2008.0,oblivion,7.4,106.0,Back Bay Books,329,4.07,total:11928,David Foster Wallace
2887,The Secret,tt0227458,0.0,0.0,2000.0,the secret,6.0,901.0,Hesperus Press,123,3.33,total:209,Charlotte Brontë
2888,The Cyclist,tt0092651,0.0,0.0,1987.0,the cyclist,7.2,2490.0,Simon  Schuster,192,3.75,total:223,Viken Berberian
2889,The Nun,tt1156326,0.0,0.0,2007.0,the nun,6.8,178.0,"Oxford University Press, USA",189,3.71,total:5249,Denis Diderot
2890,Fashion,tt0964516,7643914.900034877,0.0,2008.0,fashion,6.9,13598.0,National Geographic Society,239,4.5,total:14,Cathy Newman
2891,Loverboy,tt0349752,0.0,0.0,2003.0,loverboy,6.1,674.0,Avon Books,313,3.97,total:31,Richard Belsky
2892,Thank You,tt1720254,19210987.987539954,6012599.293810214,2011.0,thank you,4.9,6741.0,Lion Hudson,32,0.0,total:0,Olivia Warburton
2893,Ghost,tt2175671,0.0,0.0,2012.0,ghost,2.5,266.0,Tor Books,279,3.18,total:800,Piers Anthony
2894,The chosen,tt0492916,1627536.377320622,0.0,2006.0,the chosen,7.4,506.0,Random House Publishing Group,271,4.05,total:81501,Chaim Potok
2895,Skin,tt1095427,0.0,0.0,2008.0,skin,6.8,1114.0,Weekly Reader Early Learning Library,24,3.0,total:2,Cynthia Amoroso
2896,Swan Lake,tt0078349,0.0,0.0,1981.0,swan lake,7.6,1053.0,Houghton Mifflin (Jp),80,4.13,total:958,Mark Helprin
2897,Creature,tt3619854,0.0,0.0,2014.0,creature,3.3,1781.0,Bantam,416,3.84,total:10324,John Saul
2898,The Legend of Sleepy Hollow,tt0214874,0.0,0.0,1999.0,the legend of sleepy hollow,5.1,1364.0,Wildside Press,108,3.73,total:46297,Washington Irving
2899,Dreamland,tt0391095,0.0,0.0,2007.0,dreamland,3.5,1134.0,Speak,250,3.91,total:72358,Sarah Dessen
2900,Dreamland,tt0391095,0.0,0.0,2007.0,dreamland,3.5,1134.0,Harper Perennial,657,3.71,total:1657,Kevin Baker
2901,Plastic Jesus,tt0067585,0.0,0.0,1971.0,plastic jesus,6.5,276.0,Subterranean Press,105,3.58,total:453,Poppy Z. Brite
2902,Beast,tt1572501,0.0,0.0,2011.0,beast,5.6,630.0,Simon Pulse,272,3.45,total:6666,Donna Jo Napoli
2903,Darkness,tt2641152,0.0,0.0,2013.0,darkness,5.4,28.0,Bantam,373,3.94,total:19993,John Saul
2904,Mother,tt5437970,0.0,0.0,2016.0,mother,6.4,38.0,Citadel Press,406,3.93,total:11684,Maxim Gorky
2905,Mother,tt5437970,0.0,0.0,2016.0,mother,6.4,38.0,Echo Library,285,3.93,total:11707,Maxim Gorky
2906,And Then There Were None,tt3581932,0.0,0.0,0.0,and then there were none,7.8,47656.0,St. Martin's Press,264,4.26,total:740875,Agatha Christie
2907,Gold Coast,tt4038670,0.0,0.0,2015.0,gold coast,5.3,732.0,Random House Audio,0,4.08,total:24549,Nelson DeMille
2908,Evolution,tt4291590,0.0,0.0,2015.0,evolution,5.9,7935.0,Del Rey Books,646,3.98,total:2780,Stephen Baxter
2909,Happy Days,tt1214961,701778.2207169787,4210675.702060097,2007.0,happy days,7.9,6623.0,Grove/Atlantic,64,3.89,total:5220,Samuel Beckett
2910,Hide and Seek,tt2723176,0.0,0.0,2014.0,hide and seek,4.4,1365.0,,368,4.12,total:61320,James Patterson
2911,The Encounter,tt3746700,0.0,0.0,2015.0,the encounter,3.3,536.0,Dial Press,488,4.0,total:6,Malachi Martin
2912,The Gift,tt4126604,0.0,0.0,2014.0,the gift,6.6,242.0,Penguin Books,406,4.0,total:3146,Vladimir Nabokov
2913,The Gift,tt4126604,0.0,0.0,2014.0,the gift,6.6,242.0,"Little, Brown and Company",153,3.46,total:389,Pete Hamill
2914,Prague,tt0855975,0.0,0.0,2006.0,prague,6.7,3491.0,DK Publishing (Dorling Kindersley),272,4.15,total:265,Vladimír Soukup
2915,Prague,tt0855975,0.0,0.0,2006.0,prague,6.7,3491.0,,282,3.77,total:115,Neil Wilson
2916,Creature,tt0156205,0.0,0.0,1998.0,creature,5.1,3128.0,Bantam,416,3.84,total:10324,John Saul
2917,Checkpoint,tt0391857,0.0,0.0,2003.0,checkpoint,7.8,561.0,Vintage,128,2.88,total:828,Nicholson Baker
2918,Faust,tt0163624,0.0,0.0,1960.0,faust,7.4,723.0,W.W. Norton & Company,752,3.96,total:29391,Johann Wolfgang von Goethe
2919,Faust,tt0163624,0.0,0.0,1960.0,faust,7.4,723.0,Hesperus Press,92,3.83,total:343,Ivan Turgenev
2920,Hunger,tt0237320,18471.981776765377,0.0,2001.0,hunger,7.7,72.0,Penguin Books,192,3.92,total:1091,Lan Samantha Chang
2921,The Rescue,tt0200293,0.0,0.0,1971.0,the rescue,6.5,56.0,Grand Central Publishing,352,4.11,total:164257,Nicholas Sparks
2922,Zoom,tt3763866,0.0,0.0,2015.0,zoom,6.0,3086.0,Puffin Books,64,4.3,total:3361,Istvan Banyai
2923,Rhinoceros,tt0848381,0.0,0.0,1964.0,rhinoceros,6.6,135.0,Copper Canyon Press,96,4.0,total:2,Kevin Ducey
2924,Paterson,tt5247022,6824432.363287496,2938242.9753757594,2016.0,paterson,7.3,93760.0,Cátedra,336,4.15,total:2659,William Carlos Williams
2925,Enchantment,tt0012136,0.0,0.0,1921.0,enchantment,6.3,334.0,Del Rey,422,3.9,total:25262,Orson Scott Card
2926,The Good Neighbor,tt2262315,0.0,0.0,2016.0,the good neighbor,6.3,19637.0,Alyson Books,304,3.73,total:259,Jay Quinn
2927,Kitchen,tt0190508,0.0,0.0,1965.0,kitchen,6.6,56.0,Grove Press,152,3.86,total:44792,Banana Yoshimoto
2928,Dreamland,tt4562728,0.0,0.0,2016.0,dreamland,5.7,615.0,Speak,250,3.91,total:72358,Sarah Dessen
2929,Dreamland,tt4562728,0.0,0.0,2016.0,dreamland,5.7,615.0,Harper Perennial,657,3.71,total:1657,Kevin Baker
2930,Mary Shelley,tt3906082,0.0,0.0,2018.0,mary shelley,6.4,19079.0,Grove Press,672,4.01,total:293,Miranda Seymour
2931,Imagining Argentina,tt0314197,0.0,0.0,2003.0,imagining argentina,6.1,3632.0,Bantam,240,4.05,total:1175,Lawrence Thornton
2932,Embers,tt3503460,0.0,0.0,2015.0,embers,5.4,2354.0,Penguin,249,3.97,total:16868,Sándor Márai
2933,Laughing Gas,tt0004210,0.0,0.0,1914.0,laughing gas,5.6,1734.0,Harry N. Abrams,286,3.88,total:2110,P.G. Wodehouse
2934,The Rescue,tt0095981,0.0,0.0,1988.0,the rescue,5.5,1434.0,Grand Central Publishing,352,4.11,total:164257,Nicholas Sparks
2935,Freedom,tt0928385,0.0,0.0,2006.0,freedom,7.2,482.0,,72,3.8,total:5,Michael W.  Smith
2936,The Diary of Anne Frank,tt0112862,0.0,0.0,1995.0,the diary of anne frank,6.7,323.0,Dramatists Play Service,70,4.06,total:7401,Frances Goodrich
2937,Dust,tt1094277,0.0,0.0,2008.0,dust,6.3,159.0,Laurel Leaf,192,3.53,total:1426,Arthur Slade
2938,Revenge,tt0078162,0.0,0.0,1978.0,revenge,7.7,838.0,St. Martin's Press,240,3.5700000000000003,total:70,Mary Morris
2939,Ali Baba and the Forty Thieves,tt0046695,0.0,0.0,1954.0,ali baba and the forty thieves,6.0,1543.0,Usborne Books,48,3.73,total:744,Anonymous
2940,Lullaby,tt5208584,0.0,0.0,2015.0,lullaby,8.1,15.0,Vintage,260,3.73,total:86968,Chuck Palahniuk
2941,The Confession,tt3253740,0.0,0.0,2011.0,the confession,0.0,0.0,William Morrow,384,3.37,total:211,James E. McGreevey
2942,Side Effects,tt0438427,0.0,0.0,2005.0,side effects,4.8,1183.0,Roaring Brook Press,144,3.87,total:961,Amy Goldman Koss
2943,Frozen Stiff,tt0301634,0.0,0.0,2002.0,frozen stiff,8.3,10722.0,Yearling,160,3.63,total:233,Sherry Shahan
2944,A Little Night Music,tt0331282,365073.7197523917,522055.4192459201,2002.0,a little night music,7.0,2089.0,Berkley Trade,179,3.0,total:1,Lee  Williams
2945,Labyrinth,tt0297247,0.0,0.0,2002.0,labyrinth,7.0,2486.0,Fawcett,384,3.97,total:105,Jon Land
2946,Red Dust,tt0210629,0.0,0.0,1999.0,red dust,6.7,522.0,W. W. Norton  Company,352,3.6,total:436,Gillian Slovo
2947,Just Between Us,tt1318029,0.0,0.0,2010.0,just between us,6.6,1111.0,Gallery Books,544,3.81,total:2451,Cathy Kelly
2948,The Living and the Dead,tt0449671,0.0,0.0,2007.0,the living and the dead,6.0,1043.0,Random House Value Publishing,0,4.01,total:166,Paul Hendrickson
2949,The BFG,tt3691740,191084106.17204988,250245914.2475216,2016.0,the bfg,6.3,97954.0,HarperCollins Publishers,4,4.23,total:344834,Roald Dahl
2950,The BFG,tt3691740,191084106.17204988,250245914.2475216,2016.0,the bfg,6.3,97954.0,Puffin Books,208,4.23,total:346510,Roald Dahl
2951,Pollyanna,tt0314519,0.0,0.0,2003.0,pollyanna,7.5,1395.0,Hard Press,170,3.98,total:73752,Eleanor H. Porter
2952,The Magic City,tt0135534,0.0,0.0,1955.0,the magic city,7.2,431.0,SeaStar Books,212,3.96,total:1848,E. Nesbit
2953,Second Nature,tt0326121,0.0,0.0,2003.0,second nature,5.4,863.0,Delta,304,3.93,total:6431,Michael Pollan
2954,The Pilot's Wife,tt0289390,0.0,0.0,2005.0,the pilot's wife,5.7,919.0,Back Bay Books,304,3.52,total:85541,Anita Shreve
2955,The Pilot's Wife,tt0289390,0.0,0.0,2005.0,the pilot's wife,5.7,919.0,Random House Audio,0,3.53,total:85652,Anita Shreve
2956,Fear Itself,tt4573906,0.0,0.0,2015.0,fear itself,6.2,411.0,Phoenix (Orion Books),316,3.96,total:1617,Walter Mosley
2957,War and Peace,tt0495055,0.0,0.0,2007.0,war and peace,7.2,2141.0,Oxford University Press,1392,4.12,total:250130,Leo Tolstoy
2958,Someone to Run With,tt0834955,0.0,0.0,2006.0,someone to run with,7.2,731.0,Picador,343,4.14,total:5478,David Grossman
2959,Seven,tt0079882,0.0,0.0,1979.0,seven,5.8,1014.0,Digital Manga Publishing,176,3.35,total:117,Momoko Tenzen
2960,Abzurdah,tt4413338,0.0,0.0,2015.0,abzurdah,5.4,2359.0,Planeta Publishing,290,3.05,total:3451,Cielo Latini
2961,Freedom,tt0083971,0.0,0.0,1982.0,freedom,6.1,140.0,,72,3.8,total:5,Michael W.  Smith
2962,Camille,tt0012027,0.0,0.0,1921.0,camille,6.5,1120.0,Oberon Books,102,3.5,total:12,Neil Bartlett
2963,The Gambler,tt2924336,0.0,0.0,2013.0,the gambler,7.1,1772.0,Modern Library,188,3.89,total:49689,Fyodor Dostoyevsky
2964,The Gambler,tt2924336,0.0,0.0,2013.0,the gambler,7.1,1772.0,W. W. Norton  Company,192,3.89,total:49973,Fyodor Dostoyevsky
2965,A Midsummer Night's Dream,tt5051278,0.0,0.0,2016.0,a midsummer night's dream,6.4,898.0,Signet Book,162,3.94,total:428449,William Shakespeare
2966,Alexander Hamilton,tt0021595,0.0,0.0,1931.0,alexander hamilton,5.8,351.0,Penguin Books,818,4.23,total:111215,Ron Chernow
2967,The Witness,tt3568002,0.0,0.0,2015.0,the witness,7.0,4737.0,Barbour Publishing,224,4.14,total:661,Grace Livingston Hill
2968,Prey,tt0086872,0.0,0.0,1977.0,prey,5.3,1736.0,Leisure Books,352,3.83,total:1004,Graham Masterton
2969,Hard Sell,tt3257550,0.0,0.0,2016.0,hard sell,5.6,999.0,Ace,268,3.39,total:705,Piers Anthony
2970,The Caretaker,tt0871026,0.0,0.0,2008.0,the caretaker,3.4,555.0,Dramatists Play Service,43,3.7,total:3073,Harold Pinter
2971,The Hive,tt1062161,0.0,0.0,2008.0,the hive,3.2,2014.0,The Noonday Press,256,3.77,total:5455,Camilo José Cela
2972,Double Identity,tt1290400,0.0,0.0,2009.0,double identity,4.5,2880.0,Simon  Schuster Books for Young Readers,224,4.02,total:15065,Margaret Peterson Haddix
2973,Thirst,tt0080016,0.0,0.0,1979.0,thirst,5.7,2025.0,Beacon Press,88,4.36,total:4223,Mary Oliver
2974,Lights Out,tt4786282,6687943.716021746,203189059.0917813,2016.0,lights out,6.3,150192.0,Fawcett Books,352,3.65,total:273,Peter Abrahams
2975,Hide and Seek,tt3155654,0.0,0.0,2013.0,hide and seek,6.3,2567.0,,368,4.12,total:61320,James Patterson
2976,First Light,tt3530970,0.0,0.0,2015.0,first light,6.2,220.0,Grove Press,336,3.5,total:342,Peter Ackroyd
2977,Night Train,tt1032941,0.0,0.0,2008.0,night train,6.4,729.0,Roaring Brook Press,32,3.26,total:58,Caroline Stutson
2978,The Journey,tt3144678,1681891.8091870388,0.0,2014.0,the journey,7.3,643.0,Pan Australia,186,3.31,total:287,John Marsden
2979,The Journey,tt0119422,0.0,0.0,1997.0,the journey,7.2,109.0,Pan Australia,186,3.31,total:287,John Marsden
2980,The Journey,tt0210777,923599.0888382688,0.0,2001.0,the journey,7.0,218.0,Pan Australia,186,3.31,total:287,John Marsden
2981,Distracted,tt0072884,0.0,0.0,1970.0,distracted,6.2,1853.0,Tuumba Press,134,4.11,total:19,Jalal Toufic
2982,Nerve,tt3531824,25932842.980492484,116344964.79948832,2016.0,nerve,6.5,145734.0,Jove,320,4.04,total:4222,Dick Francis
2983,The Return,tt0081421,0.0,0.0,1980.0,the return,3.7,1018.0,Hesperus Press,75,3.61,total:213,Joseph Conrad
2984,Alice in Wonderland,tt0000420,0.0,0.0,1903.0,alice in wonderland,6.2,3109.0,Gramercy Books,92,4.03,total:367242,Jane Carruth
2985,Alice in Wonderland,tt0000420,0.0,0.0,1903.0,alice in wonderland,6.2,3109.0,Scholastic Paperbacks,160,4.02,total:214824,Lewis Carroll
2986,The Book of Daniel,tt3120944,0.0,0.0,2013.0,the book of daniel,6.1,1640.0,Modern Library,320,3.86,total:4795,E.L. Doctorow
2987,Friday,tt5311004,0.0,0.0,2016.0,friday,6.2,1147.0,Del Rey,384,3.84,total:25749,Robert A. Heinlein
2988,Rebirth,tt4902716,0.0,0.0,2016.0,rebirth,5.0,6070.0,Del Rey,185,3.93,total:40730,John Wyndham
2989,Batman: The Killing Joke,tt4853102,4777102.654301248,5152446.43428206,2016.0,batman: the killing joke,6.4,64716.0,DC Comics,50,4.37,total:161445,Alan Moore
2990,The Presence,tt2624866,55143.99374383734,0.0,2014.0,the presence,4.1,1562.0,Ballantine Books,432,3.76,total:3092,John Saul
2991,The Far Pavilions,tt0086711,0.0,0.0,1984.0,the far pavilions,7.0,945.0,Random House Value Publishing,0,4.21,total:39071,M.M. Kaye
2992,Around the World in 80 Days,tt0096535,0.0,0.0,1989.0,around the world in 80 days,7.1,3777.0,Listening Library,280,3.93,total:175382,Jules Verne
2993,Around the World in 80 Days,tt0096535,0.0,0.0,1989.0,around the world in 80 days,7.1,3777.0,Spotlight,236,3.98,total:5370,Marian Leighton
2994,Greyfriars Bobby,tt0435597,0.0,0.0,2005.0,greyfriars bobby,6.3,722.0,Andersen Press Ltd,32,4.07,total:107,Ruth Brown
2995,River,tt4215810,0.0,0.0,2016.0,river,6.0,2388.0,HMH Books for Young Readers,32,3.88,total:16,Debby Atwell
2996,The Cherry Orchard,tt0144134,9.847237401335764,265.8754098360656,1999.0,the cherry orchard,6.3,734.0,Bloomsbury Methuen Drama,96,3.68,total:27867,Anton Chekhov
2997,Robinson Crusoe,tt4731008,18425967.38087624,4562401.917492804,2016.0,robinson crusoe,5.4,6960.0,Modern Library,320,3.67,total:237505,Daniel Defoe
2998,Robinson Crusoe,tt4731008,18425967.38087624,4562401.917492804,2016.0,robinson crusoe,5.4,6960.0,Atheneum Books,51,3.5,total:20,Timothy Meis
2999,Blood Moon,tt3189648,0.0,0.0,2016.0,blood moon,4.2,148.0,Western Front,358,2.8200000000000003,total:45,Hal Lindsey
3000,Body,tt3732950,0.0,0.0,2015.0,body,5.2,2625.0,Gallimard,278,3.91,total:1057,Harry Crews
3001,Youth,tt2670524,0.0,0.0,2013.0,youth,6.1,387.0,Penguin Books,176,3.79,total:6223,J.M. Coetzee
3002,The Little House,tt2530392,0.0,0.0,2014.0,the little house,7.3,1529.0,HarperCollins Publishers,368,3.68,total:2466,Philippa Gregory
3003,Anne of Green Gables,tt4820224,0.0,0.0,2016.0,anne of green gables,6.5,1783.0,Sterling,312,4.26,total:684282,L.M. Montgomery
3004,Anne of Green Gables,tt4820224,0.0,0.0,2016.0,anne of green gables,6.5,1783.0,"Oxford University Press, USA",56,4.03,total:242,Clare West
3005,The Edge,tt0061612,0.0,0.0,1968.0,the edge,6.2,88.0,G.P. Putnam's Sons,368,4.02,total:4481,Dick Francis
3006,The Children,tt0087205,0.0,0.0,1985.0,the children,6.6,212.0,Virago,368,3.73,total:705,Edith Wharton
3007,Endgame,tt0216736,0.0,0.0,2000.0,endgame,7.5,367.0,HMH Books for Young Readers,304,3.75,total:806,Nancy Garden
3008,Endgame,tt2941396,0.0,0.0,2015.0,endgame,5.4,402.0,HMH Books for Young Readers,304,3.75,total:806,Nancy Garden
3009,The Other Side,tt4610244,0.0,0.0,2015.0,the other side,6.7,1376.0,Random House Value Publishing,0,3.14,total:151,Mary Gordon
3010,The Other Side,tt4610244,0.0,0.0,2015.0,the other side,6.7,1376.0,Chronicle Books (CA),48,4.01,total:294,Istvan Banyai
3011,Paradise,tt4856674,0.0,0.0,2015.0,paradise,6.1,140.0,Plume (Penguin Books Ltd),318,3.8,total:22167,Toni Morrison
3012,Paradise,tt4856674,0.0,0.0,2015.0,paradise,6.1,140.0,Bloomsbury,249,3.5,total:606,Abdulrazak Gurnah
3013,The Ranch,tt0329913,0.0,0.0,2004.0,the ranch,5.2,755.0,Random House Audio,0,3.79,total:6091,Danielle Steel
3014,The Ranch,tt0329913,0.0,0.0,2004.0,the ranch,5.2,755.0,Dell,496,3.79,total:6094,Danielle Steel
3015,Scarlett,tt0108915,0.0,0.0,1994.0,scarlett,6.3,3603.0,Grand Central Publishing,896,3.51,total:50264,Alexandra Ripley
3016,The Dogs of Riga,tt0113359,0.0,0.0,1995.0,the dogs of riga,5.5,881.0,Blackstone Audiobooks,9,3.72,total:21942,Henning Mankell
3017,Fools on the Hill,tt1826692,0.0,0.0,2012.0,fools on the hill,8.1,68.0,Pocket Books,342,3.0,total:1,Preston Lerner
3018,The Sea of Trees,tt3450900,0.0,0.0,2016.0,the sea of trees,6.1,19467.0,Mariner Books,240,3.9,total:52,Yannick Murphy
3019,Gargoyles,tt0068622,0.0,0.0,1972.0,gargoyles,5.9,4214.0,Vintage International,208,3.93,total:1557,Thomas Bernhard
3020,The Forest,tt0122070,0.0,0.0,1982.0,the forest,3.9,1716.0,Ballantine Books,784,4.02,total:7762,Edward Rutherfurd
3021,The Forest,tt1488602,2.9329752652732752,0.0,2011.0,the forest,3.1,179.0,Ballantine Books,784,4.02,total:7762,Edward Rutherfurd
3022,The Forest,tt0210971,0.0,0.0,2002.0,the forest,5.6,309.0,Ballantine Books,784,4.02,total:7762,Edward Rutherfurd
3023,Out of This World,tt0037964,0.0,0.0,1945.0,out of this world,6.3,187.0,Jove Books,357,4.07,total:6317,J.D. Robb
3024,The Suspect,tt0073734,0.0,0.0,1975.0,the suspect,6.5,150.0,Dutton,390,3.85,total:2658,John Lescroart
3025,The Search,tt2177827,34464996.08989833,0.0,2014.0,the search,6.8,3101.0,Gollancz,192,4.0,total:2,Iain Crichton Smith
3026,The Search,tt2177827,34464996.08989833,0.0,2014.0,the search,6.8,3101.0,Anchor,133,3.76,total:2902,Naguib Mahfouz
3027,The Jungle,tt2444092,0.0,0.0,2013.0,the jungle,3.7,1037.0,Replica Books,424,3.74,total:126085,Upton Sinclair
3028,The Jungle,tt2444092,0.0,0.0,2013.0,the jungle,3.7,1037.0,Modern Library,416,3.74,total:126233,Upton Sinclair
3029,Last Summer,tt2719868,0.0,0.0,2013.0,last summer,5.6,1203.0,Kensington,432,4.0,total:691,Michael Thomas Ford
3030,El Paso,tt0041332,0.0,0.0,1949.0,el paso,5.9,513.0,St. Martin's Paperbacks,256,3.37,total:27,Matt Braun
3031,Naked,tt4336182,0.0,0.0,2014.0,naked,0.0,0.0,Turtleback Books,291,4.09,total:229698,David Sedaris
3032,Naked,tt4336182,0.0,0.0,2014.0,naked,0.0,0.0,Hachette Audio,3,4.09,total:230058,David Sedaris
3033,The Promise,tt4776998,0.0,0.0,2017.0,the promise,6.1,180036.0,Anchor Books,368,4.15,total:12132,Chaim Potok
3034,The Promise,tt4776998,0.0,0.0,2017.0,the promise,6.1,180036.0,Moyer Bell and its subsidiaries,256,4.01,total:375,Pearl S. Buck
3035,Christine,tt4666726,0.0,0.0,2016.0,christine,6.9,17664.0,LGF,411,3.78,total:190194,Stephen King
3036,The End of Time,tt2176504,0.0,0.0,2012.0,the end of time,6.1,432.0,University Press of New England,390,3.69,total:29,Damian Thompson
3037,The Piano Tuner,tt1907704,0.0,0.0,2011.0,the piano tuner,8.0,2462.0,University of Georgia Press,168,3.74,total:31,Peter Meinke
3038,Daisy-Head Mayzie,tt0111933,0.0,0.0,1995.0,daisy-head mayzie,6.3,254.0,Random House Books for Young Readers,56,3.87,total:3322,Dr. Seuss
3039,Horton Hears a Who!,tt0198545,0.0,0.0,1970.0,horton hears a who!,7.3,2229.0,Random House Books for Young Readers,64,4.18,total:93580,Dr. Seuss
3040,Horton Hatches the Egg,tt0034870,0.0,0.0,1942.0,horton hatches the egg,7.3,734.0,Harpercollins Children's Books,64,4.17,total:40085,Dr. Seuss
3041,The Confessions,tt4647784,0.0,0.0,2016.0,the confessions,6.1,2036.0,Hendrickson,360,3.92,total:43336,Augustine of Hippo
3042,White People,tt2172095,0.0,0.0,2015.0,white people,4.4,428.0,Vintage,272,3.9,total:486,Allan Gurganus
3043,Small Island,tt1315058,0.0,0.0,2009.0,small island,7.5,1689.0,Picador USA,441,3.95,total:25740,Andrea Levy
3044,Three Days,tt0301935,0.0,0.0,2001.0,three days,6.8,1263.0,Puffin Books,160,3.56,total:900,Donna Jo Napoli
3045,The Karamazov Brothers,tt1080716,0.0,0.0,2008.0,the karamazov brothers,7.5,1293.0,Oxford University Press,1054,4.32,total:228811,Fyodor Dostoyevsky
3046,Brotherly Love,tt3262990,2625376.256139588,0.0,2015.0,brotherly love,6.5,2219.0,Random House Value Publishing,0,3.81,total:558,Pete Dexter
3047,Kicks,tt4254584,0.0,0.0,2016.0,kicks,6.4,4682.0,Fawcett,10,3.47,total:123,Janet Fitch
3048,Flowers of Evil,tt5072350,0.0,0.0,2016.0,flowers of evil,5.0,496.0,New Directions,448,4.26,total:45824,Charles Baudelaire
3049,Mansfield Park,tt0847182,0.0,0.0,2007.0,mansfield park,6.2,7830.0,Miramax Books,432,3.86,total:273521,Jane Austen
3050,Mansfield Park,tt0847182,0.0,0.0,2007.0,mansfield park,6.2,7830.0,Barnes  Noble Classics,427,3.86,total:274028,Jane Austen
3051,Perfect Match,tt4526950,0.0,0.0,2015.0,perfect match,6.0,2257.0,Atria Books,368,3.95,total:63565,Jodi Picoult
3052,Perfect Match,tt4526950,0.0,0.0,2015.0,perfect match,6.0,2257.0,Allen & Unwin,368,3.95,total:63651,Jodi Picoult
3053,Sense and Sensibility,tt0089991,0.0,0.0,1981.0,sense and sensibility,6.7,1098.0,"Oxford University Press, USA",446,4.07,total:917623,Jane Austen
3054,Sense and Sensibility,tt0089991,0.0,0.0,1981.0,sense and sensibility,6.7,1098.0,AudioGO,0,4.07,total:917839,Jane Austen
3055,Sense and Sensibility,tt0089991,0.0,0.0,1981.0,sense and sensibility,6.7,1098.0,Signet Classics,314,4.07,total:919827,Jane Austen
3056,Jane Eyre,tt0085037,0.0,0.0,1983.0,jane eyre,8.0,3973.0,Penguin,532,4.12,total:1548529,Charlotte Brontë
3057,Jane Eyre,tt0085037,0.0,0.0,1983.0,jane eyre,8.0,3973.0,Signet Classics,462,4.12,total:1553077,Charlotte Brontë
3058,Jane Eyre,tt0085037,0.0,0.0,1983.0,jane eyre,8.0,3973.0,Turtleback Books,461,4.12,total:1553399,Charlotte Brontë
3059,Persuasion,tt0066702,0.0,0.0,1971.0,persuasion,6.5,635.0,Oxford University Press,249,4.14,total:498446,Jane Austen
3060,Persuasion,tt0066702,0.0,0.0,1971.0,persuasion,6.5,635.0,Penguin,400,4.14,total:499902,Jane Austen
3061,Emma,tt0068068,0.0,0.0,1972.0,emma,6.7,646.0,Penguin Books,474,4.0,total:609938,Jane Austen
3062,Love Is Blind,tt2534648,0.0,0.0,2013.0,love is blind,7.3,1010.0,Leisure Books,342,3.99,total:4089,Lynsay Sands
3063,Demons,tt2225324,0.0,0.0,2012.0,demons,7.2,257.0,Vintage,733,4.27,total:35386,Fyodor Dostoyevsky
3064,Baseball,tt0108700,0.0,0.0,1994.0,baseball,9.2,5091.0,DK Publishing (Dorling Kindersley),63,3.8,total:60,James Kelley
3065,Inferno,tt3062096,102366485.44931243,300304040.106172,2016.0,inferno,6.2,199171.0,Modern Library,490,4.0,total:134162,Dante Alighieri
3066,Titus Andronicus,tt0090178,0.0,0.0,1985.0,titus andronicus,7.6,208.0,Simon  Schuster,268,3.7,total:22718,William Shakespeare
3067,Wild Oats,tt1655461,0.0,0.0,2016.0,wild oats,5.7,4982.0,Chappell Plays,63,3.58,total:12,James McLure
3068,Pedro Páramo,tt0062108,0.0,0.0,1967.0,pedro páramo,7.0,431.0,Anagrama,122,4.06,total:38236,Juan Rulfo
3069,The Forgotten,tt2145909,1994765.043691136,0.0,2014.0,the forgotten,5.3,751.0,Schocken Books Inc,320,3.94,total:581,Elie Wiesel
3070,Obsessed,tt0105041,0.0,0.0,1992.0,obsessed,5.7,584.0,Oasis Audio,0,3.91,total:7712,Ted Dekker
3071,Silence,tt1731755,3079624.028536939,0.0,2011.0,silence,6.6,475.0,Taplinger Publishing Company,219,4.08,total:22967,Shūsaku Endō
3072,Fritz Lang,tt5520618,0.0,0.0,2016.0,fritz lang,6.3,389.0,Da Capo Press,416,3.88,total:41,Lotte H. Eisner
3073,Sense and Sensibility,tt0254768,0.0,0.0,1971.0,sense and sensibility,6.5,257.0,"Oxford University Press, USA",446,4.07,total:917623,Jane Austen
3074,Sense and Sensibility,tt0254768,0.0,0.0,1971.0,sense and sensibility,6.5,257.0,AudioGO,0,4.07,total:917839,Jane Austen
3075,Sense and Sensibility,tt0254768,0.0,0.0,1971.0,sense and sensibility,6.5,257.0,Signet Classics,314,4.07,total:919827,Jane Austen
3076,Confessions of an Ugly Stepsister,tt0267384,0.0,0.0,2002.0,confessions of an ugly stepsister,6.6,958.0,William Morrow Paperbacks,372,3.53,total:56167,Gregory Maguire
3077,Borrowed Time,tt4874696,0.0,0.0,2015.0,borrowed time,7.5,4738.0,Delta,432,3.76,total:1241,Robert Goddard
3078,Gunslinger,tt0049287,0.0,0.0,1956.0,gunslinger,3.8,1909.0,Duke University Press Books,224,4.11,total:266,Ed Dorn
3079,The Ring,tt0115150,0.0,0.0,1996.0,the ring,7.2,1007.0,Xlibris,260,3.43,total:291,Piers Anthony
3080,Mars,tt0137094,9010222.222222222,0.0,1998.0,mars,3.9,594.0,"Collector's Guide Publishing, Inc.",96,2.0,total:1,Robert Godwin
3081,Flowers for Algernon,tt0210044,0.0,0.0,2000.0,flowers for algernon,6.6,2100.0,Harvest Books,311,4.13,total:454065,Daniel Keyes
3082,Flatland,tt0814106,0.0,0.0,2007.0,flatland,6.8,912.0,Oxford University Press,176,3.82,total:50336,Edwin A. Abbott
3083,Four Mothers,tt0033628,0.0,0.0,1941.0,four mothers,6.2,370.0,Picador,276,3.69,total:327,Shifra Horn
3084,Risk,tt4964772,0.0,0.0,2017.0,risk,6.3,2424.0,G.P. Putnam's Sons,272,3.95,total:3140,Dick Francis
3085,Risk,tt4964772,0.0,0.0,2017.0,risk,6.3,2424.0,Fawcett,288,3.95,total:3146,Dick Francis
3086,Risk,tt4964772,0.0,0.0,2017.0,risk,6.3,2424.0,Routledge,240,3.69,total:48,John Adams
3087,Heartstone,tt4613254,0.0,0.0,2016.0,heartstone,7.4,6681.0,HarperTorch,404,3.75,total:1409,Phillip Margolin
3088,Vice and Virtue,tt0056658,0.0,0.0,1963.0,vice and virtue,6.0,445.0,Wings,864,3.67,total:66,Jane Feather
3089,Invisible,tt4660248,0.0,0.0,2016.0,invisible,5.4,150.0,Simon Pulse,160,3.84,total:2428,Pete Hautman
3090,Godless,tt5451054,0.0,0.0,2017.0,godless,6.1,750.0,Simon  Schuster Books for Young Readers,208,3.6,total:4375,Pete Hautman
3091,The Secret Garden,tt0093935,0.0,0.0,1987.0,the secret garden,7.1,2032.0,Dover Publications,256,4.13,total:844700,Frances Hodgson Burnett
3092,The Wish List,tt1498574,0.0,0.0,2010.0,the wish list,6.2,1051.0,Scholastic Inc.,252,3.77,total:15732,Eoin Colfer
3093,The Odyssey,tt1659619,29158069.715382155,0.0,2016.0,the odyssey,6.6,6462.0,Penguin Classics,541,3.76,total:829841,Homer
3094,The Odyssey,tt1659619,29158069.715382155,0.0,2016.0,the odyssey,6.6,6462.0,Viking,541,3.76,total:831670,Homer
3095,Fences,tt2671706,32757275.34377998,87918835.92836584,2016.0,fences,7.2,123612.0,Theatre Communications Group,92,3.88,total:16695,August Wilson
3096,Money,tt4715356,0.0,0.0,2016.0,money,5.5,3164.0,Vintage,394,3.71,total:22344,Martin Amis
3097,Mercy,tt5710042,0.0,0.0,2016.0,mercy,4.2,3806.0,Washington Square Press,400,3.58,total:46658,Jodi Picoult
3098,The Matchbreaker,tt4269746,0.0,0.0,2016.0,the matchbreaker,5.6,2984.0,Berkley Trade,352,3.58,total:805,Chris Manby
3099,Twilight of the Dark Master,tt0279487,0.0,0.0,1998.0,twilight of the dark master,5.5,649.0,Digital Manga Publishing,217,3.56,total:16,Saki Okuse
3100,My Family and Other Animals,tt0482552,0.0,0.0,2005.0,my family and other animals,7.3,2049.0,House of Stratus,400,4.25,total:35702,Gerald Durrell
3101,Strangled,tt4975280,0.0,0.0,2016.0,strangled,7.0,6777.0,Atria Books,343,3.72,total:93,Brian McGrory
3102,Omertà,tt2229319,0.0,0.0,2012.0,omertà,5.8,589.0,Suma,488,3.71,total:13881,Mario Puzo
3103,The Caretaker,tt3109072,0.0,0.0,2016.0,the caretaker,4.1,874.0,Dramatists Play Service,43,3.7,total:3073,Harold Pinter
3104,The Master and Margarita,tt0110476,0.0,0.0,1994.0,the master and margarita,6.4,760.0,Penguin Classics,412,4.3,total:224437,Mikhail Bulgakov
3105,Dog,tt0340078,0.0,0.0,2001.0,dog,6.6,1066.0,Candlewick,192,3.93,total:1256,Daniel Pennac
3106,Monster Trucks,tt3095734,170610809.08218738,88026872.15222257,2016.0,monster trucks,5.7,20103.0,First Avenue Editions (Tm),32,4.0,total:30,Kristin L. Nelson
3107,Hunting Season,tt1668191,0.0,0.0,2010.0,hunting season,7.4,38649.0,St. Martin's Paperbacks,528,3.99,total:566,P.T. Deutermann
3108,The Beckoning Silence,tt1101637,0.0,0.0,2007.0,the beckoning silence,7.4,1453.0,Mountaineers Books,315,4.05,total:2062,Joe Simpson
3109,Silk,tt0091957,0.0,0.0,1986.0,silk,4.0,585.0,Vintage Books USA,91,3.84,total:34333,Alessandro Baricco
3110,Lucky Girl,tt0279204,0.0,0.0,2001.0,lucky girl,6.4,1534.0,Red Dress Ink,343,3.53,total:330,Fiona Gibson
3111,Special Delivery,tt0206312,0.0,0.0,1978.0,special delivery,7.3,1189.0,Dell,229,3.82,total:5984,Danielle Steel
3112,Every Second Counts,tt1391581,0.0,0.0,2009.0,every second counts,6.0,315.0,Yellow Jersey,246,3.52,total:4215,Lance Armstrong
3113,Chocolat,tt4400038,25250399.744163737,0.0,2016.0,chocolat,7.0,8551.0,Soundings,10,3.96,total:106961,Joanne Harris
3114,Dog,tt4602818,0.0,0.0,2015.0,dog,6.6,330.0,Candlewick,192,3.93,total:1256,Daniel Pennac
3115,Beauty and the Beast,tt2771200,213033848.07362345,1681484600.316955,2017.0,beauty and the beast,7.1,353174.0,Seastar Books,48,4.34,total:5862,Marianna Mayer
3116,The Island,tt1566601,0.0,0.0,2009.0,the island,6.5,3537.0,Scholastic Paperbacks,208,3.72,total:1503,Gary Paulsen
3117,Call Me by Your Name,tt5726616,6253571.329277803,0.0,2017.0,call me by your name,7.8,348411.0,"Farrar, Straus and Giroux",248,4.27,total:165283,André Aciman
3118,Ghost in the Shell,tt1219827,146460770.55061612,226084729.0057713,2017.0,ghost in the shell,6.3,237081.0,Titan,368,4.18,total:9990,Masamune Shirow
3119,The Feast of the Goat,tt0428532,0.0,0.0,2006.0,the feast of the goat,6.4,914.0,Picador USA,482,4.27,total:23973,Mario Vargas Llosa
3120,Pearl,tt5599918,0.0,0.0,2016.0,pearl,6.9,2144.0,Anchor,368,3.19,total:546,Mary Gordon
3121,Lavender,tt4680980,0.0,0.0,2017.0,lavender,5.4,9312.0,Redfeather Book from Henry Holt,40,3.23,total:26,Karen Hesse
3122,The Book of Love,tt1330018,0.0,0.0,2017.0,the book of love,6.0,4988.0,W. W. Norton  Company,864,4.19,total:64,Diane Ackerman
3123,The Stranger,tt0070742,0.0,0.0,1973.0,the stranger,3.7,731.0,HMH Books for Young Readers,32,4.09,total:2870,Chris Van Allsburg
3124,Black Snow,tt5614612,5325846.201840586,1917304.632662611,2017.0,black snow,6.2,6254.0,Vintage Books,192,3.77,total:3025,Mikhail Bulgakov
3125,Mine,tt3707104,0.0,0.0,2016.0,mine,5.8,22538.0,Pocket Books,496,3.9,total:9675,Robert R. McCammon
3126,In Dubious Battle,tt4411618,19971923.2569022,0.0,2017.0,in dubious battle,6.0,4686.0,Penguin Classics,304,3.89,total:11083,John Steinbeck
3127,The Tribe,tt3953186,0.0,0.0,2016.0,the tribe,4.5,494.0,Verso,138,4.07,total:15,Jean-Michel. Mension
3128,Monster,tt3589450,0.0,0.0,2014.0,monster,6.4,1981.0,Amistad,281,3.72,total:58109,Walter Dean Myers
3129,Journey,tt4543804,0.0,0.0,2015.0,journey,6.3,293.0,Fawcett,336,3.81,total:2085,James A. Michener
3130,The Glass Castle,tt2378507,0.0,12922952.77491811,2017.0,the glass castle,7.1,40307.0,Scribner,288,4.27,total:855213,Jeannette Walls
3131,The Thirteenth Tale,tt2951888,0.0,0.0,2013.0,the thirteenth tale,6.7,3311.0,Atria Books,406,3.96,total:264411,Diane Setterfield
3132,Wolves,tt4623856,0.0,0.0,2016.0,wolves,5.7,1418.0,HarperTrophy,32,4.11,total:166,Seymour Simon
3133,River,tt4258440,0.0,0.0,2015.0,river,7.9,29453.0,HMH Books for Young Readers,32,3.88,total:16,Debby Atwell
3134,Carrie Pilby,tt2989524,0.0,0.0,2017.0,carrie pilby,6.7,14181.0,Red Dress Ink,328,3.53,total:2349,Caren Lissner
3135,Prey,tt4291700,0.0,0.0,2016.0,prey,5.3,2989.0,Leisure Books,352,3.83,total:1004,Graham Masterton
3136,The Bride,tt6095090,1997192.32569022,0.0,2017.0,the bride,4.6,3166.0,St. Martin's Press,245,3.45,total:1085,Bapsi Sidhwa
3137,Tess of the D'Urbervilles,tt1186342,0.0,0.0,2008.0,tess of the d'urbervilles,7.6,6953.0,Penguin Classics,518,3.8,total:229685,Thomas Hardy
3138,Tess of the D'Urbervilles,tt1186342,0.0,0.0,2008.0,tess of the d'urbervilles,7.6,6953.0,Simon & Schuster,446,3.8,total:229683,Thomas Hardy
3139,Tess of the D'Urbervilles,tt1186342,0.0,0.0,2008.0,tess of the d'urbervilles,7.6,6953.0,W. W. Norton & Company,467,3.8,total:230102,Thomas Hardy
3140,Black Ice,tt0109283,0.0,0.0,1994.0,black ice,6.3,1142.0,Vintage,256,3.52,total:765,Lorene Cary
3141,The Passion,tt5347932,0.0,0.0,2016.0,the passion,7.2,742.0,Grove Press,176,4.11,total:18250,Jeanette Winterson
3142,The Prince and the Pauper,tt0056373,0.0,0.0,1962.0,the prince and the pauper,6.9,222.0,Digital Scanning,420,3.85,total:104296,Mark Twain
3143,The Importance of Being Earnest,tt0091262,0.0,0.0,1986.0,the importance of being earnest,7.3,289.0,Samuel French Ltd,114,4.17,total:291547,Oscar Wilde
3144,The Scapegoat,tt0053247,0.0,0.0,1959.0,the scapegoat,6.8,2703.0,University of Pennsylvania Press,348,3.97,total:5985,Daphne du Maurier
3145,The Choirboys,tt0075845,0.0,0.0,1977.0,the choirboys,5.6,2043.0,Orion,368,4.06,total:4841,Joseph Wambaugh
3146,Dead Man's Folly,tt0090914,0.0,0.0,1986.0,dead man's folly,6.3,2497.0,Literary Express,181,3.79,total:18283,Agatha Christie
3147,The Tommyknockers,tt0106156,27.257815126050417,0.0,1993.0,the tommyknockers,5.4,12901.0,Signet Book,748,3.54,total:120397,Stephen King
3148,Ali and Nino,tt4072326,0.0,0.0,2016.0,ali and nino,6.8,11621.0,Vintage/Ebury,237,3.92,total:5674,Kurban Said
3149,Thirst,tt3955808,0.0,0.0,2016.0,thirst,4.4,1499.0,Beacon Press,88,4.36,total:4223,Mary Oliver
3150,Island in the Sky,tt0045919,0.0,0.0,1953.0,island in the sky,6.8,4031.0,Bantam Books (NY),182,4.17,total:180,Ernest K. Gann
3151,Cleopatra,tt0002101,0.0,0.0,1912.0,cleopatra,5.1,658.0,Waking Lion Press,308,3.86,total:1214,H. Rider Haggard
3152,Tell No One,tt2181867,0.0,0.0,2012.0,tell no one,6.6,1648.0,Dell Publishing Company,370,4.11,total:110413,Harlan Coben
3153,The Old Man and the Sea,tt0207639,0.0,0.0,1999.0,the old man and the sea,8.0,4815.0,Simon  Schuster Audio,3,3.77,total:779615,Ernest Hemingway
3154,The Old Man and the Sea,tt0207639,0.0,0.0,1999.0,the old man and the sea,8.0,4815.0,Heinemann Library,92,3.77,total:782720,Ernest Hemingway
3155,The Castle,tt0111817,0.0,0.0,1994.0,the castle,6.9,1036.0,Schocken,528,3.96,total:41582,Franz Kafka
3156,The Collector,tt0119769,0.0,0.0,1997.0,the collector,6.7,560.0,Back Bay Books,305,3.98,total:52004,John Fowles
3157,Sideways,tt1236373,0.0,0.0,2009.0,sideways,5.6,295.0,St. Martin's Griffin,368,3.7,total:5025,Rex Pickett
3158,The Case for Christ,tt6113488,0.0,0.0,2017.0,the case for christ,6.4,11451.0,Zondervan,367,4.14,total:94870,Lee Strobel
3159,Still Life,tt0122734,0.0,0.0,1997.0,still life,7.1,122.0,Bulfinch,144,4.22,total:40,Irving Penn
3160,My Cousin Rachel,tt4411596,0.0,3563093.631570738,2017.0,my cousin rachel,6.0,21916.0,Black Dog & Leventhal Publishers,374,3.96,total:36139,Daphne du Maurier
3161,The Covenant,tt5607782,0.0,0.0,2017.0,the covenant,3.5,1824.0,St. Martin's Griffin,276,3.94,total:1682,Naomi Ragen
3162,The Wonderful Wizard of Oz,tt0001463,0.0,0.0,1910.0,the wonderful wizard of oz,5.7,1783.0,Signet,220,3.99,total:348112,L. Frank Baum
3163,The Wall,tt4218696,0.0,2400637.1586335986,2017.0,the wall,6.2,34043.0,Vintage Books,640,4.28,total:1867,John Hersey
3164,Poppy,tt0028120,0.0,0.0,1936.0,poppy,6.7,785.0,Scholastic,163,3.96,total:7946,Avi
3165,Guns,tt0099720,0.0,0.0,1990.0,guns,4.5,1697.0,Medallion Press,357,3.4,total:177,Phil Bowie
3166,Spin,tt0479164,0.0,0.0,2005.0,spin,7.8,1652.0,Tor Books,364,4.02,total:33880,Robert Charles Wilson
3167,Firefly,tt0499305,0.0,0.0,1975.0,firefly,7.0,2148.0,Avon Books,466,3.25,total:2459,Piers Anthony
3168,Happy Days,tt0765833,0.0,0.0,1978.0,happy days,8.7,12709.0,Grove/Atlantic,64,3.89,total:5220,Samuel Beckett
3169,The Trial,tt1264115,0.0,0.0,2010.0,the trial,5.6,1957.0,Vintage,255,3.97,total:215662,Franz Kafka
3170,The Trial,tt1264115,0.0,0.0,2010.0,the trial,5.6,1957.0,Schocken,288,3.97,total:216519,Franz Kafka
3171,Quo Vadis,tt0282108,33249567.19817768,0.0,2001.0,quo vadis,5.7,2424.0,Barbour Publishing,496,4.16,total:25193,Henryk Sienkiewicz
3172,The Earthquake,tt5270810,0.0,0.0,2016.0,the earthquake,6.6,3085.0,Saqi Books,184,2.95,total:98,Tahir Wattar
3173,Cosmos,tt0081846,0.0,0.0,0.0,cosmos,9.3,49388.0,Yale University Press,208,4.03,total:2652,Witold Gombrowicz
3174,Perfect Harmony,tt0102653,0.0,0.0,1991.0,perfect harmony,7.3,550.0,Grand Central Publishing,470,3.78,total:474,Barbara Wood
3175,The Lovers,tt5770620,0.0,285036.62579940725,2017.0,the lovers,6.1,4442.0,Dutton Books,304,3.31,total:104,Morris L. West
3176,Heaven and Hell,tt0080621,0.0,0.0,1980.0,heaven and hell,5.9,179.0,New Century Edition,544,3.98,total:443,Emanuel Swedenborg
3177,Mother,tt0102421,0.0,0.0,1991.0,mother,7.5,3752.0,Citadel Press,406,3.93,total:11684,Maxim Gorky
3178,Mother,tt0102421,0.0,0.0,1991.0,mother,7.5,3752.0,Echo Library,285,3.93,total:11707,Maxim Gorky
3179,The Stone Raft,tt0175203,0.0,0.0,2002.0,the stone raft,5.8,675.0,Mariner Books,292,3.8,total:6277,José Saramago
3180,Oasis,tt6268052,0.0,0.0,2017.0,oasis,7.9,5588.0,Counterpoint LLC,201,2.92,total:48,Laureen Vonnegut
3181,Much Ado About Nothing,tt4650738,0.0,0.0,2016.0,much ado about nothing,6.5,742.0,Cambridge University Press,196,4.07,total:207100,William Shakespeare
3182,Much Ado About Nothing,tt4650738,0.0,0.0,2016.0,much ado about nothing,6.5,742.0,Signet Classic,166,4.07,total:207100,William Shakespeare
3183,Bleeding Hearts,tt2622294,0.0,0.0,2013.0,bleeding hearts,3.3,267.0,"Little, Brown and Company",384,3.5700000000000003,total:1955,Jack Harvey
3184,Loveless,tt6304162,0.0,0.0,2017.0,loveless,7.6,37071.0,Continuum,128,3.52,total:793,Mike McGonigal
3185,The Lost World,tt0302739,0.0,0.0,2001.0,the lost world,6.7,3632.0,Random House Value Publishing,0,3.78,total:115266,Michael Crichton
3186,A Long and Happy Life,tt2650954,0.0,0.0,2013.0,a long and happy life,6.3,526.0,Scribner Book Company,208,3.92,total:758,Reynolds Price
3187,Snow,tt0425468,0.0,0.0,2004.0,snow,6.4,2114.0,Random House,72,4.16,total:4470,Roy McKie
3188,Last Call,tt1472583,0.0,0.0,2012.0,last call,4.1,621.0,Penguin Books,288,3.47,total:156,Harry Mulisch
3189,Alchemy,tt0285682,0.0,0.0,2005.0,alchemy,5.2,614.0,Simon Pulse,207,3.41,total:434,Margaret Mahy
3190,A,tt0241146,0.0,0.0,1998.0,a,6.8,323.0,Grove Press,384,3.4,total:228,Andy Warhol
3191,Ghost,tt4559932,0.0,4559864.02382139,2015.0,ghost,6.5,1239.0,Tor Books,279,3.18,total:800,Piers Anthony
3192,Revenge,tt0102497,0.0,0.0,1989.0,revenge,7.2,787.0,St. Martin's Press,240,3.5700000000000003,total:70,Mary Morris
3193,Survivor,tt0187534,0.0,0.0,1999.0,survivor,4.4,335.0,Vintage,289,3.92,total:102505,Chuck Palahniuk
3194,Stone,tt2156825,0.0,0.0,2012.0,stone,5.6,769.0,Harry N. Abrams,120,4.51,total:284,Andy Goldsworthy
3195,Andersonville,tt0115097,0.0,0.0,1996.0,andersonville,7.3,2213.0,Plume,766,4.12,total:7257,MacKinlay Kantor
3196,The Spy,tt2321517,8541919.400286162,6531971.5977212265,2012.0,the spy,5.4,1361.0,IndyPublish.com,404,3.6,total:1037,James Fenimore Cooper
3197,The Double,tt2593290,2847306.466762054,0.0,2012.0,the double,4.8,864.0,Houghton Mifflin Harcourt,324,3.9,total:13939,José Saramago
3198,The Double,tt2593290,2847306.466762054,0.0,2012.0,the double,4.8,864.0,Mariner Books,324,3.9,total:13993,José Saramago
3199,The Midwife,tt5348236,0.0,0.0,2017.0,the midwife,6.7,3181.0,iUniverse,576,4.03,total:886,Gay Courter
3200,The Other Side,tt0478361,0.0,0.0,1994.0,the other side,6.9,120.0,Random House Value Publishing,0,3.14,total:151,Mary Gordon
3201,The Other Side,tt0478361,0.0,0.0,1994.0,the other side,6.9,120.0,Chronicle Books (CA),48,4.01,total:294,Istvan Banyai
3202,The Jungle,tt2261719,0.0,0.0,2012.0,the jungle,5.0,1346.0,Replica Books,424,3.74,total:126085,Upton Sinclair
3203,The Jungle,tt2261719,0.0,0.0,2012.0,the jungle,5.0,1346.0,Modern Library,416,3.74,total:126233,Upton Sinclair
3204,The Idiot,tt0366028,0.0,0.0,2003.0,the idiot,8.3,2274.0,Modern Library,667,4.19,total:122060,Fyodor Dostoyevsky
3205,"Hamlet, Prince of Denmark",tt0053888,0.0,0.0,1961.0,"hamlet, prince of denmark",2.7,708.0,Cambridge University Press/The New Cambridge Shakespeare,270,4.02,total:696082,William Shakespeare
3206,The Hunchback of Notre-Dame,tt0787031,0.0,0.0,1986.0,the hunchback of notre-dame,6.3,91.0,Signet Classics,510,4.0,total:162555,Victor Hugo
3207,Women,tt0166408,0.0,0.0,1965.0,women,7.3,150.0,Ecco,291,3.85,total:60606,Charles Bukowski
3208,Nemesis,tt0107668,0.0,0.0,1992.0,nemesis,5.4,7460.0,Fleuve noir,286,3.99,total:2865,S.D. Perry
3209,Frost,tt2181953,2135479.8500715406,0.0,2012.0,frost,3.4,477.0,Alfred A. Knopf,342,3.88,total:1113,Thomas Bernhard
3210,Junk,tt0479775,4882609.131961866,0.0,2006.0,junk,5.2,846.0,Puffin Modern Classics,389,3.89,total:17758,Melvin Burgess
3211,She,tt0090009,0.0,0.0,1984.0,she,4.8,2258.0,MTV Books,128,4.2,total:1786,Saul Williams
3212,The Foundling,tt0184823,0.0,0.0,1939.0,the foundling,7.5,866.0,Harlequin,406,3.87,total:5410,Georgette Heyer
3213,The Invisible Man,tt0087043,0.0,0.0,1984.0,the invisible man,6.0,200.0,Scholastic Paperbacks,208,3.64,total:130322,H.G. Wells
3214,Heroes,tt1483386,0.0,0.0,2010.0,heroes,7.1,975.0,Grove Press,80,3.73,total:22,Gerald Sibleyras
3215,Anna Karenina,tt0040098,0.0,0.0,1948.0,anna karenina,6.6,3134.0,Penguin Classics,838,4.05,total:631550,Leo Tolstoy
3216,The Promise,tt4552298,409465.9417972498,0.0,2016.0,the promise,7.0,1725.0,Anchor Books,368,4.15,total:12132,Chaim Potok
3217,The Promise,tt4552298,409465.9417972498,0.0,2016.0,the promise,7.0,1725.0,Moyer Bell and its subsidiaries,256,4.01,total:375,Pearl S. Buck
3218,Macbeth,tt1570337,0.0,0.0,2010.0,macbeth,7.5,1285.0,Simon  Schuster,249,3.9,total:641361,William Shakespeare
3219,The Journey,tt4826674,0.0,0.0,2017.0,the journey,6.7,2264.0,Pan Australia,186,3.31,total:287,John Marsden
3220,The Night Before Christmas,tt1550321,0.0,0.0,1951.0,the night before christmas,7.2,380.0,Random House Books for Young Readers,40,4.37,total:106892,Clement C. Moore
3221,Metamorphoses,tt0078495,0.0,0.0,1978.0,metamorphoses,6.1,213.0,Penguin,723,4.05,total:56269,Ovid
3222,Gulliver's Travels,tt0115195,58709140.27149322,0.0,1996.0,gulliver's travels,6.9,7548.0,Penguin,306,3.5700000000000003,total:223306,Jonathan Swift
3223,Gulliver's Travels,tt0115195,58709140.27149322,0.0,1996.0,gulliver's travels,6.9,7548.0,Penguin Audiobooks,6,3.5700000000000003,total:223839,Jonathan Swift
3224,Angel,tt5892354,0.0,0.0,2016.0,angel,6.0,532.0,HarperCollins Publishers,495,3.65,total:1029,Barbara Taylor Bradford
3225,Sanctuary,tt3127698,0.0,0.0,2015.0,sanctuary,7.2,1973.0,Vintage,317,3.64,total:10769,William Faulkner
3226,Labyrinth,tt0340086,0.0,0.0,2003.0,labyrinth,6.8,1331.0,Fawcett,384,3.97,total:105,Jon Land
3227,Out of Time,tt0095802,0.0,0.0,1988.0,out of time,4.5,277.0,Tor Teen,128,2.9,total:184,John Marsden
3228,Out of Time,tt0095802,0.0,0.0,1988.0,out of time,4.5,277.0,Pan Australia,144,2.9,total:184,John Marsden
3229,Wolf! Wolf!,tt0153889,0.0,0.0,1944.0,wolf! wolf!,5.5,233.0,Hyperion Books for Children,32,4.06,total:277,John Rocco
3230,Bluebeard,tt0131934,0.0,0.0,1901.0,bluebeard,6.8,2054.0,Mariner Books,144,3.61,total:440,Max Frisch
3231,The Dancing Pig,tt0246507,0.0,0.0,1907.0,the dancing pig,6.3,1623.0,HMH Books for Young Readers,32,3.5,total:22,Judy Sierra
3232,A Little Princess,tt0090474,0.0,0.0,1986.0,a little princess,8.4,829.0,Penguin Books,242,4.2,total:261634,Frances Hodgson Burnett
3233,A Little Princess,tt0090474,0.0,0.0,1986.0,a little princess,8.4,829.0,HarperCollins,324,4.2,total:261998,Frances Hodgson Burnett
3234,Frog,tt0162334,0.0,0.0,1987.0,frog,5.8,347.0,Margaret K. McElderry Books,32,3.3,total:53,Susan Cooper
3235,Heidi,tt3581478,0.0,0.0,2014.0,heidi,4.7,807.0,Sterling,272,3.99,total:168190,Johanna Spyri
3236,The Summoning,tt4762758,0.0,0.0,2017.0,the summoning,3.0,402.0,Pinnacle,542,3.7,total:1236,Bentley Little
3237,Hollywood,tt0080230,0.0,0.0,1980.0,hollywood,9.3,913.0,Vintage,448,3.64,total:1128,Gore Vidal
3238,Success,tt0199120,0.0,0.0,1984.0,success,7.5,189.0,Vintage,224,3.66,total:2446,Martin Amis
3239,The Ghost,tt1194607,4586348.940020926,0.0,2008.0,the ghost,6.8,1472.0,Dell,420,3.88,total:7675,Danielle Steel
3240,Churchill,tt2674454,13314615.504601466,0.0,2017.0,churchill,6.0,16320.0,Haus Publishing,182,3.93,total:321,Sebastian Haffner
3241,Ecstasy,tt1809287,0.0,0.0,2011.0,ecstasy,5.0,1956.0,Points,358,3.55,total:9176,Irvine Welsh
3242,Jane Eyre,tt0119404,0.0,0.0,1997.0,jane eyre,7.0,3561.0,Penguin,532,4.12,total:1548529,Charlotte Brontë
3243,Jane Eyre,tt0119404,0.0,0.0,1997.0,jane eyre,7.0,3561.0,Signet Classics,462,4.12,total:1553077,Charlotte Brontë
3244,Jane Eyre,tt0119404,0.0,0.0,1997.0,jane eyre,7.0,3561.0,Turtleback Books,461,4.12,total:1553399,Charlotte Brontë
3245,Loverboy,tt0388213,0.0,0.0,2005.0,loverboy,5.3,3495.0,Avon Books,313,3.97,total:31,Richard Belsky
3246,Bittersweet,tt1274717,76439.14900034877,0.0,2008.0,bittersweet,4.7,164.0,Dell,464,3.73,total:4498,Danielle Steel
3247,Bittersweet,tt1274717,76439.14900034877,0.0,2008.0,bittersweet,4.7,164.0,William Morrow Paperbacks,368,3.7,total:1772,Nevada Barr
3248,Act of God,tt0813991,0.0,0.0,2009.0,act of god,5.5,131.0,Grand Central Publishing,608,3.93,total:264,Susan R. Sloan
3249,Inconceivable,tt3481634,0.0,0.0,2017.0,inconceivable,5.2,11349.0,Delta,288,3.5700000000000003,total:4434,Ben Elton
3250,Dust,tt0466103,0.0,0.0,2005.0,dust,7.1,1775.0,Laurel Leaf,192,3.53,total:1426,Arthur Slade
3251,A Long and Happy Life,tt0271467,0.0,0.0,1966.0,a long and happy life,7.4,490.0,Scribner Book Company,208,3.92,total:758,Reynolds Price
3252,Enchiridion,tt2279314,0.0,0.0,2012.0,enchiridion,5.5,103.0,Dover Publications,64,4.23,total:12819,Epictetus
3253,Sahara,tt4466894,0.0,10385400.093589144,2017.0,sahara,5.5,3349.0,St. Martin's Griffin,272,3.96,total:2570,Michael Palin
3254,Pippi Longstocking,tt0366905,0.0,0.0,1969.0,pippi longstocking,7.0,5777.0,Puffin Books,160,4.13,total:159223,Astrid Lindgren
3255,The Temptation of St. Anthony,tt0224240,0.0,0.0,1898.0,the temptation of st. anthony,5.9,1105.0,Kessinger Publishing,192,3.82,total:2537,Gustave Flaubert
3256,Down Under,tt4463120,2729772.9453149983,0.0,2016.0,down under,5.9,1081.0,Black Swan,398,4.07,total:85324,Bill Bryson
3257,Coming Home,tt2194497,0.0,0.0,2012.0,coming home,6.1,388.0,Hodder & Stoughton,977,4.3,total:16593,Rosamunde Pilcher
3258,Love,tt0018107,0.0,0.0,1927.0,love,6.8,1279.0,Miramax Books,43,4.46,total:1464,Pablo Neruda
3259,Love,tt0018107,0.0,0.0,1927.0,love,6.8,1279.0,Vintage Classics,122,3.69,total:1130,Angela Carter
3260,Twelve Angry Men,tt0122737,0.0,0.0,1954.0,twelve angry men,7.5,421.0,Penguin Classics,73,4.09,total:22565,Reginald Rose
3261,Mars,tt0417949,3482211.4868491674,0.0,2004.0,mars,6.1,321.0,"Collector's Guide Publishing, Inc.",96,2.0,total:1,Robert Godwin
3262,Savages,tt0933361,1302029.1018564976,2162364.3613447063,2006.0,savages,6.4,731.0,Random House Value Publishing,0,4.06,total:671,Joe Kane
3263,The Hunters,tt0392137,0.0,0.0,1957.0,the hunters,7.0,124.0,Picador,200,3.42,total:513,Claire Messud
3264,Robin Hood,tt0102797,0.0,0.0,1991.0,robin hood,5.7,6256.0,Atheneum Books for Young Readers,64,4.0,total:1329,Paul Creswick
