,movie_title,movie_budget,movie_revenue,movie_release,imdb_total_votes,Publisher,Pages,RatingDistTotal,Authors,Book Rating,Movie Rating,movie_profit
0,Jumanji,140092491.69435215,566398791.1204784,1995.0,404354.0,Scholastic,48.0,28,A.L. Singer,0.8140000000000001,0.71,426306299.42612624
1,Heat,129316146.17940198,403976782.5981661,1995.0,779065.0,Philomel Books,220.0,19350,Mike Lupica,0.796,0.8300000000000001,274660636.4187641
2,Heat,129316146.17940198,403976782.5981661,1995.0,779065.0,iUniverse,256.0,73,Arthur Herzog III,0.6900000000000001,0.8300000000000001,274660636.4187641
3,Sense and Sensibility,35561940.199335545,290961328.90365446,1995.0,134114.0,"Oxford University Press, USA",446.0,917623,Jane Austen,0.8140000000000001,0.77,255399388.7043189
4,Sense and Sensibility,35561940.199335545,290961328.90365446,1995.0,134114.0,AudioGO,,917839,Jane Austen,0.8140000000000001,0.77,255399388.7043189
5,Sense and Sensibility,35561940.199335545,290961328.90365446,1995.0,134114.0,Signet Classics,314.0,919827,Jane Austen,0.8140000000000001,0.77,255399388.7043189
6,Othello,,0.0,1995.0,10530.0,Simon  Schuster,314.0,301217,William Shakespeare,0.778,0.6799999999999999,
7,Othello,,0.0,1995.0,10530.0,Barrons Educational Series,319.0,301924,William Shakespeare,0.778,0.6799999999999999,
8,Persuasion,,0.0,1995.0,12302.0,Oxford University Press,249.0,498446,Jane Austen,0.828,0.76,
9,Persuasion,,0.0,1995.0,12302.0,Penguin,400.0,499902,Jane Austen,0.828,0.76,
10,"Cry, the Beloved Country",,1458093.429900332,1995.0,2189.0,Scribner,316.0,62698,Alan Paton,0.78,0.6799999999999999,
11,Richard III,,0.0,1995.0,16182.0,"Oxford University Press, USA",414.0,41998,William Shakespeare,0.786,0.73,
12,Mortal Kombat,38794843.85382059,263365090.88744184,1995.0,129942.0,Berkley,293.0,243,Jeff Rovin,0.726,0.58,224570247.03362125
13,Se7en,71123880.39867109,705445136.7449301,1995.0,1964444.0,Longman Publishing Group,80.0,68,David Fincher,0.77,0.86,634321256.3462591
14,Pocahontas,118539800.66445182,745895041.9167043,1995.0,214063.0,Doubleday Books for Young Readers,44.0,861,Ingri d'Aulaire,0.82,0.67,627355241.2522525
15,Georgia,,0.0,1995.0,3460.0,Graphic Arts Books,144.0,3,Craig M. Tanner,0.8,0.65,
16,The Postman,,0.0,1994.0,40846.0,Miramax Books,128.0,10421,Antonio Skármeta,0.742,0.78,
17,Friday,7543441.860465116,60812896.27790033,1995.0,134200.0,Del Rey,384.0,25749,Robert A. Heinlein,0.768,0.72,53269454.417435214
18,La Haine,6465807.308970099,0.0,1995.0,218666.0,University of Illinois Press,128.0,34,Ginette Vincendeau,0.8480000000000001,0.8099999999999999,-6465807.308970099
19,The Bridges of Madison County,51726458.4717608,392294790.8508704,1995.0,94826.0,Grand Central Publishing,224.0,75618,Robert James Waller,0.722,0.76,340568332.37910956
20,Taxi Driver,7556960.573476702,164291659.55612904,1976.0,1001647.0,British Film Institute,79.0,163,Amy Taubin,0.782,0.82,156734698.98265234
21,The Neon Bible,,0.0,1995.0,1153.0,Grove Press,162.0,5788,John Kennedy Toole,0.742,0.63,
22,The Basketball Diaries,,0.0,1995.0,129581.0,Penguin Books,224.0,29345,Jim Carroll,0.79,0.73,
23,Rob Roy,60347534.88372093,68099846.02822591,1995.0,48491.0,Modern Library,576.0,8828,Walter Scott,0.74,0.6900000000000001,7752311.144504987
24,Belle de Jour,,0.0,1967.0,52465.0,British Film Institute,96.0,38,Michael  Wood,0.8480000000000001,0.76,
25,Congo,107763455.14950164,327648537.25693023,1995.0,51490.0,Avon Books,442.0,151786,Michael Crichton,0.718,0.53,219885082.1074286
26,Congo,107763455.14950164,327648537.25693023,1995.0,51490.0,Knopf,348.0,152026,Michael Crichton,0.718,0.53,219885082.1074286
27,First Knight,118539800.66445182,275013275.083588,1995.0,81805.0,Pocket Books,281.0,477,Elizabeth Chadwick,0.776,0.6,156473474.41913617
28,Hackers,43105382.05980066,16301869.261820598,1995.0,79702.0,HarperTorch,208.0,185,David Bischoff,0.702,0.62,-26803512.797980063
29,Kids,3232903.6544850497,15975320.129488371,1995.0,90191.0,Grove Press,160.0,39,Larry  Clark,0.724,0.7,12742416.47500332
30,The Scarlet Letter,107763455.14950164,22376881.02176744,1995.0,17169.0,Penguin Books,279.0,678359,Nathaniel Hawthorne,0.6799999999999999,0.53,-85386574.1277342
31,The Scarlet Letter,107763455.14950164,22376881.02176744,1995.0,17169.0,W. W. Norton & Company,439.0,679902,Nathaniel Hawthorne,0.6799999999999999,0.53,-85386574.1277342
32,Total Eclipse,,732552.2601461794,1995.0,17511.0,DAW,206.0,368,John Brunner,0.688,0.64,
33,White Man's Burden,17242152.823920265,0.0,1995.0,5343.0,"Oxford University Press, USA",229.0,148,Winthrop D. Jordan,0.774,0.53,-17242152.823920265
34,The Babysitter,,0.0,1995.0,6379.0,St. Martin's Paperbacks,368.0,263,Diana Diamond,0.6639999999999999,0.43,
35,Circle of Friends,,0.0,1995.0,9610.0,Arrow,722.0,57474,Maeve Binchy,0.806,0.6599999999999999,
36,Dream Man,,0.0,1995.0,326.0,Pocket Books,368.0,17480,Linda Howard,0.808,0.49000000000000005,
37,Dolores Claiborne,,0.0,1995.0,52033.0,Editorial Grijalbo,291.0,120755,Stephen King,0.772,0.74,
38,Exit to Eden,,15168738.057142856,1994.0,7634.0,Severn House Publishers,336.0,14831,Anne Rampling,0.716,0.43,
39,Hideaway,32329036.54485049,26296987.919202656,1995.0,7924.0,Brilliance Audio,12.0,32369,Dean Koontz,0.768,0.53,-6032048.625647835
40,Just Cause,,0.0,1995.0,32132.0,Ballantine Books,494.0,2331,John Katzenbach,0.77,0.64,
41,Little Women,39908571.42857143,0.0,1994.0,67220.0,Signet Classics,449.0,1595807,Louisa May Alcott,0.8160000000000001,0.73,-39908571.42857143
42,Little Women,39908571.42857143,0.0,1994.0,67220.0,Barnes  Noble Classics,489.0,1601291,Louisa May Alcott,0.8160000000000001,0.73,-39908571.42857143
43,A Little Princess,36639574.75083056,0.0,1995.0,38522.0,Penguin Books,242.0,261634,Frances Hodgson Burnett,0.8400000000000001,0.76,-36639574.75083056
44,A Little Princess,36639574.75083056,0.0,1995.0,38522.0,HarperCollins,324.0,261998,Frances Hodgson Burnett,0.8400000000000001,0.76,-36639574.75083056
45,Like Water for Chocolate,4690788.141720896,50814060.18961677,1992.0,20122.0,Black Swan,222.0,317405,Laura Esquivel,0.79,0.71,46123272.04789587
46,Man of the House,,0.0,1995.0,11027.0,Headline,320.0,211,Joan Jonker,0.892,0.53,
47,My Family,11853980.06644518,0.0,1995.0,4778.0,Zondervan/Youth Specialties,199.0,6,Kurt Johnston,0.666,0.73,-11853980.06644518
48,Nobody's Fool,,0.0,1994.0,24165.0,Vintage,560.0,24829,Richard Russo,0.8220000000000001,0.73,
49,Once Were Warriors,,4880210.7885714285,1994.0,38725.0,University of Hawaii Press,192.0,2527,Alan Duff,0.79,0.79,
50,The Shawshank Redemption,55428571.42857143,62837085.55428571,1994.0,3116179.0,British Film Institute,96.0,750,Mark Kermode,0.8859999999999999,0.93,7408514.12571428
51,The War,,0.0,1994.0,14189.0,The New Press,192.0,2144,Marguerite Duras,0.77,0.6799999999999999,
52,The Client,99771428.57142857,260769724.96,1994.0,81651.0,Delta,483.0,378641,John Grisham,0.8019999999999999,0.67,160998296.38857144
53,The Client,99771428.57142857,260769724.96,1994.0,81651.0,Random House Large Print,720.0,379408,John Grisham,0.8019999999999999,0.67,160998296.38857144
54,The Client,99771428.57142857,260769724.96,1994.0,81651.0,Dell,566.0,379450,John Grisham,0.8019999999999999,0.67,160998296.38857144
55,The Crow,33257142.85714285,208411428.57142857,1994.0,227272.0,Walker Books,528.0,12541,Alison Croggon,0.8039999999999999,0.75,175154285.71428573
56,The Crow,33257142.85714285,208411428.57142857,1994.0,227272.0,Pocket Books,240.0,12072,James O'Barr,0.8560000000000001,0.75,175154285.71428573
57,Four Weddings and a Funeral,13302857.142857142,564708130.3771428,1994.0,177345.0,St. Martin's Griffin,128.0,509,Richard Curtis,0.752,0.71,551405273.2342856
58,The Jungle Book,,0.0,1994.0,19870.0,Tor Classics,277.0,100040,Rudyard Kipling,0.786,0.61,
59,Dos Crímenes,,0.0,1995.0,348.0,Joaquin Mortiz,211.0,2275,Jorge Ibargüengoitia,0.844,0.73,
60,The Age of Innocence,77230476.19047618,73267735.02745098,1993.0,72869.0,W. W. Norton & Company,544.0,134858,Edith Wharton,0.79,0.72,-3962741.1630252004
61,Barcelona,7094857.142857143,0.0,1994.0,6977.0,Noguer,82.0,1,Camilo José Cela,0.8,0.7,-7094857.142857143
62,Black Beauty,,0.0,1994.0,11179.0,Scholastic Paperbacks,245.0,227605,Anna Sewell,0.792,0.6599999999999999,
63,Black Beauty,,0.0,1994.0,11179.0,Turtleback Books,228.0,228118,Anna Sewell,0.792,0.6599999999999999,
64,Blink,,36956561.00571428,1994.0,9613.0,Thomas Nelson,400.0,15679,Ted Dekker,0.834,0.62,
65,Even Cowgirls Get the Blues,17737142.85714286,0.0,1994.0,8148.0,No Exit Press,366.0,48617,Tom Robbins,0.752,0.43,-17737142.85714286
66,The Firm,95402352.94117646,613865002.150252,1993.0,158144.0,Addison Wesley Publishing Company,76.0,545180,Robin Waterfield,0.8039999999999999,0.6900000000000001,518462649.2090755
67,The Firm,95402352.94117646,613865002.150252,1993.0,158144.0,Random House Audio,2.0,35450,John Grisham,0.8119999999999999,0.6900000000000001,518462649.2090755
68,A Good Man in Africa,,0.0,1994.0,2803.0,Vintage,352.0,3723,William  Boyd,0.77,0.51,
69,The House of the Spirits,56787114.84593837,0.0,1993.0,26174.0,Black Swan,491.0,177625,Isabel Allende,0.8460000000000001,0.6900000000000001,-56787114.84593837
70,Jurassic Park,143103529.41176468,2089992974.789916,1993.0,1150542.0,Random House Value Publishing,399.0,772965,Michael Crichton,0.8039999999999999,0.82,1946889445.3781514
71,M. Butterfly,,3406761.236414565,1993.0,11561.0,"Dramatists Play Service, Inc.",93.0,10648,David Henry Hwang,0.792,0.67,
72,Made in America,49972661.06442577,0.0,1993.0,18539.0,Bantam Books,304.0,14,Peter Maas,0.742,0.51,-49972661.06442577
73,Malice,,105409005.79585432,1993.0,30187.0,Dell,432.0,9096,Danielle Steel,0.79,0.65,
74,Malice,,105409005.79585432,1993.0,30187.0,Delacorte Press,352.0,9106,Danielle Steel,0.79,0.65,
75,Much Ado About Nothing,18171876.75070028,0.0,1993.0,54768.0,Cambridge University Press,196.0,207100,William Shakespeare,0.8140000000000001,0.73,-18171876.75070028
76,Much Ado About Nothing,18171876.75070028,0.0,1993.0,54768.0,Signet Classic,166.0,207100,William Shakespeare,0.8140000000000001,0.73,-18171876.75070028
77,Naked,,0.0,1993.0,47728.0,Turtleback Books,291.0,229698,David Sedaris,0.818,0.77,
78,Naked,,0.0,1993.0,47728.0,Hachette Audio,3.0,230058,David Sedaris,0.818,0.77,
79,North,88685714.28571428,0.0,1994.0,15380.0,HarperTrophy,354.0,385,Donna Jo Napoli,0.744,0.45999999999999996,-88685714.28571428
80,North,88685714.28571428,0.0,1994.0,15380.0,Dalkey Archive Press,454.0,606,Louis-Ferdinand Céline,0.8039999999999999,0.45999999999999996,-88685714.28571428
81,Orlando,9381576.283441791,0.0,1992.0,20440.0,Penguin Classics,228.0,53508,Virginia Woolf,0.774,0.71,-9381576.283441791
82,The Puppet Masters,,19151839.634285714,1994.0,10366.0,Del Rey/Ballantine Books,208.0,28897,Robert A. Heinlein,0.774,0.5900000000000001,
83,The Remains of the Day,26122072.829131648,52784556.82946778,1993.0,90666.0,Pearson Education Limited,120.0,187792,Kazuo Ishiguro,0.8240000000000001,0.78,26662484.000336133
84,Rising Sun,,243500399.9630252,1993.0,49777.0,Turtleback Books,399.0,46593,Michael Crichton,0.726,0.63,
85,The Road to Wellville,,0.0,1994.0,13835.0,Penguin Books,496.0,5828,T. Coraghessan Boyle,0.734,0.5900000000000001,
86,Schindler's List,49972661.06442577,729976934.430364,1993.0,1553410.0,Touchstone,517.0,137213,Thomas Keneally,0.8699999999999999,0.9,680004273.3659382
87,Schindler's List,49972661.06442577,729976934.430364,1993.0,1553410.0,Atria Books,400.0,137585,Thomas Keneally,0.8699999999999999,0.9,680004273.3659382
88,The Secret Garden,,0.0,1993.0,47530.0,Dover Publications,256.0,844700,Frances Hodgson Burnett,0.826,0.73,
89,Shadowlands,49972661.06442577,0.0,1993.0,21307.0,Plume,112.0,427,William Nicholson,0.82,0.73,-49972661.06442577
90,Six Degrees of Separation,,0.0,1993.0,23862.0,Dramatists Play Service,74.0,5943,John Guare,0.8,0.6799999999999999,
91,Blade Runner,96210847.45762712,113871097.57864408,1982.0,867643.0,Del Rey,216.0,322772,Philip K. Dick,0.818,0.8099999999999999,17660250.121016964
92,Blade Runner,96210847.45762712,113871097.57864408,1982.0,867643.0,British Film Institute,96.0,602,Scott Bukatman,0.766,0.8099999999999999,17660250.121016964
93,The Nightmare Before Christmas,40886722.68907563,171802394.80750698,1993.0,403128.0,Disney Press,176.0,1406,Jun Asuka,0.796,0.79,130915672.11843136
94,The Three Musketeers,68144537.81512605,122430396.04313724,1993.0,62915.0,Viking,704.0,262810,Alexandre Dumas,0.8140000000000001,0.64,54285858.22801119
95,Germinal,,0.0,1993.0,6038.0,Penguin Classics,592.0,27614,Émile Zola,0.828,0.71,
96,Chasers,,3540083.177142857,1994.0,7633.0,Ballantine Books,352.0,289,Lorenzo Carcaterra,0.764,0.52,
97,Ghost,55969380.39215686,1284751686.2745097,1990.0,251409.0,Tor Books,279.0,800,Piers Anthony,0.636,0.71,1228782305.8823528
98,The Silence of the Lambs,45753466.96362288,656786014.2783668,1991.0,1674785.0,St. Martin's Press,352.0,441101,Thomas  Harris,0.8380000000000001,0.86,611032547.3147439
99,Snow White and the Seven Dwarfs,,0.0,1937.0,234747.0,Harmony,128.0,22533,Walt Disney Company,0.8380000000000001,0.76,
100,Beauty and the Beast,60201930.21529325,908689266.3363328,1991.0,499046.0,Seastar Books,48.0,5862,Marianna Mayer,0.868,0.8,848487336.1210395
101,Jane Eyre,,0.0,1996.0,10638.0,Penguin,532.0,1548529,Charlotte Brontë,0.8240000000000001,0.6799999999999999,
102,Jane Eyre,,0.0,1996.0,10638.0,Signet Classics,462.0,1553077,Charlotte Brontë,0.8240000000000001,0.6799999999999999,
103,Jane Eyre,,0.0,1996.0,10638.0,Turtleback Books,461.0,1553399,Charlotte Brontë,0.8240000000000001,0.6799999999999999,
104,Theodore Rex,72201514.9501661,0.0,1995.0,5063.0,Random House Trade Paperbacks,565.0,40229,Edmund Morris,0.8380000000000001,0.24,-72201514.9501661
105,Frisk,,0.0,1996.0,800.0,Grove Weidenfeld,204.0,3225,Dennis Cooper,0.686,0.49000000000000005,
106,Moll Flanders,,0.0,1996.0,4670.0,Wordsworth Editions,339.0,40471,Daniel Defoe,0.704,0.64,
107,James and the Giant Peach,79676690.36845508,60640805.17874597,1996.0,77652.0,Alfred A. Knopf,146.0,357187,Roald Dahl,0.8019999999999999,0.67,-19035885.189709112
108,James and the Giant Peach,79676690.36845508,60640805.17874597,1996.0,77652.0,HarperFestival,3.0,358468,Roald Dahl,0.8019999999999999,0.67,-19035885.189709112
109,The Promise,,0.0,1995.0,969.0,Anchor Books,368.0,12132,Chaim Potok,0.8300000000000001,0.67,
110,The Promise,,0.0,1995.0,969.0,Moyer Bell and its subsidiaries,256.0,375,Pearl S. Buck,0.8019999999999999,0.67,
111,Solo,,0.0,1996.0,4720.0,Headline Review,421.0,4259,Jill Mansell,0.73,0.41,
112,Delta of Venus,,135672.0347641196,1995.0,2496.0,Random House Value Publishing,,18135,Anaïs Nin,0.724,0.47000000000000003,
113,The Quest,62902650.29088559,120354884.4815514,1996.0,29646.0,Thomas Dunne Books,512.0,9057,Wilbur Smith,0.77,0.5599999999999999,57452234.190665804
114,Of Love and Shadows,,0.0,1994.0,2604.0,Dial Press Trade Paperback,304.0,23666,Isabel Allende,0.794,0.49000000000000005,
115,Mouth to Mouth,,0.0,1995.0,1833.0,Kensington,280.0,3292,Erin McCarthy,0.762,0.63,
116,Cold Comfort Farm,,0.0,1995.0,7996.0,Penguin Classics,233.0,40159,Stella Gibbons,0.782,0.72,
117,Twister,192901460.8920492,1036785645.099108,1996.0,248146.0,Ballantine Books,182.0,1723,Michael Crichton,0.726,0.6599999999999999,843884184.2070588
118,Ghost in the Shell,,4930639.30067774,1995.0,169248.0,Titan,368.0,9990,Masamune Shirow,0.836,0.79,
119,Thinner,,0.0,1996.0,36205.0,Signet,320.0,166221,Richard Bachman,0.744,0.58,
120,Kim,,0.0,1950.0,2359.0,Adamant Media Corporation,337.0,32132,Rudyard Kipling,0.744,0.65,
121,Trainspotting,8387020.038784746,34577754.60530058,1996.0,759395.0,British Film Institute,96.0,76,Murray Smith,0.806,0.8099999999999999,26190734.566515837
122,The Fan,115321525.53329024,39055037.35095023,1996.0,53348.0,Fawcett,320.0,321,Peter Abrahams,0.688,0.5900000000000001,-76266488.18234
123,The Hunchback of Notre Dame,209675500.96961865,209966637.49947,1996.0,181183.0,Tantor Audio,,162555,Victor Hugo,0.8,0.7,291136.5298513472
124,A Time to Kill,83870200.38784745,319264512.9836846,1996.0,194946.0,Random House Audio Publishing Group,,684687,John Grisham,0.8140000000000001,0.75,235394312.59583715
125,Alaska,48225365.22301229,0.0,1996.0,6073.0,Dial Press Trade Paperback,868.0,11312,James A. Michener,0.8240000000000001,0.58,-48225365.22301229
126,Death in the Garden,,0.0,1956.0,2795.0,Felony & Mayhem,294.0,617,Elizabeth Ironside,0.73,0.67,
127,Ransom,167740400.7756949,648930329.3510537,1996.0,141860.0,Laurel Leaf,176.0,3678,Lois Duncan,0.734,0.67,481189928.5753588
128,Matilda,75483180.34906271,70156198.11950874,1996.0,190463.0,Puffin Books,240.0,590839,Roald Dahl,0.8640000000000001,0.7,-5326982.229553968
129,Emma,12580530.05817712,46614340.28535231,1996.0,43486.0,Penguin Books,474.0,609938,Jane Austen,0.8,0.6599999999999999,34033810.22717519
130,The Godfather,47238058.25242718,1929410233.088544,1972.0,2172885.0,NAL,448.0,316399,Mario Puzo,0.8720000000000001,0.9199999999999999,1882172174.8361168
131,The Godfather,47238058.25242718,1929410233.088544,1972.0,2172885.0,Brilliance Audio,12.0,317196,Mario Puzo,0.874,0.9199999999999999,1882172174.8361168
132,Bound,9435397.54363284,14701014.044318035,1996.0,65688.0,Simon Pulse,186.0,5286,Donna Jo Napoli,0.742,0.73,5265616.5006851945
133,Gone Fishin',107851342.53450435,0.0,1997.0,11026.0,Washington Square Press,208.0,2366,Walter Mosley,0.78,0.48,-107851342.53450435
134,The Island of Dr. Moreau,83870200.38784745,104057294.2383452,1996.0,37570.0,J. M. Dent & Sons,176.0,88821,H.G. Wells,0.746,0.45999999999999996,20187093.850497752
135,Twelfth Night,,0.0,1996.0,6687.0,Simon Schuster,272.0,151681,William Shakespeare,0.796,0.71,
136,Mother Night,,0.0,1996.0,5831.0,Dial Press,282.0,72252,Kurt Vonnegut Jr.,0.844,0.71,
137,For Whom the Bell Tolls,,0.0,1943.0,10916.0,Vintage Classics,490.0,241480,Ernest Hemingway,0.794,0.6799999999999999,
138,For Whom the Bell Tolls,,0.0,1943.0,10916.0,P. F. Collier and Sons,503.0,241544,Ernest Hemingway,0.794,0.6799999999999999,
139,Breakfast at Tiffany's,27175603.217158176,103267292.22520109,1961.0,201535.0,Penguin Books,157.0,204370,Truman Capote,0.778,0.75,76091689.0080429
140,Vertigo,28076406.1452514,317119553.0726257,1958.0,452334.0,British Film Institute,87.0,157,Charles Barr,0.766,0.82,289043146.9273743
141,Charade,42623915.900131404,143584926.42522994,1963.0,91515.0,Hachette Books,496.0,7770,Sandra Brown,0.788,0.78,100961010.52509853
142,The Maltese Falcon,,0.0,1941.0,172542.0,Orion,213.0,82075,Dashiell Hammett,0.782,0.79,
143,The Wizard of Oz,,0.0,1939.0,458508.0,British Film Institute,69.0,815,Salman Rushdie,0.8,0.8099999999999999,
144,The Wizard of Oz,,0.0,1939.0,458508.0,,219.0,348776,L. Frank Baum,0.798,0.8099999999999999,
145,Gone with the Wind,,0.0,1939.0,351538.0,Warner Books,1037.0,1041731,Margaret Mitchell,0.86,0.82,
146,Rebecca,,0.0,1940.0,160835.0,Virago Press (UK),441.0,420434,Daphne du Maurier,0.8460000000000001,0.8099999999999999,
147,Spellbound,,0.0,1945.0,55681.0,Penguin Books Ltd,439.0,24635,Jane Green,0.726,0.75,
148,The Adventures of Robin Hood,,0.0,1938.0,56999.0,University of Wisconsin Press,235.0,5,Rudy Behlmer,0.8800000000000001,0.79,
149,The Adventures of Robin Hood,,0.0,1938.0,56999.0,Puffin,320.0,11799,Roger Lancelyn Green,0.8140000000000001,0.79,
150,Lost Horizon,,0.0,1937.0,15421.0,Harper Perennial,241.0,16845,James Hilton,0.784,0.76,
151,East of Eden,12.116847217033992,60.58423608516996,1955.0,51071.0,Penguin Books,601.0,409480,John Steinbeck,0.874,0.78,48.46738886813597
152,East of Eden,12.116847217033992,60.58423608516996,1955.0,51071.0,Bantam Books,691.0,409480,John Steinbeck,0.874,0.78,48.46738886813597
153,The Thin Man,,0.0,1934.0,34391.0,Vintage Crime/Black Lizard,201.0,25894,Dashiell Hammett,0.79,0.79,
154,Around the World in Eighty Days,72538501.67722699,507769511.7405889,1956.0,31356.0,Signet,236.0,175298,Jules Verne,0.786,0.67,435231010.0633619
155,The Scarlet Letter,,0.0,1926.0,2114.0,Penguin Books,279.0,678359,Nathaniel Hawthorne,0.6799999999999999,0.76,
156,The Scarlet Letter,,0.0,1926.0,2114.0,W. W. Norton & Company,439.0,679902,Nathaniel Hawthorne,0.6799999999999999,0.76,
157,Of Human Bondage,,0.0,1934.0,8950.0,Replica Books,774.0,45518,W. Somerset Maugham,0.826,0.7,
158,Cat on a Hot Tin Roof,33977094.97206704,198996189.0793296,1958.0,56125.0,New Directions Publishing Corporation,173.0,51224,Tennessee Williams,0.8160000000000001,0.79,165019094.10726255
159,A Farewell to Arms,,0.0,1932.0,7385.0,Amereon Limited,336.0,253173,Ernest Hemingway,0.762,0.64,
160,Bliss,,598399.9470012547,1997.0,3069.0,Leisure Books,394.0,2254,Lynsay Sands,0.794,0.6,
161,Last Man Standing,140482585.6496445,99107321.14006466,1996.0,62996.0,Warners Visions Books,640.0,45331,David Baldacci,0.808,0.64,-41375264.50957984
162,Last Man Standing,140482585.6496445,99107321.14006466,1996.0,62996.0,Warner Books,821.0,45331,David Baldacci,0.808,0.64,-41375264.50957984
163,The Chamber,104837750.48480932,47261610.65360052,1996.0,16967.0,Random House Audio,,119700,John Grisham,0.758,0.6,-57576139.8312088
164,The Chamber,104837750.48480932,47261610.65360052,1996.0,16967.0,Dell Publishing Company,676.0,119712,John Grisham,0.758,0.6,-57576139.8312088
165,Pollyanna,,0.0,1960.0,12253.0,Hard Press,170.0,73752,Eleanor H. Porter,0.796,0.74,
166,Swiss Family Robinson,,0.0,1960.0,19470.0,IndyPublish.com,332.0,94382,Johann David Wyss,0.784,0.71,
167,"20,000 Leagues Under the Sea",60201930.21529324,339538886.4142539,1954.0,39685.0,IndyPublish,440.0,186838,Jules Verne,0.776,0.72,279336956.19896066
168,"20,000 Leagues Under the Sea",60201930.21529324,339538886.4142539,1954.0,39685.0,Evans Brothers,48.0,728,Pauline Francis,0.752,0.72,279336956.19896066
169,Alice in Wonderland,38341371.15839244,7310421434.200158,1951.0,163531.0,Gramercy Books,92.0,367242,Jane Carruth,0.806,0.73,7272080063.041765
170,Alice in Wonderland,38341371.15839244,7310421434.200158,1951.0,163531.0,Scholastic Paperbacks,160.0,214824,Lewis Carroll,0.8039999999999999,0.73,7272080063.041765
171,The Secret Agent,,0.0,1996.0,2753.0,Oxford University Press,304.0,17917,Joseph Conrad,0.718,0.5599999999999999,
172,The Ghost and the Darkness,104837750.48480932,157256625.72721398,1996.0,69470.0,Applause Theatre & Cinema Book Publishers,192.0,47,William Goldman,0.748,0.6799999999999999,52418875.242404655
173,Jude,14677285.067873305,849185.7789269555,1996.0,11615.0,Simon Pulse,288.0,1437,Kate Morgenroth,0.844,0.6900000000000001,-13828099.28894635
174,A Damsel in Distress,,0.0,1937.0,2554.0,rbooks,216.0,4982,P.G. Wodehouse,0.8160000000000001,0.6799999999999999,
175,Crossfire,,0.0,1947.0,10577.0,University of Queensland Pr (Australia),144.0,16,James Moloney,0.538,0.72,
176,The Old Man and the Sea,,0.0,1958.0,9137.0,Simon  Schuster Audio,3.0,779615,Ernest Hemingway,0.754,0.6900000000000001,
177,The Old Man and the Sea,,0.0,1958.0,9137.0,Heinemann Library,92.0,782720,Ernest Hemingway,0.754,0.6900000000000001,
178,The Doors,91506933.92724577,82878535.6245286,1991.0,105628.0,Hachette Books,304.0,243,The Doors,0.8619999999999999,0.72,-8628398.302717164
179,Sophie's Choice,41233220.33898305,103206750.50847456,1982.0,56004.0,Vintage Books,640.0,80087,William Styron,0.8380000000000001,0.75,61973530.16949151
180,A Christmas Carol,,0.0,1938.0,9480.0,Bethany House Publishers,104.0,574810,Charles Dickens,0.8099999999999999,0.75,
181,A Streetcar Named Desire,23004822.69503546,102243656.42237982,1951.0,118760.0,Dramatists Play Service,107.0,254700,Tennessee Williams,0.796,0.79,79238833.72734436
182,Microcosmos,,0.0,1996.0,12016.0,Cambridge University Press,208.0,1,Jeremy Burgess,0.8,0.79,
183,The Abyss,187341254.1254125,240867589.01042905,1989.0,205387.0,Legend,363.0,18197,Orson Scott Card,0.8140000000000001,0.75,53526334.88501656
184,Faust,,0.0,1994.0,4594.0,W.W. Norton & Company,752.0,29391,Johann Wolfgang von Goethe,0.792,0.74,
185,Faust,,0.0,1994.0,4594.0,Hesperus Press,92.0,343,Ivan Turgenev,0.766,0.74,
186,The English Patient,56612385.26179703,486397731.2501617,1996.0,211128.0,Vintage,,109082,Michael Ondaatje,0.776,0.74,429785345.9883647
187,One Flew Over the Cuckoo's Nest,18606195.02868069,675908952.3747611,1975.0,1135984.0,Signet,272.0,606956,Ken Kesey,0.8400000000000001,0.86,657302757.3460804
188,One Flew Over the Cuckoo's Nest,18606195.02868069,675908952.3747611,1975.0,1135984.0,Signet,272.0,606956,Ken Kesey,0.8400000000000001,0.86,657302757.3460804
189,One Flew Over the Cuckoo's Nest,18606195.02868069,675908952.3747611,1975.0,1135984.0,Signet,272.0,608126,Ken Kesey,0.8400000000000001,0.86,657302757.3460804
190,One Flew Over the Cuckoo's Nest,18606195.02868069,675908952.3747611,1975.0,1135984.0,Barron's Educational Series,121.0,100,Peter Fish,0.866,0.86,657302757.3460804
191,The Princess Bride,46587863.554757625,89849976.7643806,1987.0,475349.0,Ballantine Books,456.0,750670,William Goldman,0.852,0.8,43262113.20962298
192,The Princess Bride,46587863.554757625,89849976.7643806,1987.0,475349.0,Ballantine Books,283.0,751947,William Goldman,0.852,0.8,43262113.20962298
193,Brazil,46031409.649952695,0.0,1985.0,219603.0,Random House Trade Paperbacks,272.0,2345,John Updike,0.6900000000000001,0.78,-46031409.649952695
194,A Clockwork Orange,17884952.380952384,216155908.5714286,1971.0,923993.0,Penguin Classics,159.0,570424,Anthony Burgess,0.798,0.82,198270956.1904762
195,To Kill a Mockingbird,21595739.014647137,141774363.75925434,1962.0,347310.0,Harper Perennial Modern Classics,323.0,4268356,Harper Lee,0.8539999999999999,0.8300000000000001,120178624.7446072
196,Return of the Jedi,107183910.11235954,1897503101.123596,1983.0,1186506.0,Skylark Books,128.0,27,Christopher Golden,0.726,0.8300000000000001,1790319191.0112364
197,The Third Man,,8056498.643565181,1949.0,192461.0,Penguin Books,157.0,11473,Graham Greene,0.764,0.8099999999999999,
198,The Third Man,,8056498.643565181,1949.0,192461.0,British Film Institute,87.0,50,Rob    White,0.756,0.8099999999999999,
199,Alien,52088291.97080292,496883480.68274456,1979.0,1040202.0,Grand Central Publishing,270.0,17055,Alan Dean Foster,0.818,0.85,444795188.71194166
200,Ran,35290747.398297064,12488790.958410596,1985.0,147981.0,Shambhala,110.0,42,Akira Kurosawa,0.8380000000000001,0.82,-22801956.439886466
201,Henry V,24086732.673267327,0.0,1989.0,32950.0,Washington Square Press,294.0,40143,William Shakespeare,0.776,0.75,-24086732.673267327
202,Amadeus,57185347.69833497,165116429.68336925,1984.0,456914.0,Harper Perennial,160.0,15746,Peter Shaffer,0.8400000000000001,0.8400000000000001,107931081.98503429
203,The Right Stuff,89457977.52808988,71235056.17977528,1983.0,68187.0,Black Dog & Leventhal,304.0,42012,Tom Wolfe,0.8480000000000001,0.78,-18222921.3483146
204,Glory,48173465.346534654,71800850.64620462,1989.0,151209.0,Eerdmans Books for Young Readers,32.0,16,Nancy White Carlstrom,0.738,0.78,23627385.299669966
205,Dead Poets Society,43891379.537953794,631233284.7086469,1989.0,619804.0,Starfire,166.0,45564,N.H. Kleinbaum,0.844,0.8099999999999999,587341905.1706932
206,The Graduate,29577629.179331303,1034677771.800608,1967.0,299807.0,Penguin,192.0,8228,Charles Webb,0.682,0.8,1005100142.6212767
207,The Treasure of the Sierra Madre,52052297.2972973,58997169.5945946,1948.0,139469.0,Hill & Wang,308.0,1901,B. Traven,0.818,0.82,6944872.297297299
208,The Shining,79012717.94871794,183049071.40553844,1980.0,1193734.0,Simon & Schuster Audio,16.0,1062889,Stephen King,0.844,0.8400000000000001,104036353.4568205
209,The Shining,79012717.94871794,183049071.40553844,1980.0,1193734.0,Signet,447.0,1066421,Stephen King,0.844,0.8400000000000001,104036353.4568205
210,Stand by Me,23611865.332120106,154325422.24160144,1986.0,474615.0,Columbia Pictures Pubns,96.0,1505,Raynold Gideon,0.8640000000000001,0.8099999999999999,130713556.90948133
211,The Manchurian Candidate,863829560.5858855,1037739075.0625832,1962.0,83618.0,British Film Institute,96.0,61,Greil Marcus,0.718,0.79,173909514.47669768
212,Akira,22370206.896551725,1546818.7148965518,1988.0,221095.0,,359.0,22884,Katsuhiro Otomo,0.876,0.8,-20823388.181655172
213,Cyrano de Bergerac,,0.0,1990.0,27154.0,Dover Publications,144.0,70695,Edmond Rostand,0.8119999999999999,0.75,
214,The Unbearable Lightness of Being,47536689.655172415,27981790.074206896,1988.0,40220.0,Harper Perennial,320.0,319363,Milan Kundera,0.82,0.72,-19554899.58096552
215,The Unbearable Lightness of Being,47536689.655172415,27981790.074206896,1988.0,40220.0,HarperCollins Publishers,314.0,320727,Milan Kundera,0.82,0.72,-19554899.58096552
216,A Room with a View,9206281.92999054,64341611.92991485,1985.0,51351.0,Digireads.com,119.0,146790,E.M. Forster,0.782,0.72,55135329.99992431
217,A Room with a View,9206281.92999054,64341611.92991485,1985.0,51351.0,Vintage,246.0,147082,E.M. Forster,0.782,0.72,55135329.99992431
218,The Birds,26639947.437582124,121515765.26517738,1963.0,216805.0,Focus,98.0,3546,Aristophanes,0.776,0.76,94875817.82759526
219,Dracula,93815762.83441792,506283077.936775,1992.0,262739.0,Back Bay Books,448.0,885289,Bram Stoker,0.798,0.74,412467315.1023571
220,Dracula,93815762.83441792,506283077.936775,1992.0,262739.0,Palgrave MacMillan,622.0,888022,Bram Stoker,0.798,0.74,412467315.1023571
221,Carrie,10463483.870967742,196480974.91039425,1976.0,223253.0,Pocket Books,253.0,489304,Stephen King,0.792,0.74,186017491.0394265
222,The Crucible,52418875.24240466,0.0,1996.0,42247.0,Penguin Books,143.0,310467,Arthur  Miller,0.716,0.6799999999999999,-52418875.24240466
223,The Last of the Mohicans,93815762.83441792,177090986.97764277,1992.0,202123.0,State University of New York Press,418.0,84254,James Fenimore Cooper,0.74,0.76,83275224.14322485
224,The Last of the Mohicans,93815762.83441792,177090986.97764277,1992.0,202123.0,Barnes  Noble Classics,480.0,84369,James Fenimore Cooper,0.74,0.76,83275224.14322485
225,Hamlet,,0.0,1996.0,41447.0,Cambridge University Press,289.0,695817,William Shakespeare,0.8039999999999999,0.77,
226,Hamlet,,0.0,1996.0,41447.0,Dover Publications,128.0,698155,William Shakespeare,0.8039999999999999,0.77,
227,Mother,,0.0,1996.0,7273.0,Citadel Press,406.0,11684,Maxim Gorky,0.786,0.6900000000000001,
228,Mother,,0.0,1996.0,7273.0,Echo Library,285.0,11707,Maxim Gorky,0.786,0.6900000000000001,
229,The Portrait of a Lady,,7742972.382986426,1996.0,13385.0,Penguin Classics,797.0,68057,Henry James,0.756,0.62,
230,Underworld,,0.0,1996.0,825.0,Scribner,827.0,25858,Don DeLillo,0.784,0.47000000000000003,
231,The Cement Garden,,733632.7366946777,1993.0,5720.0,Vintage,144.0,24352,Ian McEwan,0.708,0.7,
232,Fire on the Mountain,,0.0,1996.0,54.0,Penguin Books,160.0,775,Anita Desai,0.722,0.73,
233,Touch,,0.0,1997.0,3116.0,HarperTorch,336.0,1532,Elmore Leonard,0.706,0.5599999999999999,
234,Private Parts,56978067.754077785,83901830.67774151,1997.0,40213.0,Pocket Books,660.0,4246,Howard Stern,0.754,0.6900000000000001,26923762.923663728
235,The Van,,0.0,1996.0,5059.0,Secker and Warburg,312.0,6301,Roddy Doyle,0.788,0.67,
236,Crash,20967550.096961863,0.0,1996.0,71088.0,Picador,224.0,21575,J.G. Ballard,0.722,0.64,-20967550.096961863
237,Crash,20967550.096961863,0.0,1996.0,71088.0,Laurel Leaf,176.0,11555,Jerry Spinelli,0.758,0.64,-20967550.096961863
238,Anna Karenina,71222584.69259723,1611319.4067754075,1997.0,6392.0,Penguin Classics,838.0,631550,Leo Tolstoy,0.8099999999999999,0.63,-69611265.28582183
239,Traveller,,0.0,1997.0,2463.0,Dell Publishing,355.0,1024,Richard  Adams,0.784,0.61,
240,The Promise,,0.0,1995.0,969.0,Anchor Books,368.0,12132,Chaim Potok,0.8300000000000001,0.67,
241,The Promise,,0.0,1995.0,969.0,Moyer Bell and its subsidiaries,256.0,375,Pearl S. Buck,0.8019999999999999,0.67,
242,Shiloh,,0.0,1996.0,3990.0,Perfection Learning,137.0,72246,Phyllis Reynolds Naylor,0.788,0.63,
243,The Pillow Book,,0.0,1996.0,14103.0,Columbia University Press,419.0,5732,Sei Shōnagon,0.8019999999999999,0.65,
244,Contempt,9590381.077529564,5630917.657818659,1963.0,38014.0,NYRB Classics,251.0,3359,Alberto Moravia,0.782,0.74,-3959463.4197109053
245,Contact,183143789.2095357,348218060.70936006,1997.0,307751.0,Pocket,580.0,116114,Carl Sagan,0.828,0.75,165074271.49982437
246,Contact,183143789.2095357,348218060.70936006,1997.0,307751.0,Pocket Books,434.0,116309,Carl Sagan,0.828,0.75,165074271.49982437
247,Picture Perfect,38663688.83312421,90212591.22659974,1997.0,22330.0,Berkley,369.0,52316,Jodi Picoult,0.708,0.55,51548902.393475525
248,Desperate Measures,100113580.24691357,0.0,1998.0,18842.0,Grand Central Publishing,512.0,1125,David Morrell,0.752,0.61,-100113580.24691357
249,The Edge,,88137529.36130488,1997.0,83522.0,G.P. Putnam's Sons,368.0,4481,Dick Francis,0.8039999999999999,0.7,
250,L.A. Confidential,71222584.69259723,256842762.82258463,1997.0,649980.0,Random House Audio,,28194,James Ellroy,0.842,0.82,185620178.12998742
251,A Thousand Acres,,0.0,1997.0,6016.0,Anchor,371.0,56730,Jane Smiley,0.762,0.61,
252,The Game,101746549.56085318,222669572.48722705,1997.0,461184.0,Firebird,181.0,3648,Diana Wynne Jones,0.728,0.77,120923022.92637387
253,The Ice Storm,36628757.84190714,16356899.438193224,1997.0,62792.0,Back Bay Books,288.0,5194,Rick Moody,0.732,0.73,-20271858.40371392
254,I Know What You Did Last Summer,34593826.85069008,255559116.14373896,1997.0,176873.0,Laurel Leaf,208.0,11066,Lois Duncan,0.7,0.58,220965289.29304886
255,The Devil's Advocate,115991066.49937265,311231828.5751568,1997.0,433995.0,Loyola Classics,448.0,1703,Morris L. West,0.776,0.75,195240762.07578415
256,Phantoms,,11261340.146765431,1998.0,24153.0,DAW,270.0,13,Rosalind M. Greenberg,0.6759999999999999,0.54,
257,Switchback,75292446.67503135,13190819.496612294,1997.0,15900.0,Harlequin,250.0,296,Catherine Anderson,0.752,0.64,-62101627.17841905
258,The Rainmaker,81397239.64868255,93437456.25465494,1997.0,89095.0,Delta,419.0,161446,John Grisham,0.788,0.72,12040216.605972394
259,The Rainmaker,81397239.64868255,93437456.25465494,1997.0,89095.0,Random House Audio,,161825,John Grisham,0.788,0.72,12040216.605972394
260,Witness,36825127.71996216,210845316.0399621,1985.0,111597.0,Scholastic Paperbacks,161.0,5006,Karen Hesse,0.744,0.73,174020188.31999996
261,Starship Troopers,213667754.0777917,246662892.33836883,1997.0,340664.0,Ace Book,335.0,181361,Robert A. Heinlein,0.8019999999999999,0.73,32995138.260577142
262,The Joy Luck Club,24986330.532212883,74643564.16,1993.0,19371.0,Penguin Books,288.0,583691,Amy Tan,0.784,0.77,49657233.62778711
263,Mrs. Dalloway,,6734443.355884566,1997.0,4499.0,Houghton Mifflin Harcourt,194.0,210231,Virginia Woolf,0.758,0.65,
264,The Butcher Boy,,0.0,1997.0,11898.0,Delta,231.0,7313,Patrick McCabe,0.768,0.71,
265,Midnight in the Garden of Good and Evil,71222584.69259723,51087461.441907145,1997.0,43167.0,Modern Library,388.0,211227,John Berendt,0.784,0.6599999999999999,-20135123.25069008
266,The Sweet Hereafter,10174654.95608532,6641170.258971141,1997.0,37827.0,,416.0,8178,Russell Banks,0.77,0.74,-3533484.69711418
267,The Postman,162794479.2973651,35868169.82504391,1997.0,82278.0,Miramax Books,128.0,10421,Antonio Skármeta,0.742,0.61,-126926309.47232118
268,Afterglow,,5018058.427101631,1997.0,4030.0,Mira Books,248.0,1044,Catherine Coulter,0.74,0.6,
269,Great Expectations,50056790.12345678,111114192.59437037,1998.0,59155.0,Penguin Audio,3.0,622146,Charles Dickens,0.754,0.6799999999999999,61057402.47091358
270,Great Expectations,50056790.12345678,111114192.59437037,1998.0,59155.0,Signet Classics,494.0,623762,Charles Dickens,0.754,0.6799999999999999,61057402.47091358
271,Great Expectations,50056790.12345678,111114192.59437037,1998.0,59155.0,Brilliance Audio,518.0,623897,Charles Dickens,0.754,0.6799999999999999,61057402.47091358
272,Firestorm,38043160.49382716,0.0,1998.0,4516.0,Bantam,368.0,9345,Iris Johansen,0.808,0.48,-38043160.49382716
273,Hard Rain,140159012.345679,39786272.07812345,1998.0,38855.0,Vintage,368.0,44,Tim Riley,0.6900000000000001,0.5900000000000001,-100372740.26755553
274,Fallen Angels,,0.0,1995.0,58366.0,FaithWords,336.0,152,Patricia Hickman,0.76,0.75,
275,Twilight,,0.0,1998.0,15127.0,Schocken,224.0,823,Elie Wiesel,0.784,0.62,
276,Midaq Alley,,0.0,1995.0,3575.0,Anchor Books,286.0,8709,Naguib Mahfouz,0.77,0.73,
277,The Man in the Iron Mask,,0.0,1998.0,186878.0,Turtleback Books,592.0,64230,Alexandre Dumas,0.798,0.65,
278,The Man in the Iron Mask,,0.0,1998.0,186878.0,Abdo Publishing Company,238.0,627,Raymond H. Harris,0.8140000000000001,0.65,
279,Wild Things,40045432.09876543,134552651.85185185,1998.0,138647.0,Bella Books,172.0,706,Karin Kallmaker,0.796,0.6599999999999999,94507219.75308642
280,Fireworks,,0.0,1997.0,34986.0,Anchor Books,288.0,28,George Plimpton,0.8,0.77,
281,Wide Awake,12013629.629629629,0.0,1998.0,4773.0,Knopf Books for Young Readers,221.0,3886,David Levithan,0.744,0.58,-12013629.629629629
282,Eden,,0.0,1996.0,375.0,Mariner Books,276.0,4249,Stanisław Lem,0.782,0.5700000000000001,
283,Eden,,0.0,1996.0,375.0,Houghton Mifflin Harcourt P,262.0,4262,Stanisław Lem,0.782,0.5700000000000001,
284,The Gingerbread Man,,0.0,1998.0,12107.0,Brighter Child,32.0,358,Catherine McCafferty,0.82,0.5700000000000001,
285,Live Flesh,,3124754.563011292,1997.0,35134.0,Fawcett,352.0,1321,Ruth Rendell,0.746,0.73,
286,Love Walked In,,0.0,1997.0,466.0,Love Inspired,250.0,78,Merrillee Whren,0.77,0.53,
287,Les Misérables,,28224663.27239506,1998.0,45147.0,Signet Classics,1463.0,641220,Victor Hugo,0.834,0.74,
288,Fear and Loathing in Las Vegas,37042024.69135802,21384811.36543209,1998.0,314910.0,Harper Perennial,230.0,288789,Hunter S. Thompson,0.8160000000000001,0.75,-15657213.325925931
289,Insomnia,,0.0,1997.0,16895.0,Debolsillo,890.0,130678,Stephen King,0.764,0.72,
290,Cousin Bette,,0.0,1998.0,2972.0,Modern Library,468.0,8121,Honoré de Balzac,0.77,0.62,
291,Doctor Dolittle,142161283.95061725,589582099.0780246,1998.0,106237.0,Yearling,128.0,120,N.H. Kleinbaum,0.6839999999999999,0.54,447420815.1274074
292,Whatever,,0.0,1998.0,1073.0,Serpent's Tail,160.0,10979,Michel Houellebecq,0.7140000000000001,0.64,
293,Wings,,0.0,1927.0,15824.0,Dell,480.0,5054,Danielle Steel,0.77,0.75,
294,All Quiet on the Western Front,,0.0,1930.0,71013.0,Fawcett Crest,256.0,343162,Erich Maria Remarque,0.794,0.8099999999999999,
295,How Green Was My Valley,,0.0,1941.0,28504.0,Penguin Classics,448.0,14214,Richard Llewellyn,0.834,0.77,
296,Mrs. Miniver,,0.0,1942.0,20811.0,Mariner Books,162.0,1322,Jan Struther,0.794,0.76,
297,Hamlet,10273479.72972973,0.0,1948.0,19506.0,Cambridge University Press,289.0,695817,William Shakespeare,0.8039999999999999,0.75,-10273479.72972973
298,Hamlet,10273479.72972973,0.0,1948.0,19506.0,Dover Publications,128.0,698155,William Shakespeare,0.8039999999999999,0.75,-10273479.72972973
299,All the King's Men,,0.0,1949.0,17822.0,Harcourt Brace,439.0,54036,Robert Penn Warren,0.818,0.74,
300,The Greatest Show on Earth,49053761.8147448,441483856.3327032,1952.0,17031.0,iUniverse,148.0,6,Daniel Scott Buck,0.6,0.65,392430094.5179584
301,Tom Jones,10655978.975032851,400664809.4612352,1963.0,15071.0,Wordsworth Editions,734.0,30813,Henry Fielding,0.748,0.64,390008830.48620236
302,Tom Jones,10655978.975032851,400664809.4612352,1963.0,15071.0,W. W. Norton & Company,816.0,30845,Henry Fielding,0.748,0.64,390008830.48620236
303,Chariots of Fire,20458990.82568807,219368382.1636697,1981.0,69908.0,Dell Publishing Company,176.0,368,William J. Weatherby,0.792,0.71,198909391.33798164
304,Out of Africa,95131579.94323556,394333303.0032166,1985.0,91287.0,Penguin Books,330.0,32185,Isak Dinesen,0.792,0.72,299201723.05998105
305,The Last Emperor,66970053.85996409,128070706.6125673,1987.0,117633.0,Brighter Child,32.0,5,Jeremy Smith,0.8,0.77,61100652.75260322
306,Labyrinth,73787079.16287534,37572135.7366333,1986.0,160507.0,Fawcett,384.0,105,Jon Land,0.794,0.73,-36214943.42624204
307,Halloween,1551999.9999999998,362133333.3333333,1978.0,332916.0,Bantam,166.0,7398,Richard Curtis,0.826,0.77,360581333.3333333
308,Babes in Toyland,,0.0,1961.0,5105.0,Houghton Mifflin Harcourt P,79.0,8,James Howe,0.65,0.61,
309,Dune,127078550.44074436,98249796.4144956,1984.0,190563.0,Ace/Berkley Books,535.0,689160,Frank Herbert,0.8460000000000001,0.62,-28828754.026248753
310,The Last Temptation of Christ,19573931.03448276,23414853.61448276,1988.0,66790.0,Simon  Schuster,506.0,11714,Nikos Kazantzakis,0.8320000000000001,0.75,3840922.580000002
311,Lolita,126165721.45545794,2157140.8068255954,1997.0,72803.0,Random House Audio,12.0,634182,Vladimir Nabokov,0.778,0.6799999999999999,-124008580.64863235
312,Lolita,126165721.45545794,2157140.8068255954,1997.0,72803.0,Kniga,398.0,635964,Vladimir Nabokov,0.778,0.6799999999999999,-124008580.64863235
313,Disturbing Behavior,30034074.07407407,35054505.823604934,1998.0,27070.0,Starfire,192.0,31,John Whitman,0.704,0.5700000000000001,5020431.749530863
314,Seventh Heaven,,0.0,1997.0,429.0,Avon,379.0,1911,Catherine Anderson,0.8,0.65,
315,The Jungle Book,39436838.90577508,2029455341.556717,1967.0,209726.0,Tor Classics,277.0,100040,Rudyard Kipling,0.786,0.76,1990018502.6509418
316,Kidnapped,,0.0,1960.0,1722.0,Atheneum Books for Young Readers,64.0,56495,Robert Louis Stevenson,0.758,0.65,
317,Kidnapped,,0.0,1960.0,1722.0,ACC Distribution,208.0,56574,Robert Louis Stevenson,0.758,0.65,
318,Peter Pan,48703903.9039039,1064236930.7645644,1953.0,162562.0,Henry Holt and Co.,176.0,255182,J.M. Barrie,0.8140000000000001,0.73,1015533026.8606606
319,Sleeping Beauty,67087487.07342295,570243640.1240951,1959.0,169534.0,Hartorch,400.0,3187,Phillip Margolin,0.784,0.72,503156153.0506721
320,Something Wicked This Way Comes,62951910.112359546,18740077.916404493,1983.0,12409.0,Gauntlet Press,230.0,92240,Ray Bradbury,0.788,0.67,-44211832.19595505
321,Tex,,0.0,1982.0,2714.0,Alfaguara,224.0,10197,S.E. Hinton,0.768,0.64,
322,The Outsiders,33132584.26966292,111649012.89168538,1983.0,106982.0,Penguin Books,160.0,883824,S.E. Hinton,0.818,0.7,78516428.62202246
323,The Lord of the Rings,20693333.33333333,157638812.79999998,1978.0,38531.0,Highbridge Company,9.0,539613,J.R.R. Tolkien,0.9,0.62,136945479.46666664
324,Nineteen Eighty-Four,,0.0,1984.0,85766.0,Plume,339.0,2917777,George Orwell,0.836,0.7,
325,Cujo,16566292.13483146,70241078.65168539,1983.0,54636.0,Plaza y Janés,432.0,214181,Stephen King,0.744,0.61,53674786.51685393
326,"First Love, Last Rites",600681.4814814815,81176.0954074074,1998.0,380.0,Anchor,176.0,5234,Ian McEwan,0.732,0.5599999999999999,-519505.3860740741
327,Who's Afraid of Virginia Woolf?,76309912.1706399,343259169.93575907,1966.0,83266.0,NAL,272.0,58297,Edward Albee,0.8160000000000001,0.8,266949257.76511917
328,Who's Afraid of Virginia Woolf?,76309912.1706399,343259169.93575907,1966.0,83266.0,Dramatists Play Service,100.0,58397,Edward Albee,0.8160000000000001,0.8,266949257.76511917
329,Doctor Dolittle,177465775.07598785,88732887.53799392,1967.0,10868.0,Yearling,128.0,120,N.H. Kleinbaum,0.6839999999999999,0.62,-88732887.53799392
330,Charlotte's Web,,0.0,1973.0,23765.0,Puffin,176.0,1346349,E.B. White,0.834,0.6900000000000001,
331,Watership Down,5173333.333333333,19212559.786666665,1978.0,42393.0,Charles Scribner's Sons,476.0,417592,Richard  Adams,0.8119999999999999,0.75,14039226.453333333
332,House,8854449.49954504,0.0,1986.0,32187.0,Mariner Books,352.0,2076,Tracy Kidder,0.796,0.61,-8854449.49954504
333,The Best Man,,0.0,1997.0,468.0,Dramatists Play Service,88.0,252,Gore Vidal,0.8,0.61,
334,Rosemary's Baby,30439225.80645161,317665910.2864516,1968.0,253543.0,Caedmon,6.0,105787,Ira Levin,0.8,0.8,287226684.47999996
335,The Wrong Man,14507700.335445398,24179500.559075665,1956.0,34029.0,Harlequin Superromance,304.0,42,Laura Abbot,0.6519999999999999,0.74,9671800.223630266
336,Strangers on a Train,15336548.463356974,89463199.36958236,1951.0,147334.0,W. W. Norton & Company,281.0,16336,Patricia Highsmith,0.754,0.79,74126650.90622538
337,Strangers on a Train,15336548.463356974,89463199.36958236,1951.0,147334.0,Silhouette Books,253.0,22,Ruth Wind,0.718,0.79,74126650.90622538
338,Keep the Aspidistra Flying,,0.0,1997.0,1620.0,Penguin Books Ltd,277.0,14977,George Orwell,0.778,0.63,
339,The Untouchables,72793536.80430879,222079844.01321363,1987.0,348790.0,Buccaneer Books,256.0,684,Eliot Ness,0.778,0.78,149286307.20890486
340,Jamaica Inn,,0.0,1939.0,12005.0,Avon,302.0,29380,Daphne du Maurier,0.774,0.63,
341,The Skin Game,,0.0,1931.0,3883.0,Xlibris Corporation,188.0,4,Joseph T. Wilkins,0.85,0.5700000000000001,
342,The Ring,,0.0,1927.0,4232.0,Xlibris,260.0,291,Piers Anthony,0.686,0.61,
343,One True Thing,,0.0,1998.0,13225.0,Dell Publishing Company,400.0,36676,Anna Quindlen,0.806,0.6900000000000001,
344,Ronin,110124938.27160493,83316291.48958024,1998.0,204621.0,DC Comics,302.0,6492,Frank Miller,0.728,0.72,-26808646.78202468
345,The Sheltering Sky,63601568.62745098,5279143.89734902,1990.0,14556.0,Ecco Press,313.0,23798,Paul Bowles,0.782,0.67,-58322424.73010196
346,What Dreams May Come,170193086.41975307,143132471.77669135,1998.0,119001.0,Tor Books,288.0,11052,Richard Matheson,0.79,0.7,-27060614.643061727
347,The Inheritors,,0.0,1998.0,1207.0,Mariner Books,240.0,3521,William Golding,0.706,0.73,
348,Beloved,,0.0,1998.0,9931.0,Vintage,324.0,305047,Toni Morrison,0.768,0.61,
349,Happiness,6006814.814814814,5621157.280987654,1998.0,78608.0,HarperPerennial,320.0,3112,Will Ferguson,0.758,0.77,-385657.5338271605
350,Gods and Monsters,20022716.04938272,12917911.55002469,1998.0,33887.0,Harper Perennial,320.0,889,Christopher Bram,0.82,0.73,-7104804.49935803
351,The Stepford Wives,,0.0,1975.0,21148.0,Perennial,144.0,27639,Ira Levin,0.752,0.6900000000000001,
352,King Kong,,0.0,1933.0,94787.0,Pocket Star Books,374.0,196,Christopher Golden,0.758,0.79,
353,King Kong,133700071.6845878,526745990.9634408,1976.0,37697.0,Pocket Star Books,374.0,196,Christopher Golden,0.758,0.6,393045919.27885294
354,Lifeforce,76719016.08325449,0.0,1985.0,33432.0,Warner Books (NY),220.0,668,Colin Wilson,0.6679999999999999,0.61,-76719016.08325449
355,A Simple Plan,,0.0,1998.0,81076.0,Vintage,432.0,25010,Scott B. Smith,0.78,0.75,
356,First Blood,51541525.42372881,430244271.659661,1982.0,295080.0,Armchair Detective Library,252.0,6428,David Morrell,0.798,0.77,378702746.2359322
357,The Thin Red Line,104118123.45679012,196476034.7896296,1998.0,209662.0,Sceptre,475.0,12056,James  Jones,0.798,0.76,92357911.33283949
358,A Civil Action,140159012.345679,113534608.58992592,1998.0,32208.0,Vintage,512.0,14199,Jonathan Harr,0.794,0.6599999999999999,-26624403.75575307
359,Affliction,12209585.947302382,12881223.06067754,1997.0,21090.0,Babel,486.0,3278,Russell Banks,0.798,0.6900000000000001,671637.1133751571
360,Another Day in Paradise,,0.0,1998.0,9604.0,Penguin Books,272.0,294,Eddie Little,0.8039999999999999,0.65,
361,The Gate,7279353.680430879,0.0,1987.0,21379.0,Peter Owen Publishers,213.0,1270,Natsume Sōseki,0.79,0.61,-7279353.680430879
362,Trick or Treat,,20061874.506132845,1986.0,9171.0,Clarkson Potter,48.0,9,Emily Gwathmey,0.712,0.5900000000000001,
363,The Last Days,,0.0,1998.0,6363.0,Dalkey Archive Press,250.0,257,Raymond Queneau,0.76,0.79,
364,Blast from the Past,68930661.80935034,79295903.28694597,1999.0,75817.0,Delta,304.0,3160,Ben Elton,0.6900000000000001,0.67,10365241.477595627
365,Message in a Bottle,157555798.4213722,234127947.9653188,1999.0,41924.0,Grand Central Publishing,370.0,211317,Nicholas Sparks,0.792,0.63,76572149.5439466
366,Message in a Bottle,157555798.4213722,234127947.9653188,1999.0,41924.0,Free Press,352.0,7,Jefferson A. Singer,0.8859999999999999,0.63,76572149.5439466
367,Breakfast of Champions,23633369.76320583,0.0,1999.0,8633.0,"Samuel French, Inc.",106.0,17,Robert Egan,0.8,0.45999999999999996,-23633369.76320583
368,Pet Sematary,30777491.74917492,153805743.1671287,1989.0,122095.0,Pocket Books,576.0,397379,Stephen King,0.798,0.65,123028251.41795379
369,Christine,,70241078.65168539,1983.0,100263.0,LGF,411.0,190194,Stephen King,0.756,0.6799999999999999,
370,Night Shift,,72486912.11169492,1982.0,19532.0,Signet,326.0,140984,Stephen King,0.8,0.65,
371,Logan's Run,52317419.35483871,145326164.87455195,1976.0,64495.0,Bantam Books,149.0,9915,William F. Nolan,0.732,0.6799999999999999,93008745.51971325
372,Planet of the Apes,55171096.77419355,317665910.2864516,1968.0,207855.0,Wings,192.0,31260,Pierre Boulle,0.79,0.8,262494813.51225802
373,Battle for the Planet of the Apes,12913948.477751756,67187437.72740047,1973.0,37263.0,Award Books,158.0,493,David Gerrold,0.732,0.54,54273489.24964871
374,Avalanche,33626666.666666664,0.0,1978.0,2638.0,Coffee House Press,128.0,35,Quincy Troupe,0.738,0.38,-33626666.666666664
375,Harvest,,0.0,1999.0,331.0,Pocket Books,368.0,18521,Tess Gerritsen,0.8220000000000001,0.45999999999999996,
376,Bandits,,0.0,1997.0,3383.0,The New Press,226.0,481,Eric Hobsbawm,0.758,0.64,
377,"Love, etc.",,0.0,1996.0,787.0,Vintage,240.0,3231,Julian Barnes,0.74,0.62,
378,Election,,0.0,1999.0,109902.0,Berkley Books,200.0,7309,Tom Perrotta,0.772,0.72,
379,Election,,0.0,1999.0,109902.0,Putnam Adult,200.0,7315,Tom Perrotta,0.772,0.72,
380,Heaven,,0.0,1999.0,912.0,Tyndale Momentum,533.0,9822,Randy Alcorn,0.8560000000000001,0.65,
381,The Castle,1600829.3375156836,1753681.143989962,1997.0,18491.0,Schocken,528.0,41582,Franz Kafka,0.792,0.76,152851.80647427845
382,A Midsummer Night's Dream,21663922.28293868,0.0,1999.0,27942.0,Signet Book,162.0,428449,William Shakespeare,0.788,0.64,-21663922.28293868
383,Dracula,,0.0,1931.0,63687.0,Back Bay Books,448.0,885289,Bram Stoker,0.798,0.73,
384,Dracula,,0.0,1931.0,63687.0,Palgrave MacMillan,622.0,888022,Bram Stoker,0.798,0.73,
385,Frankenstein,,0.0,1931.0,85931.0,"Oxford University Press, USA",224.0,1106777,Mary Wollstonecraft Shelley,0.76,0.77,
386,Frankenstein,,0.0,1931.0,85931.0,Dover Publications,166.0,1110135,Mary Wollstonecraft Shelley,0.76,0.77,
387,The War of the Worlds,24351951.95195195,24351951.95195195,1953.0,40876.0,House of Stratus,252.0,232175,H.G. Wells,0.764,0.7,0.0
388,The War of the Worlds,24351951.95195195,24351951.95195195,1953.0,40876.0,Modern Library,192.0,232207,H.G. Wells,0.764,0.7,0.0
389,The War of the Worlds,24351951.95195195,24351951.95195195,1953.0,40876.0,Children's Press(CT),182.0,232870,H.G. Wells,0.764,0.7,0.0
390,Pork Chop Hill,,0.0,1959.0,5635.0,Berkley,256.0,123,S.L.A. Marshall,0.724,0.7,
391,The General's Daughter,118166848.81602916,294837813.0026472,1999.0,67420.0,Random House Audio,,59301,Nelson DeMille,0.818,0.64,176670964.18661806
392,The General's Daughter,118166848.81602916,294837813.0026472,1999.0,67420.0,Zebra,254.0,17,Kate Huntington,0.5640000000000001,0.64,176670964.18661806
393,The General's Daughter,118166848.81602916,294837813.0026472,1999.0,67420.0,Grand Central Publishing,464.0,59381,Nelson DeMille,0.818,0.64,176670964.18661806
394,An Ideal Husband,27572264.72374013,36504085.2112204,1999.0,17510.0,Dover Publications,78.0,35316,Oscar Wilde,0.808,0.6799999999999999,8931820.487480268
395,An Ideal Husband,27572264.72374013,36504085.2112204,1999.0,17510.0,BookSurge Classics,126.0,35391,Oscar Wilde,0.808,0.6799999999999999,8931820.487480268
396,My Son the Fanatic,,830941.6860225846,1997.0,1705.0,Faber & Faber,125.0,539,Hanif Kureishi,0.724,0.6799999999999999,
397,Runaway Bride,137861323.61870068,609460311.3497996,1999.0,108969.0,Avon,390.0,8,Deborah  Gordon,0.85,0.5599999999999999,471598987.73109895
398,Spartacus,132530337.07865168,662651685.3932583,1960.0,149944.0,iBooks,363.0,1463,Howard Fast,0.766,0.79,530121348.31460667
399,Lolita,21595739.014647137,99880292.942743,1962.0,114212.0,Random House Audio,12.0,634182,Vladimir Nabokov,0.778,0.75,78284553.92809586
400,Lolita,21595739.014647137,99880292.942743,1962.0,114212.0,Kniga,398.0,635964,Vladimir Nabokov,0.778,0.75,78284553.92809586
401,The Color Purple,46031409.649952695,448935159.6529044,1985.0,102462.0,Pocket,295.0,491232,Alice Walker,0.842,0.77,402903750.0029517
402,Native Son,5902966.333030026,3840236.729099181,1986.0,657.0,Harper Perennial Modern Classics,504.0,80838,Richard Wright,0.798,0.6,-2062729.6039308454
403,The Gambler,,0.0,1997.0,463.0,Modern Library,188.0,49689,Fyodor Dostoyevsky,0.778,0.63,
404,The Gambler,,0.0,1997.0,463.0,W. W. Norton  Company,192.0,49973,Fyodor Dostoyevsky,0.778,0.63,
405,The Acid House,,0.0,1998.0,8282.0,Bloomsbury Methuen Drama,289.0,13807,Irvine Welsh,0.742,0.62,
406,Better Than Chocolate,,0.0,1999.0,9002.0,HarperTorch,400.0,156,Susan Waggoner,0.5740000000000001,0.61,
407,Cat's Eye,,0.0,1985.0,30053.0,McClelland & Stewart,421.0,54654,Margaret Atwood,0.788,0.63,
408,Oscar and Lucinda,,0.0,1997.0,7396.0,Vintage,448.0,19177,Peter Carey,0.746,0.65,
409,The Pelican Brief,102216806.72268906,443548380.87260497,1993.0,102018.0,Delta,400.0,355827,John Grisham,0.8,0.6599999999999999,341331574.14991593
410,The Pelican Brief,102216806.72268906,443548380.87260497,1993.0,102018.0,Random House Audio,,356626,John Grisham,0.8,0.6599999999999999,341331574.14991593
411,A Christmas Story,,63926485.19910112,1983.0,176095.0,Broadway Books,144.0,3779,Jean Shepherd,0.8160000000000001,0.79,
412,With Friends Like These...,,0.0,1998.0,646.0,Del Rey,236.0,2333,Alan Dean Foster,0.788,0.5900000000000001,
413,The Source,,710763.7483910139,1999.0,873.0,"Random House, Inc.",1080.0,37855,James A. Michener,0.86,0.72,
414,Rosie,,0.0,1998.0,588.0,Penguin Books,288.0,3666,Anne Lamott,0.732,0.73,
415,Othello,,0.0,1951.0,10035.0,Simon  Schuster,314.0,301217,William Shakespeare,0.778,0.75,
416,Othello,,0.0,1951.0,10035.0,Barrons Educational Series,319.0,301924,William Shakespeare,0.778,0.75,
417,Blue Streak,128014086.2173649,231919181.10503948,1999.0,92926.0,Random House Value Publishing,,12,Richard Dooling,0.75,0.64,103905094.88767457
418,Caligula,82867737.22627737,110986512.52788322,1979.0,40934.0,Gallimard,224.0,8536,Albert Camus,0.8160000000000001,0.53,28118775.30160585
419,Splendor,,90009.65819064967,1999.0,3853.0,BOA Editions Ltd.,96.0,3,Steve Kronen,0.8,0.6,
420,Romance,,0.0,2012.0,118.0,Dramatists Play Service,54.0,174,David Mamet,0.6719999999999999,0.63,
421,Romance,,0.0,2012.0,118.0,Vintage,128.0,174,David Mamet,0.6719999999999999,0.63,
422,The Dark Half,34072268.90756302,24103086.462745097,1993.0,21589.0,New English Library,469.0,119048,Stephen King,0.754,0.6,-9969182.444817927
423,Gulliver's Travels,,0.0,1939.0,5249.0,Penguin,306.0,223306,Jonathan Swift,0.7140000000000001,0.6599999999999999,
424,Gulliver's Travels,,0.0,1939.0,5249.0,Penguin Audiobooks,6.0,223839,Jonathan Swift,0.7140000000000001,0.6599999999999999,
425,Total Recall,165364078.43137255,664809187.4425725,1990.0,374979.0,Avon Books,278.0,8412,Piers Anthony,0.786,0.75,499445109.01119995
426,Body Heat,,89494462.89431192,1981.0,42995.0,Loveswept,256.0,9,Ruth  Owen,0.666,0.74,
427,The Conformist,6418891.820580475,0.0,1970.0,38123.0,Steerforth,323.0,1834,Alberto Moravia,0.796,0.79,-6418891.820580475
428,The Razor's Edge,,0.0,1984.0,6248.0,Vintage International,314.0,35018,W. Somerset Maugham,0.8380000000000001,0.64,
429,The Razor's Edge,,0.0,1984.0,6248.0,William Heinemann Ltd,304.0,35112,W. Somerset Maugham,0.8380000000000001,0.64,
430,Indochine,,0.0,1992.0,11570.0,Bantam,688.0,88,Christie Dickason,0.752,0.7,
431,Fight Club,124075191.2568306,198626169.72133577,1999.0,2531052.0,W.W. Norton & Company (NYC),218.0,475330,Chuck Palahniuk,0.8380000000000001,0.8800000000000001,74550978.46450517
432,Fever Pitch,,0.0,1997.0,12217.0,Riverhead Books,247.0,32913,Nick Hornby,0.748,0.6599999999999999,
433,The Best Man,17725027.322404373,68091243.90431087,1999.0,12622.0,Dramatists Play Service,88.0,252,Gore Vidal,0.8,0.67,50366216.5819065
434,The Guardian,,43345453.57189019,1990.0,6950.0,Thomas Nelson Publishers,239.0,84,Jane Hamilton,0.742,0.54,
435,The Insider,177250273.22404373,118737815.27392836,1999.0,189398.0,Ballantine Books,384.0,681,Stephen W. Frey,0.736,0.78,-58512457.95011537
436,Coma,,0.0,1978.0,22427.0,Signet Books,320.0,46579,Robin Cook,0.774,0.6900000000000001,
437,Creepshow,27488813.55932204,72256940.69745763,1982.0,56814.0,Plume,66.0,35658,Stephen King,0.8140000000000001,0.6799999999999999,44768127.13813558
438,Falling Down,56787114.84593837,92911881.33210082,1993.0,221705.0,iUniverse,124.0,0,David T. Boyd,,0.75,36124766.486162454
439,The Taming of the Shrew,,0.0,1967.0,9330.0,Simon  Schuster,291.0,149403,William Shakespeare,0.76,0.71,
440,The Taming of the Shrew,,0.0,1967.0,9330.0,BBC Audiobooks,2.0,149541,William Shakespeare,0.76,0.71,
441,Robin Hood,113946604.21545666,243515037.1863232,1973.0,147262.0,Atheneum Books for Young Readers,64.0,1329,Paul Creswick,0.8,0.75,129568432.97086653
442,Mansfield Park,,0.0,1999.0,27160.0,Miramax Books,432.0,273521,Jane Austen,0.772,0.7,
443,Mansfield Park,,0.0,1999.0,27160.0,Barnes  Noble Classics,427.0,274028,Jane Austen,0.772,0.7,
444,Babes in Toyland,,0.0,1934.0,7994.0,Houghton Mifflin Harcourt P,79.0,8,James Howe,0.65,0.71,
445,Maurice,,0.0,1987.0,26244.0,W. W. Norton  Company,256.0,25994,E.M. Forster,0.806,0.76,
446,The Grapes of Wrath,,0.0,1940.0,106861.0,Penguin Books,455.0,717269,John Steinbeck,0.792,0.8099999999999999,
447,The Natural,88954985.30852106,152341699.55212536,1984.0,56347.0,Farrar Straus Giroux,231.0,9768,Bernard Malamud,0.726,0.74,63386714.2436043
448,A River Runs Through It,,101884607.98403469,1992.0,69605.0,University of Chicago Press,168.0,7309,Norman Maclean,0.834,0.72,
449,Awakenings,,132536701.19843136,1990.0,173221.0,Vintage,464.0,10244,Oliver Sacks,0.82,0.78,
450,The River,57185347.69833497,36535083.251714006,1984.0,8271.0,Pan,128.0,595,Rumer Godden,0.79,0.63,-20650264.446620964
451,End of Days,196944748.02671525,417501286.580595,1999.0,121196.0,Prometheus Books,327.0,15,Erna Paris,0.786,0.58,220556538.55387977
452,The End of the Affair,45297292.04614451,21324814.93799636,1999.0,25127.0,Vintage Classics,160.0,46499,Graham Greene,0.788,0.7,-23972477.108148146
453,The End of the Affair,,0.0,1955.0,1575.0,Vintage Classics,160.0,46499,Graham Greene,0.788,0.65,
454,A Map of the World,,0.0,1999.0,4906.0,Anchor Books,400.0,69803,Jane Hamilton,0.762,0.65,
455,Daddy-Long-Legs,,0.0,1919.0,1516.0,IndyPublish.com,112.0,40914,Jean Webster,0.828,0.6599999999999999,
456,The Great Santini,,0.0,1979.0,7399.0,Bantam,440.0,29091,Pat Conroy,0.828,0.71,
457,The Green Mile,118166848.81602916,560504752.8840315,1999.0,1520353.0,Penguin Signet,592.0,237387,Stephen King,0.8880000000000001,0.86,442337904.06800234
458,Stuart Little,261936514.8755313,591100842.277207,1999.0,157748.0,Alfaguara,142.0,105302,E.B. White,0.778,0.6,329164327.4016757
459,Fantasia 2000,157555798.4213722,178972692.90686098,1999.0,43376.0,Hal Leonard Publishing Corporation,48.0,0,Anonymous,,0.71,21416894.485488772
460,Ulysses,,0.0,1954.0,5299.0,IndyPublish.com,736.0,105034,James Joyce,0.746,0.6599999999999999,
461,Angela's Ashes,49.23618700667881,25.60281724347298,1999.0,24214.0,Simon & Schuster,224.0,517984,Frank McCourt,0.8220000000000001,0.73,-23.63336976320583
462,Snow Falling on Cedars,,0.0,1999.0,14903.0,Bloomsbury Publishing PLC,404.0,161235,David Guterson,0.768,0.67,
463,Snow Falling on Cedars,,0.0,1999.0,14903.0,Vintage,460.0,161523,David Guterson,0.768,0.67,
464,"Girl, Interrupted",78777899.2106861,0.0,1999.0,229612.0,Vintage,169.0,173890,Susanna Kaysen,0.78,0.73,-78777899.2106861
465,Papillon,91157283.37236534,404639584.4496487,1973.0,144105.0,William Morrow Paperbacks,544.0,52410,Henri Charrière,0.85,0.8,313482301.0772833
466,The Boys from Brazil,,0.0,1978.0,32992.0,Random House,312.0,33560,Ira Levin,0.8119999999999999,0.7,
467,Black Sunday,,0.0,1960.0,19618.0,Random House Audio,,7873,Thomas  Harris,0.72,0.71,
468,Santitos,,0.0,1999.0,590.0,Debolsillo,224.0,1357,María Amparo Escandón,0.766,0.6599999999999999,
469,Howards End,,60901804.13767172,1992.0,38020.0,Dover Publications,246.0,73268,E.M. Forster,0.792,0.74,
470,Hard Boiled,10554273.318872016,0.0,1992.0,57383.0,Titan,128.0,2522,Frank Miller,0.744,0.77,-10554273.318872016
471,Of Mice and Men,,12831857.356355747,1992.0,50347.0,Penguin Books,103.0,1857114,John Steinbeck,0.774,0.74,
472,The Beach,76637448.31659774,276003778.9797047,2000.0,265071.0,Longman,112.0,68159,Alex Garland,0.788,0.6599999999999999,199366330.66310692
473,Snow Day,,0.0,2000.0,14386.0,Volo,80.0,16,Marcia Thornton Jones,0.788,0.52,
474,"To Sir, with Love",6309894.224924012,0.0,1967.0,21612.0,Vintage Classics,208.0,11555,E.R. Braithwaite,0.834,0.76,-6309894.224924012
475,Bluebeard,,0.0,1944.0,2303.0,Mariner Books,144.0,440,Max Frisch,0.722,0.5900000000000001,
476,Wonder Boys,67057767.27702303,0.0,2000.0,68439.0,Random House Value Publishing,,32788,Michael Chabon,0.786,0.72,-67057767.27702303
477,Wonder Boys,67057767.27702303,0.0,2000.0,68439.0,Harper Perennial,368.0,32816,Michael Chabon,0.786,0.72,-67057767.27702303
478,A Raisin in the Sun,16305361.930294909,0.0,1961.0,10424.0,Random House,162.0,63299,Lorraine Hansberry,0.756,0.8,-16305361.930294909
479,The Ogre,,0.0,1996.0,2778.0,Johns Hopkins University Press,373.0,1644,Michel Tournier,0.8119999999999999,0.6799999999999999,
480,On the Beach,,0.0,1959.0,15466.0,House of Stratus,296.0,33872,Nevil Shute,0.788,0.71,
481,Blind Date,52411346.49910233,114494668.32244164,1987.0,25467.0,Grove Press,224.0,1174,Jerzy Kosiński,0.738,0.6,62083321.823339306
482,Turtle Diary,,0.0,1985.0,868.0,Bloomsbury Publishing PLC,182.0,1320,Russell Hoban,0.8,0.6900000000000001,
483,A Night to Remember,19027173.184357543,0.0,1958.0,18787.0,Zebra,256.0,20,Adrienne Basso,0.67,0.79,-19027173.184357543
484,A Night to Remember,19027173.184357543,0.0,1958.0,18787.0,Holt McDougal,208.0,16470,Walter Lord,0.806,0.79,-19027173.184357543
485,Double Indemnity,,0.0,1944.0,177665.0,Vintage Crime/Black Lizard,115.0,18090,James M. Cain,0.8220000000000001,0.8300000000000001,
486,Bloodsport,4194413.793103448,33013165.5844138,1988.0,101057.0,St. Martin's Paperbacks,288.0,10,Matt Braun,0.78,0.6799999999999999,28818751.79131035
487,The Good Mother,,0.0,1988.0,1898.0,Harper Perennial,320.0,10751,Sue Miller,0.764,0.5700000000000001,
488,Here On Earth,,0.0,2000.0,9208.0,Berkley,336.0,44694,Alice Hoffman,0.738,0.52,
489,Lord of the Flies,2663994.743758213,0.0,1963.0,21501.0,Listening Library (Audio),6.0,2162549,William Golding,0.736,0.6799999999999999,-2663994.743758213
490,Lord of the Flies,2663994.743758213,0.0,1963.0,21501.0,The Putnam Publishing Group,202.0,2168181,William Golding,0.736,0.6799999999999999,-2663994.743758213
491,Modern Times,,0.0,1936.0,278184.0,Phoenix,876.0,2340,Paul  Johnson,0.852,0.85,
492,Inherit the Wind,,0.0,1960.0,34866.0,Ballantine Books,129.0,19994,Jerome Lawrence,0.792,0.8099999999999999,
493,High Fidelity,57478086.23744831,90290974.93538098,2000.0,197191.0,Riverhead Trade,323.0,168440,Nick Hornby,0.788,0.74,32812888.697932668
494,High Fidelity,57478086.23744831,90290974.93538098,2000.0,197191.0,Filmfour,192.0,168778,Nick Hornby,0.788,0.74,32812888.697932668
495,Hook,168565404.6028211,724481642.3672161,1991.0,286314.0,Ballantine Books,275.0,1374,Terry Brooks,0.734,0.6799999999999999,555916237.764395
496,True Grit,,129474621.84873948,1969.0,54099.0,Signet,304.0,37966,Charles Portis,0.8320000000000001,0.74,
497,Misery,50881254.90196078,155892207.19134116,1990.0,256728.0,New English Library,370.0,467542,Stephen King,0.8320000000000001,0.78,105010952.28938037
498,My Life,,62430536.54588234,1993.0,12761.0,Knopf Publishing Group,957.0,42024,Bill Clinton,0.746,0.6799999999999999,
499,Solaris,,0.0,1972.0,103457.0,Mariner Books,204.0,67873,Stanisław Lem,0.796,0.79,
500,Mystery Train,7493650.165016501,0.0,1989.0,32511.0,Allia,424.0,3152,Greil Marcus,0.8099999999999999,0.75,-7493650.165016501
501,The Prince of Tides,72242316.2583519,180094312.63869342,1991.0,20928.0,Dial Press Trade Paperback,679.0,187594,Pat Conroy,0.8480000000000001,0.6799999999999999,107851996.38034151
502,The Postman Always Rings Twice,44637798.16513761,0.0,1981.0,27233.0,Orion,116.0,29488,James M. Cain,0.76,0.6599999999999999,-44637798.16513761
503,American Psycho,13411553.455404606,65652550.68843473,2000.0,807095.0,Picador,399.0,225587,Bret Easton Ellis,0.764,0.76,52240997.233030125
504,East Is East,7483900.425015179,55538418.943533696,1999.0,20687.0,Penguin Books,384.0,2374,T. Coraghessan Boyle,0.728,0.6900000000000001,48054518.518518515
505,Marathon Man,37784802.86738351,126195544.79139784,1976.0,74207.0,Ballantine Books,311.0,19100,William Goldman,0.8240000000000001,0.74,88410741.92401433
506,The Virgin Suicides,11816684.881602917,20500721.30380085,1999.0,183045.0,Warner Books (NY),249.0,219327,Jeffrey Eugenides,0.768,0.72,8684036.422197934
507,Where the Heart Is,28739043.11872416,64703415.05039574,2000.0,38023.0,Grand Central Publishing,376.0,231592,Billie Letts,0.8039999999999999,0.67,35964371.93167158
508,Inferno,12475692.307692306,0.0,1980.0,25849.0,Modern Library,490.0,134162,Dante Alighieri,0.8,0.65,-12475692.307692306
509,Hamlet,3831872.415829888,3005623.01023036,2000.0,10295.0,Cambridge University Press,289.0,695817,William Shakespeare,0.8039999999999999,0.5900000000000001,-826249.405599528
510,Hamlet,3831872.415829888,3005623.01023036,2000.0,10295.0,Dover Publications,128.0,698155,William Shakespeare,0.8039999999999999,0.5900000000000001,-826249.405599528
511,Loser,,0.0,2000.0,31622.0,HarperCollins,218.0,18332,Jerry Spinelli,0.746,0.53,
512,Possession,,0.0,1981.0,53734.0,Vintage,555.0,67751,A.S. Byatt,0.778,0.72,
513,Moonraker,161000175.18248177,995871787.6851388,1979.0,114807.0,"Penguin Books, Limited (UK)",247.0,19567,Ian Fleming,0.748,0.63,834871612.502657
514,Romeo and Juliet,,370038424.64,1968.0,36777.0,Simon Schuster,368.0,1976840,William Shakespeare,0.748,0.76,
515,The Running Man,78617019.74865349,111001714.13500896,1987.0,181447.0,New English Library,219.0,96176,Richard Bachman,0.774,0.6599999999999999,32384694.386355475
516,Alien Nation,44740413.79310345,89914381.76979311,1988.0,17470.0,Warner Books,217.0,239,Alan Dean Foster,0.71,0.63,45173967.97668966
517,Firestarter,47654456.415279135,54263071.59114593,1984.0,39077.0,Plume,400.0,179621,Stephen King,0.776,0.61,6608615.175866798
518,Sunshine,,0.0,1999.0,16323.0,Jove,405.0,35681,Robin McKinley,0.77,0.74,
519,Hamlet,,52688686.82327843,1990.0,24661.0,Cambridge University Press,289.0,695817,William Shakespeare,0.8039999999999999,0.67,
520,Hamlet,,52688686.82327843,1990.0,24661.0,Dover Publications,128.0,698155,William Shakespeare,0.8039999999999999,0.67,
521,Coming Home,15519999.999999998,0.0,1978.0,15732.0,Hodder & Stoughton,977.0,16593,Rosamunde Pilcher,0.86,0.73,-15519999.999999998
522,Prince of the City,,0.0,1981.0,10374.0,White Wolf Games Studio,317.0,61,Keith Herber,0.712,0.74,
523,Serpico,22789320.84309133,226373920.37470725,1973.0,143871.0,Harper Perennial,402.0,2894,Peter Maas,0.798,0.77,203584599.5316159
524,Jesus' Son,,0.0,1999.0,7709.0,Methuen Publishing,192.0,30041,Denis Johnson,0.818,0.6900000000000001,
525,Asylum,,0.0,1972.0,8951.0,University of Pittsburgh Press,88.0,87,Quan Barry,0.834,0.65,
526,Two Women,,0.0,1960.0,13421.0,Zoland Books,331.0,1679,Alberto Moravia,0.794,0.77,
527,The Crush,13628907.563025208,30913533.34543417,1993.0,24085.0,Coronet Books,480.0,11675,Sandra Brown,0.782,0.58,17284625.78240896
528,The Art of War,76637448.31659774,57859558.71612522,2000.0,31971.0,NuVision Publications,52.0,299914,Sun Tzu,0.794,0.5700000000000001,-18777889.600472525
529,The Art of War,76637448.31659774,57859558.71612522,2000.0,31971.0,Da Capo Press,336.0,7093,Niccolò Machiavelli,0.8119999999999999,0.5700000000000001,-18777889.600472525
530,The Watcher,63225894.86119314,0.0,2000.0,29381.0,New English Library,157.0,29,J. Sheridan Le Fanu,0.662,0.53,-63225894.86119314
531,Fantastic Voyage,52043360.10037641,122095859.47302385,1966.0,22172.0,Bantam,208.0,24228,Isaac Asimov,0.782,0.6799999999999999,70052499.37264743
532,The Invisible Man,,0.0,1933.0,43294.0,Scholastic Paperbacks,208.0,130322,H.G. Wells,0.728,0.76,
533,Runaway,,0.0,1984.0,15670.0,Alfred A. Knopf,335.0,19721,Alice Munro,0.796,0.5900000000000001,
534,Requiem for a Dream,8621712.935617248,14158975.49760189,2000.0,956009.0,Da Capo Press,279.0,53576,Hubert Selby Jr.,0.8220000000000001,0.8300000000000001,5537262.5619846415
535,Requiem for a Dream,8621712.935617248,14158975.49760189,2000.0,956009.0,Marion Boyars,279.0,53633,Hubert Selby Jr.,0.8220000000000001,0.8300000000000001,5537262.5619846415
536,Lost Souls,,0.0,2000.0,11680.0,Gauntlet Press,494.0,16157,Poppy Z. Brite,0.778,0.48,
537,The Time Machine,8283146.06741573,0.0,1960.0,47516.0,Signet Classics,118.0,389736,H.G. Wells,0.778,0.75,-8283146.06741573
538,Haunted,,0.0,1995.0,7798.0,Anchor,419.0,83833,Chuck Palahniuk,0.718,0.62,
539,The Beyond,,0.0,1981.0,27312.0,Eos,304.0,189,Jeffrey Ford,0.772,0.6599999999999999,
540,The Little Vampire,42150596.57412876,25972408.243260484,2000.0,12339.0,Pocket Books,245.0,4216,Angela Sommer-Bodenburg,0.8099999999999999,0.58,-16178188.330868278
541,The Legend of Bagger Vance,153274896.6331955,75601744.93287654,2000.0,61570.0,"Chivers Large print (Chivers, Windsor, Paragon & C",248.0,3732,Steven Pressfield,0.774,0.67,-77673151.70031895
542,Born on the Fourth of July,37468250.82508251,430889428.8520132,1989.0,122781.0,Akashic Books,224.0,4008,Ron Kovic,0.77,0.72,393421178.0269307
543,Chocolat,47898405.19787359,292180928.87314826,2000.0,208425.0,Soundings,10.0,106961,Joanne Harris,0.792,0.72,244282523.67527467
544,Finding Forrester,82385256.94034259,153370241.28264618,2000.0,92386.0,It Books,192.0,314,James W. Ellison,0.792,0.73,70984984.34230359
545,The Gift,19159362.07914944,23007792.015688125,2000.0,79670.0,Penguin Books,406.0,3146,Vladimir Nabokov,0.8,0.67,3848429.936538685
546,The Gift,19159362.07914944,23007792.015688125,2000.0,79670.0,"Little, Brown and Company",153.0,389,Pete Hamill,0.692,0.67,3848429.936538685
547,Before Night Falls,,16332463.346202008,2000.0,26990.0,Serpents Tail,317.0,4546,Reinaldo Arenas,0.834,0.71,
548,The House of Mirth,19159362.07914944,9894668.615900768,2000.0,8506.0,Dover Publications,272.0,79301,Edith Wharton,0.79,0.7,-9264693.463248672
549,All the Pretty Horses,109208363.8511518,0.0,2000.0,16202.0,Vintage Books / Random House,302.0,90538,Cormac McCarthy,0.798,0.58,-109208363.8511518
550,The Alamo,132530337.07865168,87249138.57677902,1960.0,19170.0,Hyperion,384.0,108,Frank T. Thompson,0.6980000000000001,0.6799999999999999,-45281198.50187266
551,The Pledge,64651936.21867882,54307626.42369021,2001.0,75232.0,University of Chicago Press,176.0,4243,Friedrich Dürrenmatt,0.796,0.67,-10344309.79498861
552,Cry Freedom,,0.0,1987.0,15148.0,Crossway Books,379.0,33,Marlo Schalesky,0.77,0.74,
553,The Dead,,0.0,1987.0,9589.0,Melville House Publishing,64.0,15273,James Joyce,0.8099999999999999,0.72,
554,The Glass Menagerie,,0.0,1987.0,2388.0,New Directions,104.0,108303,Tennessee Williams,0.74,0.71,
555,Housekeeping,,3154237.1254578093,1987.0,3184.0,Picador USA,219.0,38666,Marilynne Robinson,0.764,0.71,
556,Housekeeping,,3154237.1254578093,1987.0,3184.0,Bantam Books,224.0,38799,Marilynne Robinson,0.764,0.71,
557,Ironweed,,0.0,1987.0,10572.0,Penguin Books Ltd,256.0,15299,William  Kennedy,0.772,0.67,
558,Less Than Zero,2.911741472172352,36095062.48603232,1987.0,23358.0,Vintage Books,208.0,63965,Bret Easton Ellis,0.716,0.64,36095059.57429085
559,A Month in the Country,,0.0,1987.0,2213.0,New York Review of Books,135.0,7655,J.L. Carr,0.82,0.6799999999999999,
560,No Man's Land,,0.0,1987.0,5963.0,Hesperus Press,160.0,180,Graham Greene,0.634,0.61,
561,Head Over Heels,25860774.487471525,19256061.98724373,2001.0,15875.0,Headline Review,448.0,4302,Jill Mansell,0.744,0.54,-6604712.500227794
562,Fever,11.816684881602914,0.0,1999.0,810.0,Berkley Books,352.0,8118,Robin Cook,0.754,0.55,-11.816684881602914
563,Hannibal,160706241.45785877,649645316.5525285,2001.0,309374.0,Random House Audio,,81995,Thomas  Harris,0.752,0.6799999999999999,488939075.0946697
564,Avalon,,0.0,1990.0,7293.0,Chicago Review Press,440.0,3511,Anya Seton,0.772,0.72,
565,Gray's Anatomy,,0.0,1996.0,2623.0,Vintage,96.0,415,Spalding Gray,0.794,0.6799999999999999,
566,Of Mice and Men,,0.0,1939.0,7366.0,Penguin Books,103.0,1857114,John Steinbeck,0.774,0.78,
567,Elmer Gantry,33132584.26966292,114859625.4681648,1960.0,14122.0,Phébus,352.0,4772,Sinclair Lewis,0.798,0.77,81727041.19850188
568,The Brothers,,0.0,2001.0,5300.0,Oberon Books,112.0,1,Reza de Wet,0.8,0.63,
569,The Tailor of Panama,38791161.73120729,51737179.96592255,2001.0,32418.0,Knopf,332.0,6862,John le Carré,0.6940000000000001,0.61,12946018.23471526
570,Along Came a Spider,110831890.66059226,194285646.2098405,2001.0,101862.0,HarperCollins,435.0,385749,James Patterson,0.82,0.64,83453755.54924825
571,Kingdom Come,,0.0,2011.0,166.0,DC Comics,231.0,51951,Mark Waid,0.852,0.75,
572,Kingdom Come,,0.0,2011.0,166.0,Aspect,416.0,2767,Elliot S. Maggin,0.892,0.75,
573,The Body,,0.0,2001.0,9841.0,Penguin Books,80.0,32410,Stephen King,0.85,0.54,
574,The Visit,,0.0,2000.0,294.0,"Samuel French, Inc.",120.0,11975,Friedrich Dürrenmatt,0.776,0.62,
575,Eureka,,0.0,2000.0,4605.0,University of Illinois Press,232.0,484,Edgar Allan Poe,0.744,0.77,
576,Cleopatra,331560785.80814713,756574507.2273324,1963.0,40196.0,Waking Lion Press,308.0,1214,H. Rider Haggard,0.772,0.7,425013721.4191852
577,The Lost World,,0.0,1925.0,6427.0,Random House Value Publishing,,115266,Michael Crichton,0.756,0.7,
578,True Believer,,0.0,1989.0,5875.0,Warner Books,322.0,75261,Nicholas Sparks,0.76,0.67,
579,True Believer,,0.0,1989.0,5875.0,Grand Central Publishing,465.0,75385,Nicholas Sparks,0.76,0.67,
580,Candy,28536774.193548385,0.0,1968.0,4028.0,Ballantine Books,304.0,6371,Luke Davies,0.818,0.51,-28536774.193548385
581,Love Story,18828749.3403694,1167382459.1029024,1970.0,39516.0,Harper Perennial,131.0,51182,Erich Segal,0.724,0.6900000000000001,1148553709.762533
582,Himalaya,,0.0,1999.0,5951.0,Thomas Dunne Books,288.0,3415,Michael Palin,0.792,0.74,
583,Ice Castles,,0.0,1978.0,4359.0,Fawcett,220.0,180,Leonore Fleischer,0.772,0.6599999999999999,
584,Evolution,147775854.214123,181720507.3089749,2001.0,141283.0,Del Rey Books,646.0,2780,Stephen Baxter,0.796,0.61,33944653.09485188
585,Catch-22,154053403.6939314,213207086.4,1970.0,27905.0,Caedmon,16.0,698350,Joseph Heller,0.796,0.71,59153682.706068605
586,Wolves,,10775587.676794171,1999.0,260.0,HarperTrophy,32.0,166,Seymour Simon,0.8220000000000001,0.63,
587,Faust,,0.0,1926.0,17898.0,W.W. Norton & Company,752.0,29391,Johann Wolfgang von Goethe,0.792,0.8099999999999999,
588,Faust,,0.0,1926.0,17898.0,Hesperus Press,92.0,343,Ivan Turgenev,0.766,0.8099999999999999,
589,Salvador,13281674.24931756,0.0,1986.0,24609.0,Vintage,112.0,2151,Joan Didion,0.752,0.73,-13281674.24931756
590,Moby Dick,54403876.25792024,125733402.90719344,1956.0,23605.0,Naxos Audiobooks,25.0,463805,Herman Melville,0.7,0.73,71329526.64927319
591,Moby Dick,54403876.25792024,125733402.90719344,1956.0,23605.0,Wildside Press,512.0,464538,Herman Melville,0.7,0.73,71329526.64927319
592,The Last Dragon,30687606.433301795,79033733.13634814,1985.0,18999.0,"Little, Brown Books for Young Readers",368.0,3933,Silvana De Mari,0.8039999999999999,0.6799999999999999,48346126.70304635
593,Outland,59517064.22018349,64630305.40091743,1981.0,34405.0,Warner Books (NY),269.0,451,Alan Dean Foster,0.706,0.6599999999999999,5113241.1807339415
594,Final Fantasy: The Spirits Within,253066150.34168565,157255361.2382688,2001.0,85489.0,Minstrel,144.0,114,Dean Wesley Smith,0.648,0.64,-95810789.10341686
595,The Accidental Tourist,,0.0,1988.0,18207.0,Ballantine Books,352.0,93213,Anne Tyler,0.782,0.67,
596,The Accidental Tourist,,0.0,1988.0,18207.0,Knopf,355.0,93312,Anne Tyler,0.782,0.67,
597,Bad Dreams,11185103.448275862,27395388.65572413,1988.0,4639.0,Running Press,280.0,190,Kim Newman,0.634,0.5599999999999999,16210285.207448268
598,Bird,,0.0,1988.0,14179.0,DK Children,64.0,85,David Burnie,0.8039999999999999,0.71,
599,"Bright Lights, Big City",,0.0,1988.0,9529.0,Editions de l'Olivier,192.0,27931,Jay McInerney,0.754,0.5700000000000001,
600,"Bright Lights, Big City",,0.0,1988.0,9529.0,Vintage,208.0,27966,Jay McInerney,0.754,0.5700000000000001,
601,Criminal Law,,0.0,1988.0,5215.0,Wadsworth Publishing Company,497.0,122,Joel Samaha,0.766,0.5700000000000001,
602,High Spirits,,20691778.661931034,1988.0,11782.0,Penguin Books,208.0,661,Robertson Davies,0.772,0.58,
603,The Milagro Beanfield War,,0.0,1988.0,7270.0,Holt McDougal,456.0,9643,John     Nichols,0.82,0.6799999999999999,
604,The Serpent and the Rainbow,19573931.03448276,54793112.201793104,1988.0,29256.0,Simon  Schuster,304.0,3797,Wade Davis,0.782,0.64,35219181.16731034
605,Torch Song Trilogy,,13606669.956,1988.0,8238.0,Villard,175.0,2081,Harvey Fierstein,0.844,0.78,
606,Watchers,,0.0,1988.0,5130.0,Brilliance Audio,13.0,147113,Dean Koontz,0.836,0.54,
607,Always,82965412.54125413,198407207.6132013,1989.0,34751.0,Pocket Books,392.0,3800,Jude Deveraux,0.756,0.64,115441795.07194716
608,A Dry White Season,,0.0,1989.0,6734.0,William Morrow Paperbacks,316.0,3386,André Brink,0.8099999999999999,0.7,
609,Enemies: A Love Story,,20753586.51920792,1989.0,2786.0,Signet,345.0,2448,Isaac Bashevis Singer,0.79,0.6599999999999999,
610,The Girl in a Swing,,0.0,1988.0,902.0,Random House,339.0,1778,Richard  Adams,0.704,0.53,
611,In Country,48.173465346534655,0.0,1989.0,3364.0,HarperCollins Publishers,247.0,2419,Bobbie Ann Mason,0.716,0.5900000000000001,-48.173465346534655
612,An Innocent Man,,53653475.36528053,1989.0,8141.0,Harlequin Kimani Romance,298.0,13,Deirdre Savoy,0.738,0.65,
613,Last Exit to Brooklyn,,0.0,1989.0,7504.0,Bloomsbury,290.0,23899,Hubert Selby Jr.,0.786,0.6799999999999999,
614,Leviathan,66907590.75907591,42030315.46165016,1989.0,26254.0,Penguin Books,275.0,14561,Paul Auster,0.792,0.58,-24877275.297425747
615,Leviathan,66907590.75907591,42030315.46165016,1989.0,26254.0,Penguin Books,736.0,36037,Thomas Hobbes,0.74,0.58,-24877275.297425747
616,Loverboy,,10599037.527524753,1989.0,9326.0,Avon Books,313.0,31,Richard Belsky,0.794,0.61,
617,Millennium,,0.0,1989.0,7379.0,Ace Books (NY),272.0,2461,John Varley,0.752,0.5700000000000001,
618,Jurassic Park III,171789430.523918,681211238.3468792,2001.0,363028.0,Addison Wesley Publishing Company,42.0,60,Peter Buchman,0.716,0.6,509421807.8229612
619,Planet of the Apes,184719817.76765376,669076866.0610478,2001.0,239865.0,Wings,192.0,31260,Pierre Boulle,0.79,0.5700000000000001,484357048.293394
620,Skin Deep,,0.0,1989.0,5493.0,Fantagraphics,104.0,825,Charles Burns,0.8140000000000001,0.61,
621,Skin Deep,,0.0,1989.0,5493.0,Bella Books,290.0,342,Kenna White,0.794,0.61,
622,The Hotel New Hampshire,23827228.207639568,0.0,1984.0,9643.0,Black Swan,520.0,56678,John Irving,0.782,0.58,-23827228.207639568
623,Basket Case,120263.55932203388,0.0,1982.0,23640.0,Grand Central Publishing,400.0,14851,Carl Hiaasen,0.764,0.62,-120263.55932203388
624,Chocolat,,0.0,1988.0,4962.0,Soundings,10.0,106961,Joanne Harris,0.792,0.73,
625,The Awakening,,0.0,1980.0,3175.0,Women's Press (UK),224.0,165791,Kate Chopin,0.73,0.49000000000000005,
626,Rat Race,88665512.52847381,157932736.1988155,2001.0,128744.0,G.P. Putnam's Sons,304.0,2928,Dick Francis,0.796,0.65,69267223.67034169
627,Our Lady of the Assassins,,0.0,2000.0,4445.0,Serpent's Tail,144.0,2483,Fernando Vallejo,0.74,0.6799999999999999,
628,Sayonara,,0.0,1957.0,8628.0,Fawcett,208.0,2201,James A. Michener,0.762,0.7,
629,I Never Promised You a Rose Garden,16577580.919931857,0.0,1977.0,1690.0,Signet,288.0,27766,Hannah  Green,0.774,0.64,-16577580.919931857
630,The Changeling,,49902769.23076922,1980.0,43647.0,iUniverse,228.0,1365,Zilpha Keatley Snyder,0.834,0.71,
631,Bandits,138539863.3257403,124929527.97439636,2001.0,73523.0,The New Press,226.0,481,Eric Hobsbawm,0.758,0.65,-13610335.351343945
632,Not Without My Daughter,,0.0,1991.0,16651.0,Transworld Publishers Ltd,528.0,24572,Betty Mahmoody,0.82,0.65,
633,The Last Castle,132998268.7927107,51061557.99644647,2001.0,89385.0,"Underwood/Miller, Berkley",115.0,991,Jack Vance,0.758,0.6900000000000001,-81936710.79626423
634,Focus,,0.0,2001.0,3216.0,Buchet Chastel,287.0,935,Arthur  Miller,0.77,0.67,
635,Harry Potter and the Philosopher's Stone,230899772.2095672,1803743856.5056949,2001.0,924578.0,Bloomsbury Publishing PLC,223.0,6588013,J.K. Rowling,0.8939999999999999,0.77,1572844084.2961278
636,Little Women,,0.0,1933.0,8392.0,Signet Classics,449.0,1595807,Louisa May Alcott,0.8160000000000001,0.71,
637,Little Women,,0.0,1933.0,8392.0,Barnes  Noble Classics,489.0,1601291,Louisa May Alcott,0.8160000000000001,0.71,
638,Guadalcanal Diary,,0.0,1943.0,2383.0,Modern Library,250.0,3650,Richard Tregaskis,0.8480000000000001,0.67,
639,The Falls,,0.0,1980.0,1794.0,HarperAudio,,9573,Joyce Carol Oates,0.716,0.71,
640,Lord of the Flies,,0.0,1990.0,35835.0,Listening Library (Audio),6.0,2162549,William Golding,0.736,0.64,
641,Lord of the Flies,,0.0,1990.0,35835.0,The Putnam Publishing Group,202.0,2168181,William Golding,0.736,0.64,
642,The Sicilian,48043734.2908438,0.0,1987.0,5768.0,Ballantine Books,416.0,19389,Mario Puzo,0.794,0.54,-48043734.2908438
643,No Man's Land,1869647.1771298405,0.0,2001.0,50095.0,Hesperus Press,160.0,180,Graham Greene,0.634,0.79,-1869647.1771298405
644,And Then There Were None,,0.0,1945.0,18064.0,St. Martin's Press,264.0,740875,Agatha Christie,0.852,0.73,
645,The Blue Angel,,0.0,1930.0,17313.0,British Film Institute,96.0,13,S.S. Prawer,0.754,0.76,
646,The Owl and the Pussycat,,0.0,1970.0,4661.0,Puffin Books,32.0,8057,Edward Lear,0.8380000000000001,0.64,
647,The Owl and the Pussycat,,0.0,1970.0,4661.0,Tundra Books,24.0,8061,Edward Lear,0.8400000000000001,0.64,
648,A Beautiful Mind,110831890.66059226,579174840.9196355,2001.0,1037427.0,Faber  Faber,461.0,119195,Sylvia Nasar,0.826,0.82,468342950.2590433
649,Sahara,,0.0,1943.0,10653.0,St. Martin's Griffin,272.0,2570,Michael Palin,0.792,0.75,
650,Black Hawk Down,169942232.34624144,319546168.08410025,2001.0,446833.0,Corgi,571.0,51389,Mark Bowden,0.858,0.77,149603935.7378588
651,The Shipping News,,0.0,2001.0,34597.0,Scribner Book Company,337.0,127043,Annie Proulx,0.772,0.67,
652,Wuthering Heights,,0.0,1970.0,2355.0,Running Press Book Publishers,248.0,1270598,Emily Brontë,0.77,0.63,
653,Wuthering Heights,,0.0,1970.0,2355.0,Penguin Books,335.0,1275195,Emily Brontë,0.77,0.63,
654,Dragonslayer,66956697.24770642,52486659.36678899,1981.0,21325.0,Del Rey Books,218.0,298,Wayland Drew,0.73,0.6599999999999999,-14470037.88091743
655,Fire and Ice,3975910.1123595503,2521002.0116853933,1983.0,14189.0,HarperCollins Children'sBooks,352.0,43118,Erin Hunter,0.876,0.65,-1454908.100674157
656,The Count of Monte Cristo,63887900.95666854,137623753.1213506,2002.0,157127.0,Tor Classics,580.0,717363,Alexandre Dumas,0.85,0.77,73735852.16468205
657,The Mothman Prophecies,58411795.160382666,100682839.67558809,2002.0,88352.0,Hodder & Stoughton,352.0,3465,John A. Keel,0.708,0.64,42271044.51520542
658,A Walk to Remember,20079054.586381543,75254597.17159258,2002.0,228979.0,Grand Central Publishing,240.0,644072,Nicholas Sparks,0.834,0.73,55175542.58521104
659,A Walk to Remember,20079054.586381543,75254597.17159258,2002.0,228979.0,Grand Central Publishing,240.0,646174,Nicholas Sparks,0.834,0.73,55175542.58521104
660,Rare Birds,9235990.888382688,0.0,2001.0,1865.0,powerHouse Books,128.0,16,Amanda de Cadenet,0.712,0.63,-9235990.888382688
661,The Hunchback of Notre Dame,,0.0,1956.0,3443.0,Tantor Audio,,162555,Victor Hugo,0.8,0.6599999999999999,
662,Heidi,,0.0,1937.0,5270.0,Sterling,272.0,168190,Johanna Spyri,0.798,0.72,
663,Crossroads,21904423.1851435,111604916.25796284,2002.0,46655.0,Catbird Press,224.0,76,Karel Čapek,0.766,0.39,89700493.07281934
664,Saturday Night and Sunday Morning,,0.0,1960.0,9874.0,Plume,192.0,3606,Alan Sillitoe,0.766,0.75,
665,Sleuth,,0.0,1972.0,52025.0,Marion Boyars,93.0,567,Anthony Shaffer,0.826,0.79,
666,Black Like Me,,0.0,1964.0,797.0,Berkley Books,208.0,57229,John Howard Griffin,0.826,0.6599999999999999,
667,Black Like Me,,0.0,1964.0,797.0,Aldrich Museum of Contemporary Art,64.0,6,Fred Wilson,0.8,0.6599999999999999,
668,Cross Creek,,0.0,1983.0,2302.0,Scribner,384.0,1633,Marjorie Kinnan Rawlings,0.8140000000000001,0.6900000000000001,
669,The Time Machine,146029487.90095666,225851352.6210917,2002.0,134509.0,Signet Classics,118.0,389736,H.G. Wells,0.778,0.6,79821864.72013503
670,Hopscotch,,0.0,1980.0,9791.0,Pantheon,564.0,28119,Julio Cortázar,0.8480000000000001,0.71,
671,The Island,,0.0,1980.0,5053.0,Scholastic Paperbacks,208.0,1503,Gary Paulsen,0.744,0.53,
672,The Jazz Singer,,0.0,1980.0,5391.0,University of Wisconsin Press,188.0,3,Robert L. Carringer,0.9339999999999999,0.6,
673,Barabbas,,0.0,1961.0,7555.0,Vintage,144.0,3853,Pär Lagerkvist,0.766,0.6900000000000001,
674,George Washington,,0.0,2000.0,8881.0,Hudson Hills Press,162.0,2,Barbara J. Mitnick,0.6,0.72,
675,George Washington,,0.0,2000.0,8881.0,Doubleday Books for Young Readers,64.0,885,Ingri d'Aulaire,0.852,0.72,
676,Crush,,0.0,2001.0,4033.0,Yale University Press,62.0,17939,Richard Siken,0.8619999999999999,0.58,
677,The Aviator,,4002253.0809460734,1985.0,1636.0,Ballantine Books,160.0,194,Ernest K. Gann,0.762,0.5599999999999999,
678,Cuba,,0.0,1979.0,3158.0,,520.0,651,Brendan Sainsbury,0.786,0.5599999999999999,
679,Joe,907203.3773087072,165344268.64042217,1970.0,4950.0,Prestel Publishing,96.0,53,Hiroshi Sugimoto,0.8460000000000001,0.6799999999999999,164437065.26311347
680,The Mystic Masseur,,0.0,2001.0,483.0,Pan MacMillan,215.0,2105,V.S. Naipaul,0.696,0.58,
681,White Fang,33713080.92056422,83784615.61158131,1991.0,23758.0,Scholastic Paperbacks,252.0,143874,Jack London,0.796,0.67,50071534.69101709
682,White Fang,33713080.92056422,83784615.61158131,1991.0,23758.0,Thorndike Press,354.0,144286,Jack London,0.796,0.67,50071534.69101709
683,About a Boy,49284952.16657288,235472549.24029264,2002.0,197854.0,Riverhead Books,307.0,120793,Nick Hornby,0.76,0.71,186187597.07371974
684,About a Boy,49284952.16657288,235472549.24029264,2002.0,197854.0,Indigo,286.0,120930,Nick Hornby,0.76,0.71,186187597.07371974
685,The Importance of Being Earnest,,0.0,2002.0,25709.0,Samuel French Ltd,114.0,291547,Oscar Wilde,0.834,0.6799999999999999,
686,The Hound of the Baskervilles,,0.0,1959.0,13762.0,IndyPublish.com,176.0,234084,Arthur Conan Doyle,0.8220000000000001,0.6900000000000001,
687,Insomnia,83966955.54305008,207571479.8955543,2002.0,335664.0,Debolsillo,890.0,130678,Stephen King,0.764,0.72,123604524.35250422
688,The Gambler,,0.0,1974.0,7005.0,Modern Library,188.0,49689,Fyodor Dostoyevsky,0.778,0.71,
689,The Gambler,,0.0,1974.0,7005.0,W. W. Norton  Company,192.0,49973,Fyodor Dostoyevsky,0.778,0.71,
690,Monkey Business,,24526880.9073724,1952.0,16301.0,Kids Can Press,32.0,144,Wallace Edwards,0.834,0.6900000000000001,
691,Dakota,,0.0,1945.0,1840.0,St. Martin's Paperbacks,306.0,39,Matt Braun,0.744,0.5900000000000001,
692,Silent Running,7873009.708737863,0.0,1972.0,33152.0,Wiley,320.0,448,James F. Calvert,0.834,0.6599999999999999,-7873009.708737863
693,Cherish,,0.0,2002.0,3016.0,Avon,385.0,3313,Catherine Anderson,0.806,0.6599999999999999,
694,The Emperor's New Clothes,,0.0,2001.0,2863.0,Andrews McMeel Publishing,30.0,1,Samantha Easton,0.8,0.6799999999999999,
695,Silver Bullet,,0.0,1985.0,34741.0,Signet,255.0,45852,Stephen King,0.73,0.64,
696,Minority Report,186187597.0737197,654162685.766843,2002.0,611645.0,Gollancz,304.0,16856,Philip K. Dick,0.766,0.76,467975088.6931232
697,The Importance of Being Earnest,,0.0,1952.0,6780.0,Samuel French Ltd,114.0,291547,Oscar Wilde,0.834,0.74,
698,Perfect,58306452.22327341,39644882.98717123,1985.0,6493.0,Milkweed Editions,172.0,12701,Natasha Friend,0.754,0.48,-18661569.23610218
699,1776,,0.0,1972.0,11007.0,Simon  Schuster,386.0,176884,David McCullough,0.8140000000000001,0.76,
700,1776,,0.0,1972.0,11007.0,Simon & Schuster,386.0,177288,David McCullough,0.8140000000000001,0.76,
701,The Kid Stays in the Picture,73014.74395047834,2618374.4313337086,2002.0,8255.0,Faber & Faber,462.0,3180,Robert  Evans,0.784,0.73,2545359.6873832303
702,Possession,45634214.96904896,18461290.634462576,2002.0,13955.0,Vintage,555.0,67751,A.S. Byatt,0.778,0.63,-27172924.334586386
703,Clash of the Titans,55797247.706422016,152855920.28330275,1981.0,50434.0,Warner Books (NY),304.0,1098,Alan Dean Foster,0.776,0.6900000000000001,97058672.57688074
704,The Swarm,,0.0,1978.0,9194.0,Regan Books,881.0,15402,Frank Schätzing,0.8119999999999999,0.45,
705,The Experiment,,0.0,2001.0,98263.0,Signet,481.0,697,John Darnton,0.712,0.77,
706,Heaven,20079054.586381543,0.0,2002.0,26956.0,Tyndale Momentum,533.0,9822,Randy Alcorn,0.8560000000000001,0.6900000000000001,-20079054.586381543
707,The Onion Field,,0.0,1979.0,6127.0,Dell,448.0,18302,Joseph Wambaugh,0.826,0.6799999999999999,
708,Texasville,,0.0,1990.0,3254.0,Simon  Schuster,544.0,4037,Larry McMurtry,0.74,0.6,
709,The Fan,,0.0,1981.0,3205.0,Fawcett,320.0,321,Peter Abrahams,0.688,0.58,
710,Flashback,,16506245.43523137,1990.0,5986.0,Avon Books,407.0,101,Cait London,0.738,0.62,
711,Flashback,,16506245.43523137,1990.0,5986.0,Forge Books,400.0,174,Gary Braver,0.6980000000000001,0.62,
712,The Rules of Attraction,7301474.395047833,0.0,2002.0,54950.0,Vintage Contemporaries,283.0,39337,Bret Easton Ellis,0.738,0.6599999999999999,-7301474.395047833
713,Tuck Everlasting,27380528.981429376,34970546.692357905,2002.0,26520.0,Farrar Straus Giroux,139.0,216634,Natalie Babbitt,0.774,0.6599999999999999,7590017.7109285295
714,Tuck Everlasting,27380528.981429376,34970546.692357905,2002.0,26520.0,Farrar Straus Giroux,139.0,217156,Natalie Babbitt,0.774,0.6599999999999999,7590017.7109285295
715,White Oleander,,0.0,2002.0,35490.0,Back Bay Books,480.0,315225,Janet Fitch,0.794,0.71,
716,The Ring,87617692.740574,455153712.4329994,2002.0,396530.0,Xlibris,260.0,291,Piers Anthony,0.686,0.71,367536019.6924254
717,Tully,,0.0,2000.0,2034.0,Harper,614.0,9563,Paullina Simons,0.778,0.72,
718,Billy Bathgate,115587706.01336303,0.0,1991.0,13367.0,Blackstone Audiobooks,9.0,6309,E.L. Doctorow,0.758,0.5900000000000001,-115587706.01336303
719,All Night Long,,37198165.13761468,1981.0,2159.0,G.P. Putnam's Sons,416.0,8263,Jayne Ann Krentz,0.792,0.55,
720,The Chosen,,0.0,1981.0,2588.0,Random House Publishing Group,271.0,81501,Chaim Potok,0.8099999999999999,0.72,
721,Endless Love,,120866785.32146788,1981.0,10478.0,Ecco Press,432.0,3583,Scott Spencer,0.708,0.49000000000000005,
722,Eye of the Needle,,66956697.24770642,1981.0,13768.0,HarperCollins Publishers,339.0,122319,Ken Follett,0.836,0.71,
723,The Four Seasons,,0.0,1981.0,7378.0,Mira Books,368.0,3004,Mary Alice Monroe,0.798,0.6799999999999999,
724,Ghost Story,,0.0,1981.0,10853.0,"Pocket Books / Simon & Schuster, Inc.",567.0,65420,Peter Straub,0.79,0.63,
725,Lady Chatterley's Lover,,0.0,1981.0,3649.0,Modern Library,376.0,95220,D.H. Lawrence,0.7,0.51,
726,Ghost Ship,63887900.95666854,124763731.9826224,2002.0,115317.0,Scholastic Inc.,313.0,493,Dietlof Reiche,0.734,0.5599999999999999,60875831.02595386
727,Casino Royale,118310516.71732524,411569929.7332523,1967.0,34307.0,Blackstone Audiobooks,4.0,60961,Ian Fleming,0.746,0.5,293259413.0159271
728,Exodus,44176779.02621722,240211235.95505616,1960.0,12458.0,"Bantam Books, Inc.",608.0,88982,Leon Uris,0.868,0.67,196034456.92883894
729,Ararat,,0.0,2002.0,15013.0,Ecco,72.0,812,Louise Glück,0.8119999999999999,0.63,
730,Fingers,,0.0,1978.0,3021.0,Tor Teen,197.0,223,William Sleator,0.7140000000000001,0.67,
731,Madame Bovary,,4677504.555783222,1991.0,4811.0,Penguin Classics,327.0,237971,Gustave Flaubert,0.734,0.6599999999999999,
732,Ragtime,,0.0,1981.0,11338.0,Bantam Books,369.0,36297,E.L. Doctorow,0.776,0.73,
733,Tales of Ordinary Madness,,0.0,1981.0,3184.0,City Lights Publishers,238.0,21668,Charles Bukowski,0.784,0.6599999999999999,
734,Tales of Ordinary Madness,,0.0,1981.0,3184.0,Oni Press,112.0,13,Malcolm Bourne,0.584,0.6599999999999999,
735,Revolution #9,,0.0,2002.0,382.0,Fawcett,302.0,139,Peter Abrahams,0.6839999999999999,0.67,
736,The Quiet American,54761057.96285875,50515476.94784469,2002.0,30780.0,Penguin Classics Deluxe Editions,180.0,45078,Graham Greene,0.794,0.7,-4245581.01501406
737,Solaris,85792324.14181204,54766092.32945414,2002.0,88427.0,Mariner Books,204.0,67873,Stanisław Lem,0.796,0.62,-31026231.812357903
738,Empire,7301474.395047833,33935924.11984243,2002.0,8121.0,Tor Books,352.0,9255,Orson Scott Card,0.686,0.5900000000000001,26634449.7247946
739,Empire,7301474.395047833,33935924.11984243,2002.0,8121.0,Vintage,496.0,1973,Gore Vidal,0.77,0.5900000000000001,26634449.7247946
740,Medea,,0.0,1969.0,6001.0,Cambridge University Press,431.0,52670,Euripides,0.774,0.6900000000000001,
741,Best Friends,,0.0,1982.0,3475.0,"Little, Brown Books for Young Readers",32.0,12,Loretta Krupinski,0.8,0.55,
742,Best Friends,,0.0,1982.0,3475.0,First Avenue Editions (Tm),32.0,9,Marcia Leonard,0.5559999999999999,0.55,
743,Cannery Row,,0.0,1982.0,4319.0,Penguin Books,181.0,108179,John Steinbeck,0.808,0.6599999999999999,
744,The Children's Hour,,0.0,1961.0,20062.0,Dell Publishing Company,383.0,618,Douglas Clegg,0.712,0.78,
745,A Kiss Before Dying,,0.0,1956.0,4842.0,Carroll & Graf Publishers,242.0,8851,Ira Levin,0.788,0.67,
746,War and Peace,72538501.67722699,151121878.4942229,1956.0,11473.0,Oxford University Press,1392.0,250130,Leo Tolstoy,0.8240000000000001,0.67,78583376.81699592
747,The Pianist,63887900.95666854,219176711.6282273,2002.0,988772.0,Picador,224.0,67235,Władysław Szpilman,0.8480000000000001,0.85,155288810.67155874
748,City of God,6023716.375914463,55932524.76848621,2002.0,852914.0,Random House Audio,,2590,E.L. Doctorow,0.682,0.86,49908808.39257175
749,Divine Intervention,,0.0,,59.0,Trafalgar Square Publishing,128.0,3,Terence Reese,0.8,0.38,
750,Blind Date,,0.0,1984.0,2359.0,Grove Press,224.0,1174,Jerzy Kosiński,0.738,0.49000000000000005,
751,Ethan Frome,,0.0,1993.0,2383.0,IndyPublish.com,120.0,102987,Edith Wharton,0.678,0.63,
752,The Last Unicorn,,22181857.57457627,1982.0,32197.0,Ballantine Books,248.0,92384,Peter S. Beagle,0.834,0.73,
753,Paradise,,19203685.15254237,1982.0,3263.0,Plume (Penguin Books Ltd),318.0,22167,Toni Morrison,0.76,0.49000000000000005,
754,Paradise,,19203685.15254237,1982.0,3263.0,Bloomsbury,249.0,606,Abdulrazak Gurnah,0.7,0.49000000000000005,
755,Q,,0.0,1982.0,10533.0,Piper,798.0,6317,Luther Blissett,0.834,0.6,
756,Q,,0.0,1982.0,10533.0,Mariner Books,768.0,6331,Luther Blissett,0.834,0.6,
757,Shoot the Moon,,27832423.72881356,1982.0,3267.0,St. Martin's Paperbacks,384.0,94,Joseph T. Klempner,0.8039999999999999,0.6799999999999999,
758,White Dog,27488813.55932204,0.0,1982.0,11433.0,University Of Chicago Press,290.0,963,Romain Gary,0.77,0.7,-27488813.55932204
759,The Road,,0.0,1982.0,15225.0,Alfred A. Knopf,241.0,683245,Cormac McCarthy,0.794,0.79,
760,Q & A,,0.0,1990.0,7805.0,Scribner,336.0,29284,Vikas Swarup,0.798,0.6599999999999999,
761,The Red Badge of Courage,20959949.566587865,0.0,1951.0,5213.0,Atheneum Books,173.0,86340,Stephen Crane,0.648,0.71,-20959949.566587865
762,Dark Blue,27380528.981429376,16861787.670005627,2002.0,25300.0,Avatar Press,72.0,283,Warren Ellis,0.6519999999999999,0.6599999999999999,-10518741.311423749
763,Old School,42633253.01204819,154643863.3320482,2003.0,253999.0,Bloomsbury,196.0,10855,Tobias Wolff,0.764,0.7,112010610.32000002
764,Spider,,0.0,2002.0,42845.0,Gallimard Education,227.0,1801,Patrick McGrath,0.754,0.67,
765,Seize the Day,,0.0,1986.0,1663.0,Penguin Classics,114.0,9728,Saul Bellow,0.708,0.58,
766,Bringing Down the House,35527710.84337349,235682665.91421688,2003.0,40793.0,Arrow,320.0,22126,Ben Mezrich,0.778,0.5599999999999999,200154955.0708434
767,Prozac Nation,,0.0,2001.0,19994.0,Riverhead Books,384.0,53647,Elizabeth Wurtzel,0.72,0.62,
768,The Lost Honor of Katharina Blum,6202065.00956023,0.0,1975.0,5246.0,Penguin Classics,140.0,10699,Heinrich Böll,0.738,0.73,-6202065.00956023
769,Equus,,0.0,1977.0,9160.0,Longman Schools Division (a Pearson Education Company),144.0,18121,Peter Shaffer,0.788,0.71,
770,Women in Love,11357422.969187671,0.0,1969.0,9612.0,Dover Publications,416.0,28650,D.H. Lawrence,0.734,0.71,-11357422.969187671
771,Women in Love,11357422.969187671,0.0,1969.0,9612.0,Cambridge University Press,696.0,28697,D.H. Lawrence,0.734,0.71,-11357422.969187671
772,Dreamcatcher,120794216.86746988,134499805.8293976,2003.0,99874.0,Albin Michel,688.0,146595,Stephen King,0.726,0.55,13705588.961927712
773,Unknown Pleasures,,0.0,2002.0,2784.0,,117.0,650,Chris Ott,0.738,0.6799999999999999,
774,Dreams,,0.0,1990.0,31751.0,Puffin Books,40.0,266,Ezra Jack Keats,0.77,0.77,
775,Holes,35527710.84337349,0.0,2003.0,107550.0,Yearling Books,233.0,925322,Louis Sachar,0.792,0.7,-35527710.84337349
776,Fahrenheit 451,,0.0,1966.0,46978.0,Blackstone Audiobooks,5.0,1572872,Ray Bradbury,0.798,0.72,
777,Identity,53291566.26506024,160335734.793253,2003.0,286129.0,Harper,176.0,19681,Milan Kundera,0.736,0.73,107044168.52819276
778,Spellbound,,0.0,2002.0,12606.0,Penguin Books Ltd,439.0,24635,Jane Green,0.726,0.76,
779,The Trip,,0.0,2002.0,4003.0,HarperTrophy,32.0,249,Ezra Jack Keats,0.758,0.7,
780,Treasure Island,,0.0,1950.0,10368.0,Kingfisher,311.0,380722,Robert Louis Stevenson,0.766,0.6900000000000001,
781,Treasure Island,,0.0,1950.0,10368.0,Running Press Kids,48.0,381855,Robert Louis Stevenson,0.766,0.6900000000000001,
782,Come September,,0.0,1961.0,4428.0,AK Press,1.0,227,Arundhati Roy,0.8859999999999999,0.6900000000000001,
783,King Rat,,0.0,1965.0,5434.0,Tor Books,320.0,8296,China Miéville,0.708,0.75,
784,The Railway Children,,0.0,1970.0,6168.0,"Penguin Books, Limited (UK)",212.0,49628,E. Nesbit,0.8019999999999999,0.73,
785,Battle Cry,,0.0,1955.0,2797.0,Avon,694.0,8969,Leon Uris,0.8300000000000001,0.64,
786,The Trial,,0.0,1962.0,26249.0,Vintage,255.0,215662,Franz Kafka,0.794,0.76,
787,The Trial,,0.0,1962.0,26249.0,Schocken,288.0,216519,Franz Kafka,0.794,0.76,
788,Eat a Bowl of Tea,,0.0,1989.0,866.0,Lyle Stuart,256.0,203,Louis Chu,0.6900000000000001,0.63,
789,Shattered,52977698.58945806,27719451.39872309,1991.0,12427.0,G.P. Putnam's Sons,256.0,5043,Dick Francis,0.78,0.65,-25258247.190734975
790,Where the Heart Is,,0.0,1990.0,1872.0,Grand Central Publishing,376.0,231592,Billie Letts,0.8039999999999999,0.5900000000000001,
791,I Capture the Castle,,0.0,2003.0,8291.0,St. Martin's Paperbacks,346.0,80236,Dodie Smith,0.8,0.6799999999999999,
792,Born to Be Wild,,0.0,1995.0,1797.0,Jove,354.0,2785,Catherine Coulter,0.756,0.52,
793,I'll Be There,,0.0,2003.0,2264.0,Jump At The Sun,12.0,0,Charles R. Smith Jr.,,0.64,
794,Le Divorce,,23078793.85831325,2003.0,12481.0,Plume,320.0,4299,Diane Johnson,0.576,0.49000000000000005,
795,The Red Pony,,0.0,1949.0,1301.0,Puffin,95.0,46193,John Steinbeck,0.688,0.63,
796,The Day of the Dolphin,,0.0,1973.0,3818.0,Fawcett,318.0,844,Robert Merle,0.77,0.6,
797,The Rachel Papers,,0.0,1989.0,2362.0,Vintage,240.0,9129,Martin Amis,0.718,0.5900000000000001,
798,The Rachel Papers,,0.0,1989.0,2362.0,Alfred A. Knopf,227.0,9143,Martin Amis,0.718,0.5900000000000001,
799,The Business of Fancydancing,365073.7197523917,0.0,2002.0,561.0,Hanging Loose Press,84.0,1949,Sherman Alexie,0.836,0.6599999999999999,-365073.7197523917
800,The Keep,19879550.56179776,12132347.237752808,1983.0,16511.0,Knopf,240.0,12906,Jennifer Egan,0.6900000000000001,0.5700000000000001,-7747203.324044952
801,The Red Shoes,6848986.486486487,0.0,1948.0,42376.0,Harper Perennial,359.0,54,Rosemary Sullivan,0.782,0.8099999999999999,-6848986.486486487
802,Dracula,,0.0,1979.0,12215.0,Back Bay Books,448.0,885289,Bram Stoker,0.798,0.65,
803,Dracula,,0.0,1979.0,12215.0,Palgrave MacMillan,622.0,888022,Bram Stoker,0.798,0.65,
804,War and Peace,,0.0,2002.0,158.0,Oxford University Press,1392.0,250130,Leo Tolstoy,0.8240000000000001,0.8099999999999999,
805,The Handmaid's Tale,,0.0,1990.0,11974.0,Everyman's Library,350.0,1342979,Margaret Atwood,0.8220000000000001,0.6,
806,Earth,,1059145.6154074073,1998.0,8370.0,Spectra,704.0,6808,David Brin,0.784,0.76,
807,Death in Venice,,0.0,1971.0,24400.0,Bedford/St. Martin's,295.0,34485,Thomas Mann,0.746,0.73,
808,Dust,,0.0,2001.0,2504.0,Laurel Leaf,192.0,1426,Arthur Slade,0.706,0.63,
809,Taking Sides,,0.0,2001.0,4131.0,HMH Books for Young Readers,176.0,857,Gary Soto,0.674,0.7,
810,Children Of The Night,,0.0,1991.0,1407.0,Warner Books,464.0,6581,Dan Simmons,0.742,0.47000000000000003,
811,Daisy Miller,13861880.341880342,0.0,1974.0,2225.0,Wildside Press,164.0,26130,Henry James,0.674,0.62,-13861880.341880342
812,The Ugly American,,0.0,1963.0,2690.0,W. W. Norton  Company,288.0,3718,William J. Lederer,0.8019999999999999,0.6599999999999999,
813,The Bostonians,,0.0,1984.0,2701.0,Oxford University Press,504.0,6235,Henry James,0.718,0.62,
814,See No Evil,,0.0,1971.0,4641.0,Random House Audio,,4544,Robert B. Baer,0.786,0.6599999999999999,
815,See No Evil,,0.0,1971.0,4641.0,Love Inspired Suspense,250.0,58,Gayle Roper,0.806,0.6599999999999999,
816,Once Bitten,9820034.058656575,30687606.433301795,1985.0,18916.0,Xlibris Corporation,268.0,15,Adrian Hunter,0.866,0.5599999999999999,20867572.37464522
817,The Adventures of Huckleberry Finn,,0.0,1960.0,1688.0,Penguin Classics,327.0,1117780,Mark Twain,0.764,0.62,
818,The Prince and the Pauper,,0.0,1937.0,3109.0,Digital Scanning,420.0,104296,Mark Twain,0.77,0.72,
819,Underworld,39080481.927710846,170015119.2780723,2003.0,297277.0,Scribner,827.0,25858,Don DeLillo,0.784,0.7,130934637.35036145
820,A Brief History of Time,,0.0,1991.0,6131.0,Bantam Books,212.0,276259,Stephen Hawking,0.834,0.73,
821,Kiss of the Spider Woman,,0.0,1985.0,18803.0,Vintage,281.0,12137,Manuel Puig,0.796,0.73,
822,All the President's Men,49410896.05734767,410401089.6057348,1976.0,134914.0,Pocket Books,480.0,44752,Carl Bernstein,0.8380000000000001,0.79,360990193.54838717
823,Avalon,14777585.4214123,16303544.752801822,2001.0,14002.0,Chicago Review Press,440.0,3511,Anya Seton,0.772,0.64,1525959.3313895222
824,The Meaning of Life,,0.0,1983.0,128765.0,"Oxford University Press, USA",187.0,1581,Terry Eagleton,0.7,0.75,
825,Ruby,,0.0,1992.0,1746.0,Harper Perennial,224.0,1682,Francesca Lia Block,0.738,0.55,
826,The Debut,1915936.207914944,0.0,2000.0,721.0,Vintage,192.0,1145,Anita Brookner,0.732,0.64,-1915936.207914944
827,Eureka,,409425.9703370786,1983.0,4355.0,University of Illinois Press,232.0,484,Edgar Allan Poe,0.744,0.5900000000000001,
828,Tough Guys Don't Dance,14558707.360861758,2499002.1184919206,1987.0,2102.0,Random House,240.0,2631,Norman Mailer,0.7,0.5,-12059705.242369838
829,Leap of Faith,,0.0,1992.0,15610.0,Corgi,256.0,5157,Danielle Steel,0.742,0.62,
830,In Cold Blood,34507234.042553194,128244173.33641335,1967.0,31208.0,Random House Audio,15.0,498212,Truman Capote,0.8140000000000001,0.79,93736939.29386017
831,Out of Time,88819277.10843374,98581515.76771083,2003.0,70155.0,Tor Teen,128.0,184,John Marsden,0.58,0.65,9762238.659277096
832,Out of Time,88819277.10843374,98581515.76771083,2003.0,70155.0,Pan Australia,144.0,184,John Marsden,0.58,0.65,9762238.659277096
833,Mystic River,44409638.55421687,278576369.02168673,2003.0,512875.0,William Morrow Paperbacks,416.0,118023,Dennis Lehane,0.836,0.79,234166730.46746987
834,Sylvia,12434698.795180723,17763855.421686746,2003.0,11533.0,"Farrar, Straus and Giroux",129.0,1244,Leonard Michaels,0.77,0.63,5329156.626506023
835,In the Cut,21316626.506024096,40.85686746987952,2003.0,27493.0,Plume,180.0,2215,Susanna Moore,0.646,0.54,-21316585.649156626
836,Black Sunday,,0.0,1977.0,9666.0,Random House Audio,,7873,Thomas  Harris,0.72,0.6799999999999999,
837,The Eye,,0.0,2002.0,30808.0,Vintage,104.0,4090,Vladimir Nabokov,0.736,0.6599999999999999,
838,The Cat in the Hat,,0.0,2003.0,92556.0,Random House Books for Young Readers,61.0,398469,Dr. Seuss,0.834,0.42000000000000004,
839,Jane Eyre,,0.0,1943.0,10109.0,Penguin,532.0,1548529,Charlotte Brontë,0.8240000000000001,0.74,
840,Jane Eyre,,0.0,1943.0,10109.0,Signet Classics,462.0,1553077,Charlotte Brontë,0.8240000000000001,0.74,
841,Jane Eyre,,0.0,1943.0,10109.0,Turtleback Books,461.0,1553399,Charlotte Brontë,0.8240000000000001,0.74,
842,A Tale of Two Cities,,0.0,1935.0,6746.0,Simon  Schuster,496.0,781949,Charles Dickens,0.768,0.78,
843,A Tale of Two Cities,,0.0,1935.0,6746.0,In Audio,12.0,782355,Charles Dickens,0.768,0.78,
844,Kafka,26488849.29472903,0.0,1991.0,11019.0,,176.0,2891,David Zane Mairowitz,0.806,0.6799999999999999,-26488849.29472903
845,The Lover,,0.0,1992.0,24854.0,Pantheon Books,117.0,33882,Marguerite Duras,0.748,0.6799999999999999,
846,Presumed Innocent,55969380.39215686,563009195.9622275,1990.0,51477.0,Twtp Assorted,431.0,103214,Scott Turow,0.82,0.6900000000000001,507039815.5700706
847,Proof,,1263441.052887899,1991.0,7449.0,G.P. Putnam's Sons,368.0,6245,Dick Francis,0.8099999999999999,0.72,
848,Proof,,1263441.052887899,1991.0,7449.0,G.P. Putnam's Sons,334.0,6258,Dick Francis,0.8099999999999999,0.72,
849,Battle Royale,8621712.935617248,47898405.19787359,2000.0,203916.0,"VIZ, LLC",617.0,51405,Koushun Takami,0.8460000000000001,0.75,39276692.26225635
850,Revenge,,39803428.7897098,1990.0,22367.0,St. Martin's Press,240.0,70,Mary Morris,0.7140000000000001,0.62,
851,Wild at Heart,24168596.07843137,37042181.95212549,1990.0,110121.0,Grove Press,160.0,1138,Barry Gifford,0.758,0.72,12873585.873694118
852,Little Women,,0.0,1949.0,8739.0,Signet Classics,449.0,1595807,Louisa May Alcott,0.8160000000000001,0.72,
853,Little Women,,0.0,1949.0,8739.0,Barnes  Noble Classics,489.0,1601291,Louisa May Alcott,0.8160000000000001,0.72,
854,A Midsummer Night's Dream,,0.0,1935.0,4128.0,Signet Book,162.0,428449,William Shakespeare,0.788,0.6799999999999999,
855,Beauty and the Beast,,0.0,1946.0,29469.0,Seastar Books,48.0,5862,Marianna Mayer,0.868,0.79,
856,The Tragedy of Macbeth,,0.0,1971.0,15789.0,Echo Library,172.0,641709,William Shakespeare,0.78,0.74,
857,Red River,41093918.91891892,123446132.43243244,1948.0,37056.0,Grand Central Publishing,420.0,2905,Lalita Tademy,0.77,0.77,82352213.51351352
858,A Shot in the Dark,,129665783.0029735,1964.0,33339.0,Hesperus Press,94.0,46,Saki,0.744,0.73,
859,The Navigator,,0.0,1924.0,11851.0,Mandarin,304.0,387,Morris L. West,0.762,0.75,
860,The Hunchback of Notre Dame,,0.0,1939.0,13056.0,Tantor Audio,,162555,Victor Hugo,0.8,0.78,
861,"Play It Again, Sam",,0.0,1972.0,29253.0,Random House (NY),88.0,753,Woody Allen,0.774,0.76,
862,Pygmalion,,0.0,1938.0,10297.0,Dover Publications,82.0,85519,George Bernard Shaw,0.78,0.77,
863,A Passage to India,25415710.08814888,86374188.32814887,1984.0,22650.0,Penguin Books,376.0,64627,E.M. Forster,0.736,0.73,60958478.239999995
864,Anna Karenina,,0.0,1935.0,6124.0,Penguin Classics,838.0,631550,Leo Tolstoy,0.8099999999999999,0.7,
865,Accident,5915525.835866261,0.0,1967.0,5316.0,Dell,464.0,12739,Danielle Steel,0.792,0.6799999999999999,-5915525.835866261
866,The Collector,,0.0,1965.0,12928.0,Back Bay Books,305.0,52004,John Fowles,0.796,0.75,
867,Naked Lunch,38529235.33778768,0.0,1991.0,59986.0,Grove Press,289.0,74999,William S. Burroughs,0.692,0.6900000000000001,-38529235.33778768
868,Run,38529235.33778768,10618002.262093542,1991.0,3382.0,HarperLuxe,416.0,37832,Ann Patchett,0.7140000000000001,0.62,-27911233.075694136
869,A Summer Place,,0.0,1959.0,4199.0,Harlequin Superromance,304.0,47,Laura Abbot,0.762,0.6900000000000001,
870,Shoot the Piano Player,,0.0,1960.0,21613.0,Vintage Crime/Black Lizard,158.0,3042,David Goodis,0.8039999999999999,0.74,
871,In America,,0.0,2003.0,45191.0,St. Martins Press-3PL,398.0,1776,Susan Sontag,0.662,0.76,
872,Girl with a Pearl Earring,,55897149.03807229,2003.0,84940.0,Plume Books,233.0,602181,Tracy Chevalier,0.776,0.6900000000000001,
873,House of Sand and Fog,29310361.44578313,30096936.08192772,2003.0,75079.0,Vintage,368.0,119928,Andre Dubus III,0.77,0.75,786574.6361445896
874,Monster,14211084.337349398,107255643.67421688,2003.0,170475.0,Amistad,281.0,58109,Walter Dean Myers,0.744,0.73,93044559.33686748
875,Cheaper by the Dozen,71055421.68674698,337890047.47855425,2003.0,114177.0,Harper,224.0,35735,Frank B. Gilbreth Jr.,0.8039999999999999,0.5900000000000001,266834625.79180726
876,Cold Mountain,140334457.8313253,307338695.9874699,2003.0,162377.0,Grove Press,356.0,215220,Charles Frazier,0.772,0.72,167004238.15614462
877,Peter Pan,177638554.21686748,216674646.04626507,2003.0,83767.0,Henry Holt and Co.,176.0,255182,J.M. Barrie,0.8140000000000001,0.6799999999999999,39036091.82939759
878,The Great Gatsby,45051111.11111111,183900021.74358976,1974.0,28446.0,Wordsworth Editions Ltd,122.0,3577073,F. Scott Fitzgerald,0.784,0.64,138848910.63247865
879,The Great Gatsby,45051111.11111111,183900021.74358976,1974.0,28446.0,Cambridge University Press,276.0,3589597,F. Scott Fitzgerald,0.784,0.64,138848910.63247865
880,Wuthering Heights,,0.0,1992.0,15145.0,Running Press Book Publishers,248.0,1270598,Emily Brontë,0.77,0.6599999999999999,
881,Wuthering Heights,,0.0,1992.0,15145.0,Penguin Books,335.0,1275195,Emily Brontë,0.77,0.6599999999999999,
882,Ship of Fools,,0.0,1965.0,7552.0,Ace,370.0,2834,Richard Paul Russo,0.748,0.7,
883,Jane Eyre,,0.0,1971.0,1295.0,Penguin,532.0,1548529,Charlotte Brontë,0.8240000000000001,0.64,
884,Jane Eyre,,0.0,1971.0,1295.0,Signet Classics,462.0,1553077,Charlotte Brontë,0.8240000000000001,0.64,
885,Jane Eyre,,0.0,1971.0,1295.0,Turtleback Books,461.0,1553399,Charlotte Brontë,0.8240000000000001,0.64,
886,Bonjour Tristesse,,0.0,1958.0,6144.0,Pocket,154.0,25560,Françoise Sagan,0.728,0.6799999999999999,
887,Ransom,,0.0,1975.0,2665.0,Laurel Leaf,176.0,3678,Lois Duncan,0.734,0.5599999999999999,
888,Dr. Jekyll and Mr. Hyde,,0.0,1941.0,10597.0,Bantam Classics,98.0,358754,Robert Louis Stevenson,0.762,0.6799999999999999,
889,The Ox-Bow Incident,,0.0,1943.0,26565.0,Modern Library,247.0,4878,Walter Van Tilburg Clark,0.766,0.8,
890,Money for Nothing,24986330.532212883,2373301.619271708,1993.0,4647.0,Penguin Books,240.0,1013,P.G. Wodehouse,0.788,0.5700000000000001,-22613028.912941176
891,Heat and Dust,,0.0,1983.0,2316.0,Counterpoint,190.0,7021,Ruth Prawer Jhabvala,0.71,0.65,
892,Mesmerized,15343803.216650898,0.0,1985.0,1111.0,Pocket Star Books,576.0,194,Gayle Lynds,0.77,0.47000000000000003,-15343803.216650898
893,The Perfect Score,,0.0,2004.0,27004.0,Simon Spotlight Entertainment,192.0,71,David Levithan,0.712,0.5700000000000001,
894,Miracle,48750960.815888345,112206792.33786364,2004.0,62256.0,Dell,225.0,4840,Danielle Steel,0.748,0.75,63455831.521975294
895,The Innocent,,0.0,1993.0,1791.0,Dutton,503.0,26532,Harlan Coben,0.792,0.5599999999999999,
896,The Sailor Who Fell from Grace with the Sea,,0.0,1976.0,1806.0,Berkley Publishing Group,144.0,17945,Yukio Mishima,0.778,0.62,
897,The Diary of Anne Frank,33543743.53671148,0.0,1959.0,14339.0,Dramatists Play Service,70.0,7401,Frances Goodrich,0.8119999999999999,0.74,-33543743.53671148
898,Richard III,,0.0,1955.0,5718.0,"Oxford University Press, USA",414.0,41998,William Shakespeare,0.786,0.73,
899,The Chase,,0.0,1966.0,14890.0,University of Minnesota Press,121.0,258,Alejo Carpentier,0.72,0.71,
900,Spartan,33516285.56092324,14125089.457949542,2004.0,34112.0,Atria Books (NYC),320.0,4470,Valerio Massimo Manfredi,0.736,0.65,-19391196.1029737
901,Broken Wings,,0.0,2002.0,2595.0,Pocket Books,377.0,227,John E. Douglas,0.726,0.73,
902,Games People Play,,0.0,2004.0,212.0,Ballantine Books,216.0,25737,Eric Berne,0.762,0.45,
903,The Wind in the Willows,25.16106011635424,2.0967550096961864,1996.0,3597.0,Penguin Books,197.0,169596,Kenneth Grahame,0.798,0.63,-23.064305106658054
904,The Wind in the Willows,25.16106011635424,2.0967550096961864,1996.0,3597.0,Yearling,244.0,169941,Kenneth Grahame,0.798,0.63,-23.064305106658054
905,Never Die Alone,5223317.230273752,10312569.31830381,2004.0,6317.0,Holloway House Publishing Company,224.0,773,Donald Goines,0.858,0.5599999999999999,5089252.088030059
906,The Alamo,252460332.79656464,44955282.39209876,2004.0,23328.0,Hyperion,384.0,108,Frank T. Thompson,0.6980000000000001,0.61,-207505050.40446588
907,Cheaper by the Dozen,,0.0,1950.0,5962.0,Harper,224.0,35735,Frank B. Gilbreth Jr.,0.8039999999999999,0.7,
908,Envy,69644229.73698336,0.0,2004.0,33219.0,NYRB Classics,152.0,2928,Yury Olesha,0.75,0.48,-69644229.73698336
909,Troy,304693505.0993022,866043150.1531723,2004.0,603970.0,Scholastic Point,368.0,4162,Adèle Geras,0.738,0.73,561349645.0538701
910,Under Fire,,0.0,1983.0,9448.0,Penguin Classics,352.0,1406,Henri Barbusse,0.766,0.7,
911,Mercy,,0.0,2000.0,2527.0,Washington Square Press,400.0,46658,Jodi Picoult,0.716,0.53,
912,The Passion of Ayn Rand,,0.0,1999.0,1702.0,Anchor,464.0,1729,Barbara Branden,0.75,0.58,
913,The Discovery of Heaven,,0.0,2001.0,3921.0,Penguin Books,730.0,11430,Harry Mulisch,0.834,0.67,
914,Chance,136902.64490714687,0.0,2002.0,1288.0,Penguin Books,400.0,593,Joseph Conrad,0.718,0.6799999999999999,-136902.64490714687
915,Midnight,,0.0,1939.0,6277.0,Random House Value Publishing,,23583,Dean Koontz,0.766,0.78,
916,Pride and Prejudice,,0.0,1940.0,9849.0,Modern Library,279.0,2821508,Jane Austen,0.852,0.73,
917,The Man in the Gray Flannel Suit,,0.0,1956.0,4380.0,Amereon Limited,304.0,2636,Sloan Wilson,0.766,0.71,
918,The Man in the Gray Flannel Suit,,0.0,1956.0,4380.0,Da Capo Press,288.0,2641,Sloan Wilson,0.766,0.71,
919,The Fountainhead,,0.0,1949.0,11559.0,Dutton,752.0,288859,Ayn Rand,0.774,0.7,
920,Monster in a Box,,729992.1775849601,1992.0,905.0,Vintage,96.0,566,Spalding Gray,0.806,0.75,
921,Midnight,,0.0,1998.0,820.0,Random House Value Publishing,,23583,Dean Koontz,0.766,0.6799999999999999,
922,School Ties,,34512630.89411424,1992.0,28846.0,Penguin Books,144.0,68,William  Boyd,0.73,0.6900000000000001,
923,The Canterville Ghost,,0.0,1944.0,3542.0,Wildside Press,52.0,40816,Oscar Wilde,0.778,0.6900000000000001,
924,Good Guys Wear Black,5173333.333333333,94672000.0,1978.0,4123.0,Random House Value Publishing,,1,John MacDougall Murray,0.6,0.51,89498666.66666667
925,The Postman Always Rings Twice,,0.0,1946.0,24288.0,Orion,116.0,29488,James M. Cain,0.76,0.74,
926,Tuesdays with Morrie,,0.0,1999.0,5109.0,Anchor Books,192.0,742356,Mitch Albom,0.8220000000000001,0.74,
927,Tinker Tailor Soldier Spy,,0.0,1979.0,10405.0,Pan Macmillan,317.0,65942,John le Carré,0.8099999999999999,0.8400000000000001,
928,Treasure Island,,0.0,1990.0,6511.0,Kingfisher,311.0,380722,Robert Louis Stevenson,0.766,0.7,
929,Treasure Island,,0.0,1990.0,6511.0,Running Press Kids,48.0,381855,Robert Louis Stevenson,0.766,0.7,
930,Twister,,0.0,1989.0,2483.0,Ballantine Books,182.0,1723,Michael Crichton,0.726,0.52,
931,The Parallax View,,0.0,1974.0,24016.0,MIT Press (MA),433.0,1137,Slavoj Žižek,0.8,0.71,
932,Second Skin,,0.0,1999.0,1826.0,New Directions,210.0,392,John Hawkes,0.77,0.63,
933,Victory,,0.0,1996.0,562.0,Margaret K. McElderry Books,196.0,610,Susan Cooper,0.7140000000000001,0.62,
934,The Valachi Papers,,0.0,1972.0,4922.0,Harper Perennial,304.0,1162,Peter Maas,0.776,0.64,
935,Shame,,0.0,1968.0,16061.0,Vintage,287.0,10791,Salman Rushdie,0.764,0.8,
936,Under the Volcano,,0.0,1984.0,6704.0,Harper Perennial,397.0,21176,Malcolm Lowry,0.758,0.6799999999999999,
937,Wise Blood,,0.0,1979.0,6890.0,Farrar Straus & Giroux,256.0,25377,Flannery O'Connor,0.772,0.6900000000000001,
938,The Trip,,0.0,1967.0,5758.0,HarperTrophy,32.0,249,Ezra Jack Keats,0.758,0.61,
939,Cockfighter,,0.0,1974.0,2815.0,Blackmask.com,200.0,1200,Charles Willeford,0.8220000000000001,0.6900000000000001,
940,Marjorie Morningstar,,0.0,1958.0,1370.0,Back Bay Books,565.0,7252,Herman Wouk,0.796,0.62,
941,The Power of One,,0.0,1992.0,11272.0,Laurel Leaf,384.0,74493,Bryce Courtenay,0.8699999999999999,0.71,
942,The Phantom Tollbooth,,0.0,1970.0,3776.0,Random House Books for Young Readers,256.0,227037,Norton Juster,0.842,0.67,
943,Dark Water,,0.0,2002.0,36893.0,Vertical,279.0,3057,Kōji Suzuki,0.722,0.67,
944,The Thief,,0.0,1997.0,5881.0,Arrow,86.0,375,Ruth Rendell,0.638,0.76,
945,Paradise,81874625.09279883,44873659.09891611,1991.0,3369.0,Plume (Penguin Books Ltd),318.0,22167,Toni Morrison,0.76,0.6599999999999999,-37000965.993882716
946,Paradise,81874625.09279883,44873659.09891611,1991.0,3369.0,Bloomsbury,249.0,606,Abdulrazak Gurnah,0.7,0.6599999999999999,-37000965.993882716
947,Frankenstein Unbound,,0.0,1990.0,4429.0,House of Stratus,188.0,616,Brian W. Aldiss,0.654,0.54,
948,Crossroads,,16938420.22143767,1986.0,18999.0,Catbird Press,224.0,76,Karel Čapek,0.766,0.71,
949,The Inheritance,,0.0,2003.0,5009.0,Penguin Books,177.0,4962,Louisa May Alcott,0.728,0.72,
950,Sodom and Gomorrah,,0.0,1962.0,2397.0,Viking Adult,576.0,5285,Marcel Proust,0.8720000000000001,0.5700000000000001,
951,Lust for Life,,0.0,1956.0,13040.0,Arrow,431.0,20064,Irving Stone,0.85,0.73,
952,Educating Rita,,0.0,1983.0,15580.0,Bloomsbury Methuen Drama,96.0,3175,Willy Russell,0.73,0.72,
953,Anne of the Thousand Days,,0.0,1969.0,8598.0,Dramatists Play Service,75.0,104,Maxwell Anderson,0.774,0.74,
954,Hiroshima Mon Amour,,0.0,1959.0,38620.0,Planeta,160.0,3841,Marguerite Duras,0.78,0.78,
955,The Day of the Jackal,,0.0,1973.0,51486.0,Im Press,400.0,110019,Frederick Forsyth,0.852,0.78,
956,The Razor's Edge,,0.0,1946.0,7241.0,Vintage International,314.0,35018,W. Somerset Maugham,0.8380000000000001,0.73,
957,The Razor's Edge,,0.0,1946.0,7241.0,William Heinemann Ltd,304.0,35112,W. Somerset Maugham,0.8380000000000001,0.73,
958,The Maltese Falcon,,0.0,1931.0,3525.0,Orion,213.0,82075,Dashiell Hammett,0.782,0.6799999999999999,
959,Ten Little Indians,,0.0,1965.0,5826.0,Vintage,256.0,6277,Sherman Alexie,0.8140000000000001,0.6599999999999999,
960,The Idiot,,0.0,1951.0,6086.0,Modern Library,667.0,122060,Fyodor Dostoyevsky,0.8380000000000001,0.71,
961,Oliver Twist,,0.0,1948.0,14622.0,Signet,512.0,304540,Charles Dickens,0.774,0.78,
962,The Day After Tomorrow,217638217.928073,947635805.109694,2004.0,503929.0,Signet Books (NY),144.0,4791,Robert A. Heinlein,0.732,0.65,729997587.1816211
963,The Mother,4440963.855421687,1886970.8713253008,2003.0,4873.0,Moyer Bell and its subsidiaries,304.0,3279,Pearl S. Buck,0.808,0.67,-2553992.9840963855
964,The Chronicles of Riddick,182816103.0595813,201572570.35826084,2004.0,249587.0,Del Rey Books,342.0,1479,Alan Dean Foster,0.79,0.6599999999999999,18756467.29867953
965,The Stepford Wives,156699516.90821254,177592785.82930756,2004.0,72796.0,Perennial,144.0,27639,Ira Levin,0.752,0.54,20893268.921095014
966,The Adventures of Sherlock Holmes,,0.0,1939.0,7991.0,Oxford University Press,389.0,229855,Arthur Conan Doyle,0.8619999999999999,0.72,
967,The Hound of the Baskervilles,,0.0,1939.0,12582.0,IndyPublish.com,176.0,234084,Arthur Conan Doyle,0.8220000000000001,0.74,
968,True Love,,0.0,1989.0,981.0,HarperTorch,272.0,1310,Robert Fulghum,0.798,0.6,
969,Dragon Seed,,0.0,1944.0,1406.0,Moyer Bell and its subsidiaries,384.0,2418,Pearl S. Buck,0.8160000000000001,0.5900000000000001,
970,The Picture of Dorian Gray,,0.0,1945.0,15700.0,Random House: Modern Library,272.0,901683,Oscar Wilde,0.8160000000000001,0.75,
971,The Picture of Dorian Gray,,0.0,1945.0,15700.0,"Recorded Books, Inc.",10.0,905405,Oscar Wilde,0.8160000000000001,0.75,
972,The Picture of Dorian Gray,,0.0,1945.0,15700.0,Penguin,48.0,905601,Oscar Wilde,0.8160000000000001,0.75,
973,Siddhartha,,0.0,1972.0,1347.0,Kessinger Publishing,96.0,547100,Hermann Hesse,0.8039999999999999,0.6599999999999999,
974,Siddhartha,,0.0,1972.0,1347.0,Shambhala,144.0,549169,Hermann Hesse,0.8039999999999999,0.6599999999999999,
975,Ivanhoe,,0.0,1952.0,11008.0,Penguin Books /Penguin Classics,541.0,81934,Walter Scott,0.75,0.67,
976,Ivanhoe,,0.0,1952.0,11008.0,Norilana Books,556.0,82057,Walter Scott,0.75,0.67,
977,Freaks,,0.0,1932.0,53831.0,Juno Books,124.0,291,Daniel P. Mannix,0.8019999999999999,0.78,
978,Deep Cover,,0.0,1992.0,16049.0,Zebra,380.0,4,Laurien Berenson,0.75,0.7,
979,Dr. Jekyll and Mr. Hyde,,0.0,1931.0,17323.0,Bantam Classics,98.0,358754,Robert Louis Stevenson,0.762,0.76,
980,Around the World in 80 Days,191521631.77670425,125671088.63853996,2004.0,98494.0,Listening Library,280.0,175382,Jules Verne,0.786,0.5900000000000001,-65850543.1381643
981,Around the World in 80 Days,191521631.77670425,125671088.63853996,2004.0,98494.0,Spotlight,236.0,5370,Marian Leighton,0.796,0.5900000000000001,-65850543.1381643
982,The Notebook,50492066.55931293,201277445.9703274,2004.0,670484.0,Grand Central Publishing,254.0,1270826,Nicholas Sparks,0.82,0.78,150785379.41101447
983,Shadows,,0.0,1959.0,13336.0,Bantam,393.0,11254,John Saul,0.786,0.72,
984,Coming Out,,0.0,1989.0,2032.0,Delacorte Press,210.0,5465,Danielle Steel,0.702,0.7,
985,BUtterfield 8,,0.0,1960.0,7831.0,Modern Library,256.0,2133,John O'Hara,0.716,0.63,
986,The Same River Twice,,0.0,2003.0,306.0,Washington Square Press,304.0,497,Alice Walker,0.762,0.7,
987,Hard Times,16745575.525812622,31010325.047801152,1975.0,13269.0,Barnes  Noble Classics,368.0,51756,Charles Dickens,0.704,0.72,14264749.52198853
988,Long Day's Journey Into Night,,0.0,1962.0,6315.0,Yale University Press,179.0,34213,Eugene O'Neill,0.8140000000000001,0.75,
989,Joan of Arc,,0.0,1948.0,4115.0,Viking Adult,208.0,464,Mary Gordon,0.6940000000000001,0.64,
990,Joan of Arc,,0.0,1948.0,4115.0,HarperCollins,48.0,763,Diane Stanley,0.8140000000000001,0.64,
991,A Home at the End of the World,11317187.332259797,2696894.4468062264,2004.0,14253.0,Picador,342.0,17400,Michael Cunningham,0.782,0.6599999999999999,-8620292.88545357
992,The Hunters,,0.0,1958.0,1776.0,Picador,200.0,513,Claire Messud,0.6839999999999999,0.64,
993,Slaughterhouse-Five,25193631.067961164,0.0,1972.0,14525.0,Dial Press,275.0,1082102,Kurt Vonnegut Jr.,0.8160000000000001,0.6799999999999999,-25193631.067961164
994,The Comfort of Strangers,,3165783.342807843,1990.0,7034.0,Anchor,128.0,14209,Ian McEwan,0.682,0.63,
995,Grief,,0.0,1993.0,378.0,Discovery House Publishers,45.0,10,Haddon W. Robinson,0.8,0.5700000000000001,
996,The Leopard,,0.0,1963.0,33767.0,Harvill Press,212.0,21914,Giuseppe Tomasi di Lampedusa,0.8019999999999999,0.79,
997,"Goodbye, Columbus",,0.0,1969.0,2472.0,Modern Library,298.0,16155,Philip Roth,0.772,0.64,
998,The Lower Depths,,0.0,1957.0,6331.0,Dover Publications,80.0,2644,Maxim Gorky,0.752,0.72,
999,The Set-Up,,0.0,1949.0,10865.0,St. Martin's Paperbacks,432.0,126,Paul Emil Erdman,0.734,0.78,
1000,The Prime of Miss Jean Brodie,,0.0,1969.0,11005.0,Penguin,128.0,40712,Muriel Spark,0.748,0.76,
1001,Criss Cross,,0.0,1949.0,10374.0,Greenwillow Books,337.0,8324,Lynne Rae Perkins,0.6679999999999999,0.74,
1002,The Spy Who Came in from the Cold,,0.0,1965.0,20226.0,Scribner,224.0,68621,John le Carré,0.8140000000000001,0.75,
1003,The Manchurian Candidate,139288459.47396672,167330645.89775628,2004.0,121734.0,British Film Institute,96.0,61,Greil Marcus,0.718,0.6599999999999999,28042186.42378956
1004,The Village,104466344.60547502,446937526.394847,2004.0,293164.0,Back Bay Books,238.0,107,David Mamet,0.49400000000000005,0.6599999999999999,342471181.78937197
1005,Garden State,4352764.35856146,46629811.73410627,2004.0,227628.0,"London : Faber, 2002",212.0,848,Rick Moody,0.612,0.74,42277047.375544816
1006,We Don't Live Here Anymore,5223317.230273752,3547581.301986044,2004.0,10374.0,Vintage Books,215.0,914,Andre Dubus,0.8039999999999999,0.62,-1675735.9282877077
1007,Vanity Fair,40045432.09876543,28073329.58222222,2004.0,24022.0,Penguin Books,867.0,112806,William Makepeace Thackeray,0.758,0.62,-11972102.516543213
1008,Lord Jim,,0.0,1965.0,4497.0,Broadview Press Inc,455.0,26545,Joseph Conrad,0.724,0.67,
1009,Lord Jim,,0.0,1965.0,4497.0,Wildside Press,264.0,26579,Joseph Conrad,0.724,0.67,
1010,The Forgotten,73126441.22383252,204711615.12639827,2004.0,70413.0,Schocken Books Inc,320.0,581,Elie Wiesel,0.788,0.58,131585173.90256575
1011,The Boston Strangler,,0.0,1968.0,11643.0,Commonwealth Editions,80.0,10,Robert Allison,0.8,0.7,
1012,The Legacy,,0.0,1978.0,3742.0,Grand Central Publishing,496.0,222,D.W. Buffa,0.74,0.58,
1013,The Trojan Women,,0.0,1971.0,1817.0,Ivan R. Dee Publisher,64.0,5765,Euripides,0.778,0.6900000000000001,
1014,Robinson Crusoe,4214135.115070527,0.0,1954.0,4897.0,Modern Library,320.0,237505,Daniel Defoe,0.734,0.6599999999999999,-4214135.115070527
1015,Robinson Crusoe,4214135.115070527,0.0,1954.0,4897.0,Atheneum Books,51.0,20,Timothy Meis,0.7,0.6599999999999999,-4214135.115070527
1016,The Terror,,0.0,1963.0,9189.0,"Little, Brown and Company",769.0,39578,Dan Simmons,0.8140000000000001,0.51,
1017,Black Beauty,,0.0,1971.0,1232.0,Scholastic Paperbacks,245.0,227605,Anna Sewell,0.792,0.54,
1018,Black Beauty,,0.0,1971.0,1232.0,Turtleback Books,228.0,228118,Anna Sewell,0.792,0.54,
1019,Riding the Bullet,8705528.71712292,0.0,2004.0,11356.0,Simon  Schuster Audio,66.0,14127,Stephen King,0.726,0.52,-8705528.71712292
1020,Spin,,0.0,2003.0,556.0,Tor Books,364.0,33880,Robert Charles Wilson,0.8039999999999999,0.63,
1021,Sideways,27857691.89479334,190655088.67151904,2004.0,214108.0,St. Martin's Griffin,368.0,5025,Rex Pickett,0.74,0.75,162797396.7767257
1022,Falling Angels,,0.0,2003.0,1150.0,Penguin Books,336.0,22511,Tracy Chevalier,0.716,0.67,
1023,Falling Angels,,0.0,2003.0,1150.0,Soho Press,200.0,675,Barbara Gowdy,0.762,0.67,
1024,Enduring Love,,0.0,2004.0,11255.0,Vintage,245.0,36424,Ian McEwan,0.726,0.63,
1025,Ray,69644229.73698336,217170790.2335588,2004.0,163150.0,Grove Press,128.0,1274,Barry Hannah,0.788,0.77,147526560.49657544
1026,The Polar Express,287282447.66505635,532561990.2771873,2004.0,261714.0,HMH Books for Young Readers,32.0,205720,Chris Van Allsburg,0.86,0.6599999999999999,245279542.61213094
1027,Alexander,269871390.23081046,291283842.95574874,2004.0,181821.0,Pan MacMillan,576.0,4289,Valerio Massimo Manfredi,0.8220000000000001,0.5599999999999999,21412452.724938273
1028,Closer,47009855.072463766,201106465.9041116,2004.0,247735.0,Grove Press,120.0,4229,Patrick Marber,0.798,0.71,154096610.8316478
1029,Alexander the Great,,0.0,1956.0,4513.0,Ohio University Press,232.0,298,Nikos Kazantzakis,0.766,0.58,
1030,I'll Be Seeing You,,0.0,1944.0,2717.0,Pocket Books,307.0,16370,Mary Higgins Clark,0.764,0.71,
1031,Dr. Jekyll and Mr. Hyde,,0.0,1920.0,6541.0,Bantam Classics,98.0,358754,Robert Louis Stevenson,0.762,0.6900000000000001,
1032,The Last of the Mohicans,,0.0,1920.0,1545.0,State University of New York Press,418.0,84254,James Fenimore Cooper,0.74,0.67,
1033,The Last of the Mohicans,,0.0,1920.0,1545.0,Barnes  Noble Classics,480.0,84369,James Fenimore Cooper,0.74,0.67,
1034,The Hunchback of Notre Dame,,0.0,1923.0,6667.0,Tantor Audio,,162555,Victor Hugo,0.8,0.72,
1035,The Phantom of the Opera,,0.0,1925.0,21820.0,Puffin Classics,336.0,189814,Gaston Leroux,0.794,0.75,
1036,The Jazz Singer,,0.0,1927.0,11723.0,University of Wisconsin Press,188.0,3,Robert L. Carringer,0.9339999999999999,0.64,
1037,Pandora's Box,,0.0,1929.0,12677.0,Strebor Books,283.0,276,Allison Hobbs,0.792,0.77,
1038,The Man Who Laughs,,0.0,1928.0,8986.0,Norilana Books,672.0,9324,Victor Hugo,0.8460000000000001,0.76,
1039,Monkey Business,,0.0,1931.0,14827.0,Kids Can Press,32.0,144,Wallace Edwards,0.834,0.74,
1040,The Scarlet Pimpernel,,0.0,1934.0,5084.0,IndyPublish.com,260.0,118355,Emmuska Orczy,0.8140000000000001,0.73,
1041,The Scarlet Pimpernel,,0.0,1934.0,5084.0,1st World Library,360.0,118492,Emmuska Orczy,0.8140000000000001,0.73,
1042,Fury,,0.0,1936.0,14544.0,Vintage,272.0,8097,Salman Rushdie,0.658,0.78,
1043,Camille,,0.0,1936.0,9342.0,Oberon Books,102.0,12,Neil Bartlett,0.7,0.73,
1044,The Prisoner of Zenda,,0.0,1937.0,5357.0,House of Stratus,184.0,17386,Anthony Hope,0.772,0.76,
1045,Wuthering Heights,,0.0,1939.0,21158.0,Running Press Book Publishers,248.0,1270598,Emily Brontë,0.77,0.75,
1046,Wuthering Heights,,0.0,1939.0,21158.0,Penguin Books,335.0,1275195,Emily Brontë,0.77,0.75,
1047,All Through the Night,,0.0,1941.0,5333.0,Pocket Books,256.0,7280,Mary Higgins Clark,0.74,0.71,
1048,Henry V,,0.0,1944.0,7551.0,Washington Square Press,294.0,40143,William Shakespeare,0.776,0.7,
1049,A Tree Grows in Brooklyn,,0.0,1945.0,8876.0,HarperCollins Publishers,496.0,373682,Betty  Smith,0.852,0.8,
1050,Deception,,0.0,1946.0,4513.0,Vintage,208.0,2129,Philip Roth,0.666,0.71,
1051,Deception,,0.0,1946.0,4513.0,Back Bay Books,336.0,1882,Denise Mina,0.712,0.71,
1052,Great Expectations,,0.0,1946.0,27838.0,Penguin Audio,3.0,622146,Charles Dickens,0.754,0.78,
1053,Great Expectations,,0.0,1946.0,27838.0,Signet Classics,494.0,623762,Charles Dickens,0.754,0.78,
1054,Great Expectations,,0.0,1946.0,27838.0,Brilliance Audio,518.0,623897,Charles Dickens,0.754,0.78,
1055,The Stranger,,0.0,1946.0,30290.0,HMH Books for Young Readers,32.0,2870,Chris Van Allsburg,0.818,0.73,
1056,The Three Musketeers,,0.0,1948.0,7510.0,Viking,704.0,262810,Alexandre Dumas,0.8140000000000001,0.71,
1057,The Secret Garden,,0.0,1949.0,3497.0,Dover Publications,256.0,844700,Frances Hodgson Burnett,0.826,0.75,
1058,Carrie,,0.0,1952.0,3005.0,Pocket Books,253.0,489304,Stephen King,0.792,0.73,
1059,The Prisoner of Zenda,,0.0,1952.0,4254.0,House of Stratus,184.0,17386,Anthony Hope,0.772,0.6900000000000001,
1060,The Cobweb,,0.0,1955.0,2333.0,Spectra Books,448.0,2913,Neal Stephenson,0.722,0.63,
1061,Behold a Pale Horse,,0.0,1964.0,2479.0,Light Technology Publications,500.0,3317,Milton William Cooper,0.776,0.67,
1062,The Best Man,,0.0,1964.0,4171.0,Dramatists Play Service,88.0,252,Gore Vidal,0.8,0.76,
1063,The Visit,,0.0,1964.0,2160.0,"Samuel French, Inc.",120.0,11975,Friedrich Dürrenmatt,0.776,0.74,
1064,In Harm's Way,,0.0,1965.0,11077.0,Avon Books,480.0,56,H. Jay Riker,0.8240000000000001,0.73,
1065,Closely Watched Trains,,0.0,1966.0,14754.0,Northwestern University Press,85.0,6866,Bohumil Hrabal,0.766,0.76,
1066,The Heart Is a Lonely Hunter,,0.0,1968.0,4973.0,Mariner Books,359.0,89573,Carson McCullers,0.796,0.76,
1067,The Heart Is a Lonely Hunter,,0.0,1968.0,4973.0,iUniverse,248.0,17,Bertrand E. Brown,0.718,0.76,
1068,The Heart Is a Lonely Hunter,,0.0,1968.0,4973.0,Bantam Books,307.0,89725,Carson McCullers,0.796,0.76,
1069,War and Peace,1017465495.608532,0.0,1966.0,9254.0,Oxford University Press,1392.0,250130,Leo Tolstoy,0.8240000000000001,0.8300000000000001,-1017465495.608532
1070,Last Summer,,27.257815126050417,1969.0,2368.0,Kensington,432.0,691,Michael Thomas Ford,0.8,0.6900000000000001,
1071,Duel,3542854.3689320385,0.0,1972.0,84157.0,Tor Books,400.0,2058,Richard Matheson,0.808,0.76,-3542854.3689320385
1072,The Go-Between,812952.3809523811,0.0,1971.0,7002.0,Penguin Books,281.0,7931,L.P. Hartley,0.792,0.71,-812952.3809523811
1073,Johnny Got His Gun,,0.0,1971.0,19521.0,Citadel,309.0,33327,Dalton Trumbo,0.836,0.78,
1074,The Emigrants,,0.0,1971.0,8087.0,Vintage,237.0,7131,W.G. Sebald,0.834,0.8,
1075,Lady Sings the Blues,,0.0,1972.0,5147.0,Three Rivers Press,256.0,4073,Billie Holiday,0.798,0.7,
1076,Lady Sings the Blues,,0.0,1972.0,5147.0,Parenthèses,170.0,4073,Billie Holiday,0.798,0.7,
1077,Dark Star,415856.4102564103,0.0,1974.0,29587.0,Del Rey Books,183.0,426,Alan Dean Foster,0.722,0.61,-415856.4102564103
1078,Bram Stoker's Dracula,,0.0,1974.0,3249.0,Signet,304.0,376,Fred Saberhagen,0.772,0.62,
1079,The Glass Menagerie,,0.0,1973.0,1294.0,New Directions,104.0,108303,Tennessee Williams,0.74,0.73,
1080,Sisters,3798220.140515222,0.0,1973.0,22940.0,Delacorte Press,341.0,17802,Danielle Steel,0.77,0.6799999999999999,-3798220.140515222
1081,The Spook Who Sat by the Door,,0.0,1973.0,1818.0,Lushena Books,256.0,1456,Sam Greenlee,0.8720000000000001,0.72,
1082,The Little Prince,,0.0,1974.0,4216.0,HMH Books for Young Readers,96.0,1245997,Antoine de Saint-Exupéry,0.8619999999999999,0.64,
1083,The Terminal Man,,0.0,1974.0,2800.0,Avon,266.0,23648,Michael Crichton,0.6719999999999999,0.5599999999999999,
1084,The Message,,0.0,1977.0,53207.0,Message,1736.0,7540,Eugene H. Peterson,0.892,0.8099999999999999,
1085,The Hound of the Baskervilles,,0.0,1978.0,1481.0,IndyPublish.com,176.0,234084,Arthur Conan Doyle,0.8220000000000001,0.45,
1086,Providence,,0.0,1977.0,3685.0,Bantam,192.0,904,Daniel Quinn,0.734,0.74,
1087,The Hobbit,16577580.919931857,0.0,1977.0,18180.0,Recorded Books,11.0,2747372,J.R.R. Tolkien,0.8539999999999999,0.67,-16577580.919931857
1088,Hair,52088291.97080292,0.0,1979.0,43428.0,Weekly Reader Early Learning Library,24.0,0,Cynthia Amoroso,,0.75,-52088291.97080292
1089,Smiley's People,,0.0,1982.0,5190.0,Scribner Book Company,397.0,30460,John le Carré,0.852,0.8400000000000001,
1090,The Scarlet Pimpernel,,0.0,1982.0,5488.0,IndyPublish.com,260.0,118355,Emmuska Orczy,0.8140000000000001,0.76,
1091,The Scarlet Pimpernel,,0.0,1982.0,5488.0,1st World Library,360.0,118492,Emmuska Orczy,0.8140000000000001,0.76,
1092,The Makioka Sisters,,0.0,1983.0,1867.0,Vintage,530.0,5841,Jun'ichirō Tanizaki,0.806,0.72,
1093,Another Country,,0.0,1984.0,7686.0,Penguin Classics,448.0,14179,James Baldwin,0.8560000000000001,0.7,
1094,A Christmas Carol,,0.0,1984.0,20364.0,Bethany House Publishers,104.0,574810,Charles Dickens,0.8099999999999999,0.78,
1095,Anne of Green Gables,,0.0,1985.0,24038.0,Sterling,312.0,684282,L.M. Montgomery,0.852,0.85,
1096,Anne of Green Gables,,0.0,1985.0,24038.0,"Oxford University Press, USA",56.0,242,Clare West,0.806,0.85,
1097,Bliss,10433786.187322613,2027029.9490633868,1985.0,1503.0,Leisure Books,394.0,2254,Lynsay Sands,0.794,0.67,-8406756.238259226
1098,Creator,,0.0,1985.0,3655.0,Backinprint.com,490.0,95,Jeremy Leven,0.784,0.61,
1099,Death of a Salesman,,0.0,1985.0,12286.0,Viking Books,139.0,175487,Arthur  Miller,0.704,0.72,
1100,Demons,5523769.157994323,0.0,1985.0,29038.0,Vintage,733.0,35386,Fyodor Dostoyevsky,0.8539999999999999,0.6599999999999999,-5523769.157994323
1101,Nobody's Fool,,0.0,1986.0,948.0,Vintage,560.0,24829,Richard Russo,0.8220000000000001,0.54,
1102,Homicide,,0.0,1991.0,8737.0,Berkley,227.0,12,Jerome Preisler,0.666,0.6900000000000001,
1103,Homicide,,0.0,1991.0,8737.0,Grove/Atlantic,126.0,38,David Mamet,0.716,0.6900000000000001,
1104,A Kiss Before Dying,,37154649.48133631,1991.0,6346.0,Carroll & Graf Publishers,242.0,8851,Ira Levin,0.788,0.5700000000000001,
1105,Innocent Blood,,0.0,1992.0,11867.0,Scribner,400.0,4594,P.D. James,0.736,0.62,
1106,The Snapper,,0.0,1993.0,6517.0,Fischer TB,217.0,6992,Roddy Doyle,0.786,0.72,
1107,The Hunters,36693212.66968326,0.0,1996.0,10050.0,Picador,200.0,513,Claire Messud,0.6839999999999999,0.7,-36693212.66968326
1108,No Way Back,,0.0,1995.0,3360.0,HarperTorch,320.0,25,Michael Crow,0.696,0.51,
1109,Robinson Crusoe,,0.0,1997.0,14123.0,Modern Library,320.0,237505,Daniel Defoe,0.734,0.6,
1110,Robinson Crusoe,,0.0,1997.0,14123.0,Atheneum Books,51.0,20,Timothy Meis,0.7,0.6,
1111,Earth,,0.0,1996.0,4145.0,Spectra,704.0,6808,David Brin,0.784,0.72,
1112,Emma,,0.0,1996.0,6613.0,Penguin Books,474.0,609938,Jane Austen,0.8,0.7,
1113,The Brave,,0.0,1997.0,11225.0,HarperCollins,240.0,175,Robert Lipsyte,0.72,0.61,
1114,Beowulf,39388949.60534305,3015718.4236065573,1999.0,13084.0,Signet Classics,160.0,224499,Unknown,0.688,0.41,-36373231.18173649
1115,Brave New World,,0.0,1998.0,2223.0,HarperPerennial / Perennial Classics,288.0,1363719,Aldous Huxley,0.798,0.52,
1116,He Died with a Felafel in His Hand,,0.0,2001.0,4226.0,Duffy & Snellgrove,214.0,2919,John Birmingham,0.744,0.7,
1117,Joan of Arc,39388949.60534305,0.0,1999.0,6557.0,Viking Adult,208.0,464,Mary Gordon,0.6940000000000001,0.6599999999999999,-39388949.60534305
1118,Joan of Arc,39388949.60534305,0.0,1999.0,6557.0,HarperCollins,48.0,763,Diane Stanley,0.8140000000000001,0.6599999999999999,-39388949.60534305
1119,After the Rain,7483900.425015179,0.0,1999.0,4749.0,Arrow,416.0,44,Thomas Christopher Greene,0.636,0.76,-7483900.425015179
1120,The Trumpet Of The Swan,,185092.9517995444,2001.0,1370.0,HarperCollins,252.0,67093,E.B. White,0.8160000000000001,0.5,
1121,Taboo,,0.0,2002.0,2130.0,Farrar Straus Giroux,132.0,98,Yusef Komunyakaa,0.764,0.35,
1122,The Sleeping Dictionary,,0.0,2003.0,9744.0,New Line Cinema Corporation,109.0,3,Denise O'Donoghue,0.8,0.65,
1123,The Quickie,5541594.533029613,0.0,2001.0,899.0,"Little, Brown and Company",357.0,36397,James Patterson,0.766,0.5700000000000001,-5541594.533029613
1124,The River,1847198.1776765373,0.0,2001.0,933.0,Pan,128.0,595,Rumer Godden,0.79,0.6799999999999999,-1847198.1776765373
1125,61*,,0.0,2001.0,18455.0,McGraw-Hill/Contemporary,160.0,49,The Sporting News,0.836,0.77,
1126,The Tunnel,,0.0,2001.0,6545.0,Ballantine Books,232.0,41503,Ernesto Sabato,0.8099999999999999,0.77,
1127,Darkness,,0.0,2002.0,20886.0,Bantam,373.0,19993,John Saul,0.788,0.54,
1128,Charms For the Easy Life,,0.0,2002.0,565.0,Harper Perennial,272.0,11923,Kaye Gibbons,0.8039999999999999,0.67,
1129,Dog Days,,0.0,2001.0,6768.0,Darby Creek (Tm),80.0,61,David Lubar,0.6759999999999999,0.7,
1130,Balzac and the Little Chinese Seamstress,,0.0,2002.0,4677.0,Random House (Vintage),172.0,50922,Dai Sijie,0.728,0.72,
1131,Deadline,,0.0,2001.0,2192.0,Random House Value Publishing,,46,James Barrett Reston,0.76,0.5,
1132,Hell House,,0.0,2001.0,1783.0,Severn House Publishers,301.0,35587,Richard Matheson,0.758,0.6799999999999999,
1133,The Third Wave,8291108.985060241,0.0,2003.0,4296.0,Random House Value Publishing,,2404,Alvin Toffler,0.788,0.63,-8291108.985060241
1134,Fear and Trembling,,0.0,2003.0,4997.0,Penguin Books,160.0,18125,Søren Kierkegaard,0.8,0.7,
1135,Fear and Trembling,,0.0,2003.0,4997.0,Three Continents Press,121.0,490,غلامحسین ساعدی,0.774,0.7,
1136,Oasis,,0.0,2002.0,11265.0,Counterpoint LLC,201.0,48,Laureen Vonnegut,0.584,0.78,
1137,Tipping the Velvet,,0.0,2002.0,8988.0,Riverhead Books,472.0,55870,Sarah Waters,0.8039999999999999,0.77,
1138,A Very Long Engagement,81831969.94095545,0.0,2004.0,77436.0,Vintage,320.0,5811,Sébastien Japrisot,0.78,0.76,-81831969.94095545
1139,"Easy Riders, Raging Bulls",,0.0,2003.0,3198.0,Simon  Schuster,512.0,6417,Peter Biskind,0.8240000000000001,0.75,
1140,The Book of Fate,,0.0,2003.0,635.0,Warner Adult,16.0,10379,Brad Meltzer,0.716,0.37,
1141,Trauma,,0.0,2004.0,3635.0,Signet,224.0,498,Graham Masterton,0.71,0.47000000000000003,
1142,The Interpreter,135435490.60542798,275856569.8521086,2005.0,113367.0,St. Martins Press,304.0,1101,Suki Kim,0.712,0.64,140421079.24668062
1143,Layer Cake,11317187.332259797,20632475.65621041,2004.0,205229.0,"Grove Press, Black Cat",344.0,1441,J.J. Connolly,0.796,0.72,9315288.323950615
1144,The Return,,0.0,2003.0,49026.0,Hesperus Press,75.0,213,Joseph Conrad,0.722,0.79,
1145,A Scanner Darkly,14159566.48268941,12466795.192293024,2006.0,120885.0,Gollancz,219.0,82730,Philip K. Dick,0.8039999999999999,0.7,-1692771.2903963868
1146,Travels with My Aunt,,0.0,1972.0,2895.0,Penguin Classics,254.0,10170,Graham Greene,0.766,0.63,
1147,The Aviator,201968266.23725173,177592785.82930756,2004.0,400503.0,Ballantine Books,160.0,194,Ernest K. Gann,0.762,0.75,-24375480.407944173
1148,The Phantom of the Opera,121877402.03972086,269260065.3699195,2004.0,136456.0,Puffin Classics,336.0,189814,Gaston Leroux,0.794,0.72,147382663.33019862
1149,The Merchant of Venice,,0.0,2004.0,39582.0,Signet Classics,272.0,153076,William Shakespeare,0.76,0.7,
1150,The River,,0.0,1997.0,3560.0,Pan,128.0,595,Rumer Godden,0.79,0.72,
1151,White Noise,16929436.325678498,154390396.85903966,2005.0,52419.0,Penguin Books,320.0,83620,Don DeLillo,0.774,0.55,137460960.53336117
1152,Sweet Liberty,,0.0,1986.0,3160.0,Barbour Publishing,352.0,34,Paige Winship Dooly,0.706,0.58,
1153,The Phantom of the Opera,25440627.45098039,0.0,1990.0,1907.0,Puffin Classics,336.0,189814,Gaston Leroux,0.794,0.74,-25440627.45098039
1154,Testament,4969887.640449438,6775255.651235955,1983.0,7705.0,Grand Central Publishing,320.0,911,David Morrell,0.75,0.6900000000000001,1805368.0107865166
1155,Hell's Angels,,0.0,1930.0,6450.0,Penguin Books,288.0,41254,Hunter S. Thompson,0.794,0.73,
1156,Hell's Angels,,0.0,1930.0,6450.0,Penguin,326.0,41330,Hunter S. Thompson,0.794,0.73,
1157,Pippi in the South Seas,,0.0,1970.0,5938.0,Viking Books for Young Readers,126.0,16655,Astrid Lindgren,0.8220000000000001,0.6900000000000001,
1158,Elektra,72796576.20041753,95958696.24367432,2005.0,103753.0,Bloomsbury Methuen Drama,128.0,5090,Euripides,0.79,0.47000000000000003,23162120.04325679
1159,The Chase,57645714.28571428,17757826.582857143,1994.0,23098.0,University of Minnesota Press,121.0,258,Alejo Carpentier,0.72,0.5900000000000001,-39887887.70285714
1160,Are We There Yet?,54174196.24217119,165770777.0354071,2005.0,36335.0,Alfred A. Knopf,215.0,3458,David Levithan,0.6980000000000001,0.48,111596580.7932359
1161,Hide and Seek,42323590.81419624,207630767.08643007,2005.0,91831.0,,368.0,61320,James Patterson,0.8240000000000001,0.5900000000000001,165307176.27223384
1162,Alice in Wonderland,41358397.0856102,0.0,1999.0,9378.0,Gramercy Books,92.0,367242,Jane Carruth,0.806,0.63,-41358397.0856102
1163,Alice in Wonderland,41358397.0856102,0.0,1999.0,9378.0,Scholastic Paperbacks,160.0,214824,Lewis Carroll,0.8039999999999999,0.63,-41358397.0856102
1164,El Cid,,0.0,1961.0,16871.0,Edhasa,570.0,305,José Luis Corral,0.716,0.72,
1165,Inferno,12845654.654654654,0.0,1953.0,2032.0,Modern Library,490.0,134162,Dante Alighieri,0.8,0.7,-12845654.654654654
1166,Night Watch,7312644.122383252,55715383.78958668,2004.0,56590.0,Xlibris,500.0,1,Suzanne Knecht,0.8,0.64,48402739.66720343
1167,Man of the House,67717745.30271399,0.0,2005.0,26262.0,Headline,320.0,211,Joan Jonker,0.892,0.55,-67717745.30271399
1168,The Five People You Meet In Heaven,,0.0,2004.0,6307.0,Hyperion,196.0,557891,Mitch Albom,0.786,0.72,
1169,The Three Musketeers,,0.0,1973.0,21547.0,Viking,704.0,262810,Alexandre Dumas,0.8140000000000001,0.71,
1170,Crush,,0.0,1992.0,580.0,Yale University Press,62.0,17939,Richard Siken,0.8619999999999999,0.6,
1171,The Agony and the Ecstasy,,0.0,1965.0,8652.0,Arrow,777.0,76678,Irving Stone,0.8140000000000001,0.72,
1172,Chronicles,,521045.0458829844,2004.0,3624.0,Simon & Schuster Audio,6.0,45771,Bob Dylan,0.796,0.6799999999999999,
1173,The River,,0.0,1951.0,7282.0,Pan,128.0,595,Rumer Godden,0.79,0.74,
1174,Wild Horses,,0.0,1995.0,2015.0,G.P. Putnam's Sons,352.0,3853,Dick Francis,0.782,0.71,
1175,Arrowsmith,,0.0,1931.0,2171.0,Harcourt Brace Jovanovich,428.0,6614,Sinclair Lewis,0.764,0.62,
1176,The Music of Chance,,0.0,1993.0,2720.0,Penguin Books,217.0,9487,Paul Auster,0.782,0.7,
1177,Sons and Lovers,,0.0,1960.0,1927.0,Barron's Educational Series,122.0,45855,D.H. Lawrence,0.726,0.71,
1178,Sin City,67717745.30271399,268727409.8421712,2005.0,814543.0,Forge Books,432.0,307,Harold Robbins,0.742,0.8,201009664.5394572
1179,Sahara,220082672.23382047,201916516.8833403,2005.0,107811.0,St. Martin's Griffin,272.0,2570,Michael Palin,0.792,0.61,-18166155.35048017
1180,Fever Pitch,50788308.97703549,85411218.94037579,2005.0,49433.0,Riverhead Books,247.0,32913,Nick Hornby,0.748,0.62,34622909.9633403
1181,Islands in the Stream,,0.0,1977.0,1757.0,Scribner,448.0,13013,Ernest Hemingway,0.776,0.65,
1182,Bilitis,,0.0,1977.0,2804.0,,109.0,2,David  Hamilton,0.9,0.53,
1183,Oedipus Rex,,0.0,1967.0,7438.0,Digireads.com,84.0,164342,Sophocles,0.74,0.72,
1184,Brothers,,0.0,2004.0,12308.0,Toby Press,556.0,23,Chayym Zeldis,0.6599999999999999,0.75,
1185,Hawaii,152619824.3412798,351658683.3656211,1966.0,4010.0,Dial Press Trade Paperback,1136.0,69542,James A. Michener,0.8400000000000001,0.65,199038859.0243413
1186,Hawaii,152619824.3412798,351658683.3656211,1966.0,4010.0,,564.0,59,Glenda Bendure,0.742,0.65,199038859.0243413
1187,Macbeth,,0.0,1948.0,8307.0,Simon  Schuster,249.0,641361,William Shakespeare,0.78,0.74,
1188,Carrie,,0.0,2002.0,12325.0,Pocket Books,253.0,489304,Stephen King,0.792,0.54,
1189,The Hitchhiker's Guide to the Galaxy,84647181.62839249,176876069.10797495,2005.0,214963.0,BBC Worldwide Publishing,8.0,1351283,Douglas Adams,0.844,0.67,92228887.47958246
1190,Skin Game,,0.0,1971.0,2147.0,St. Martin's Griffin,192.0,3104,Caroline Kettlewell,0.752,0.7,
1191,Crash,11317187.332259797,171342322.41786364,2004.0,458699.0,Picador,224.0,21575,J.G. Ballard,0.722,0.77,160025135.08560383
1192,Crash,11317187.332259797,171342322.41786364,2004.0,458699.0,Laurel Leaf,176.0,11555,Jerry Spinelli,0.758,0.77,160025135.08560383
1193,Mysterious Skin,,2655127.0611272138,2004.0,82825.0,Harper Perennial,292.0,8797,Scott Heim,0.808,0.76,
1194,Earth,,0.0,1930.0,6831.0,Spectra,704.0,6808,David Brin,0.784,0.72,
1195,The Search,,0.0,1948.0,5218.0,Gollancz,192.0,2,Iain Crichton Smith,0.8,0.78,
1196,The Search,,0.0,1948.0,5218.0,Anchor,133.0,2902,Naguib Mahfouz,0.752,0.78,
1197,The Human Comedy,,0.0,1943.0,2687.0,Houghton Mifflin Harcourt,256.0,4518,William Saroyan,0.806,0.7,
1198,The Bridge,,0.0,1959.0,9156.0,Liveright,76.0,920,Hart Crane,0.8240000000000001,0.79,
1199,Madagascar,126970772.44258872,901798350.1614196,2005.0,468047.0,Aperture,143.0,7,Frans Lanting,0.828,0.6900000000000001,774827577.718831
1200,Eddie Izzard: Dress to Kill,,0.0,1999.0,7687.0,Virgin Publishing,160.0,213,Eddie Izzard,0.818,0.86,
1201,Quo Vadis,105438770.6855792,383413711.5839244,1951.0,18016.0,Barbour Publishing,496.0,25193,Henryk Sienkiewicz,0.8320000000000001,0.71,277974940.89834523
1202,Man with the Screaming Brain,,0.0,2005.0,5794.0,Dark Horse Comics,104.0,138,Bruce Campbell,0.6559999999999999,0.54,
1203,The I Inside,15321730.542136338,0.0,2004.0,11689.0,Aspect,304.0,420,Alan Dean Foster,0.78,0.6,-15321730.542136338
1204,Dark Water,50788308.97703549,43124510.59615867,2005.0,67398.0,Vertical,279.0,3057,Kōji Suzuki,0.722,0.5599999999999999,-7663798.380876824
1205,Happy Endings,,0.0,2005.0,9717.0,HMH Books for Young Readers,182.0,30,Adèle Geras,0.766,0.63,
1206,Journey Into Fear,,0.0,1943.0,5063.0,Vintage Crime/Black Lizard,288.0,2918,Eric Ambler,0.784,0.65,
1207,The Island,213310897.70354903,275863749.6260543,2005.0,337062.0,Scholastic Paperbacks,208.0,1503,Gary Paulsen,0.744,0.6799999999999999,62552851.92250526
1208,The Heart is Deceitful Above All Things,128928.88030059043,306701.0000214707,2004.0,7460.0,Bloomsbury Publishing PLC,247.0,4676,J.T. LeRoy,0.726,0.62,177772.1197208803
1209,Asylum,,0.0,2005.0,5672.0,University of Pittsburgh Press,88.0,87,Quan Barry,0.834,0.61,
1210,Animal Farm,,0.0,1954.0,20634.0,NAL,122.0,2571980,George Orwell,0.788,0.72,
1211,The Sea,,0.0,2002.0,1785.0,Vintage,195.0,22947,John Banville,0.702,0.6799999999999999,
1212,My Cousin Rachel,,0.0,1952.0,3670.0,Black Dog & Leventhal Publishers,374.0,36139,Daphne du Maurier,0.792,0.71,
1213,The Key,,0.0,1958.0,1837.0,Leisure Books,313.0,2843,Lynsay Sands,0.808,0.67,
1214,The Key,,0.0,1958.0,1837.0,Univers,160.0,3881,Jun'ichirō Tanizaki,0.718,0.67,
1215,The Cave,50788308.97703549,25407682.801085595,2005.0,43342.0,Mariner Books,307.0,10987,José Saramago,0.768,0.52,-25380626.175949898
1216,The Constant Gardener,42323590.81419624,139611423.8755741,2005.0,154354.0,Scribner,496.0,20489,John le Carré,0.76,0.73,97287833.06137788
1217,Proof,33858872.651356995,12756890.635741128,2005.0,47319.0,G.P. Putnam's Sons,368.0,6245,Dick Francis,0.8099999999999999,0.67,-21101982.015615866
1218,Proof,33858872.651356995,12756890.635741128,2005.0,47319.0,G.P. Putnam's Sons,334.0,6258,Dick Francis,0.8099999999999999,0.67,-21101982.015615866
1219,Everything is Illuminated,11850605.427974949,4567443.414613779,2005.0,61077.0,Harper Perennial,276.0,161228,Jonathan Safran Foer,0.78,0.74,-7283162.01336117
1220,Thumbsucker,,3249092.3407933195,2005.0,22367.0,Broadway Books,300.0,1236,Walter Kirn,0.688,0.65,
1221,G,,5514044.257242544,2002.0,815.0,Editions de l'Olivier,405.0,2655,John Berger,0.712,0.52,
1222,Gertrud,,0.0,1964.0,7234.0,Suhrkamp,180.0,5040,Hermann Hesse,0.772,0.73,
1223,Oliver Twist,84647181.62839249,71262271.54388309,2005.0,35305.0,Signet,512.0,304540,Charles Dickens,0.774,0.6799999999999999,-13384910.084509403
1224,Capote,11850605.427974949,83097850.40417537,2005.0,147512.0,Da Capo Press,636.0,4344,Gerald Clarke,0.828,0.73,71247244.97620042
1225,Medea,,0.0,1988.0,3840.0,Cambridge University Press,431.0,52670,Euripides,0.774,0.71,
1226,Angels in America,106583132.53012048,0.0,2003.0,31243.0,Theatre Communications Group,304.0,14898,Tony Kushner,0.8640000000000001,0.8099999999999999,-106583132.53012048
1227,Speak,1741105.7434245837,0.0,2004.0,31664.0,Puffin Books,198.0,473087,Laurie Halse Anderson,0.8039999999999999,0.72,-1741105.7434245837
1228,Factotum,,0.0,2005.0,15473.0,Editorial Anagrama,192.0,57021,Charles Bukowski,0.794,0.6599999999999999,
1229,In Her Shoes,,140639401.25753653,2005.0,67079.0,Pocket Books,537.0,194233,Jennifer Weiner,0.758,0.65,
1230,The Mating Game,,0.0,1959.0,1921.0,Strebor Books,336.0,7,Jonathan Luckett,0.772,0.6900000000000001,
1231,Brokeback Mountain,23701210.855949897,301418051.503382,2005.0,408958.0,Scribner,55.0,28619,Annie Proulx,0.788,0.77,277716840.64743215
1232,Shopgirl,17411117.7268476,19618177.86764092,2005.0,25225.0,Hachette Books,130.0,35042,Steve Martin,0.686,0.63,2207060.14079332
1233,Where the Truth Lies,42323590.81419624,0.0,2005.0,19370.0,Random House Trade Paperbacks,432.0,317,Rupert Holmes,0.726,0.64,-42323590.81419624
1234,Pride & Prejudice,47402421.7118998,205096645.4723173,2005.0,365137.0,Penguin Books,392.0,2821508,Jane Austen,0.852,0.78,157694223.76041752
1235,Bee Season,23701210.855949897,11608495.866137788,2005.0,7400.0,Anchor,288.0,23995,Myla Goldberg,0.7140000000000001,0.55,-12092714.98981211
1236,King Kong,350439331.9415449,931118997.9123174,2005.0,464636.0,Pocket Star Books,374.0,196,Christopher Golden,0.758,0.72,580679665.9707725
1237,Memoirs of a Geisha,143900208.7682672,274668189.4468476,2005.0,169447.0,Vintage Books USA,503.0,1658024,Arthur Golden,0.8220000000000001,0.73,130767980.6785804
1238,Memoirs of a Geisha,143900208.7682672,274668189.4468476,2005.0,169447.0,,3.0,1658024,Arthur Golden,0.8220000000000001,0.73,130767980.6785804
1239,The Promise,,0.0,2005.0,9649.0,Anchor Books,368.0,12132,Chaim Potok,0.8300000000000001,0.5599999999999999,
1240,The Promise,,0.0,2005.0,9649.0,Moyer Bell and its subsidiaries,256.0,375,Pearl S. Buck,0.8019999999999999,0.5599999999999999,
1241,Our Father,,0.0,2002.0,767.0,Ballantine Books,436.0,278,Marilyn French,0.692,0.6599999999999999,
1242,David Copperfield,,0.0,1935.0,5014.0,Signet,928.0,192313,Charles Dickens,0.798,0.73,
1243,Family,,0.0,1996.0,1625.0,Anchor,240.0,2196,J. California Cooper,0.8800000000000001,0.72,
1244,She,,0.0,1935.0,2135.0,MTV Books,128.0,1786,Saul Williams,0.8400000000000001,0.64,
1245,Tartuffe,,0.0,1925.0,2897.0,Nick Hern Books,180.0,29392,Molière,0.734,0.71,
1246,Glory Road,,69410274.64742598,2006.0,50595.0,Orb Books,320.0,11805,Robert A. Heinlein,0.756,0.72,
1247,Shadows of Forgotten Ancestors,,0.0,1965.0,9349.0,Ballantine Books,528.0,5184,Carl Sagan,0.85,0.78,
1248,Revolution,85925298.01324503,1100377.778921476,1985.0,8040.0,Tyndale House Publishers,143.0,687,George Barna,0.734,0.53,-84824920.23432356
1249,The Lower Depths,,0.0,1936.0,3867.0,Dover Publications,80.0,2644,Maxim Gorky,0.752,0.75,
1250,Water,,17644513.707807932,2005.0,15710.0,Milkweed Editions,240.0,1053,Bapsi Sidhwa,0.794,0.76,
1251,London,,0.0,2005.0,25438.0,,400.0,718,Lonely Planet,0.806,0.63,
1252,London,,0.0,2005.0,25438.0,Ballantine Books,1152.0,25295,Edward Rutherfurd,0.8140000000000001,0.63,
1253,Trauma,,0.0,1993.0,8697.0,Signet,224.0,498,Graham Masterton,0.71,0.58,
1254,Election,,0.0,2005.0,12136.0,Berkley Books,200.0,7309,Tom Perrotta,0.772,0.71,
1255,Election,,0.0,2005.0,12136.0,Putnam Adult,200.0,7315,Tom Perrotta,0.772,0.71,
1256,All Quiet on the Western Front,,0.0,1979.0,11248.0,Fawcett Crest,256.0,343162,Erich Maria Remarque,0.794,0.71,
1257,Cyrano de Bergerac,,0.0,1950.0,4903.0,Dover Publications,144.0,70695,Edmond Rostand,0.8119999999999999,0.74,
1258,Five Children and It,,0.0,2004.0,5676.0,Penguin Classics,240.0,21855,E. Nesbit,0.776,0.55,
1259,Five Children and It,,0.0,2004.0,5676.0,Digireads.com,96.0,21886,E. Nesbit,0.776,0.55,
1260,V for Vendetta,87886964.37531358,215666529.8589061,2006.0,1230373.0,Vertigo,296.0,251263,Alan Moore,0.85,0.8099999999999999,127779565.48359251
1261,Thank You for Smoking,11004133.611691024,41974013.19056368,2005.0,234077.0,Random House Trade Paperbacks,272.0,11103,Christopher Buckley,0.786,0.75,30969879.578872655
1262,The Illustrated Man,,0.0,1969.0,3689.0,Bantam Books,186.0,72465,Ray Bradbury,0.828,0.58,
1263,Resurrection,,16260064.65374359,1980.0,3649.0,Penguin Classics,576.0,16165,Leo Tolstoy,0.826,0.71,
1264,The Brothers Lionheart,,0.0,1977.0,7446.0,Purple House Press,231.0,26907,Astrid Lindgren,0.874,0.71,
1265,Magic,,0.0,1978.0,15032.0,Dell,256.0,1542,William Goldman,0.734,0.6799999999999999,
1266,Candy,,3381634.8659508275,2006.0,49327.0,Ballantine Books,304.0,6371,Luke Davies,0.818,0.72,
1267,Hoot,,0.0,2006.0,9084.0,Yearling Books,292.0,94740,Carl Hiaasen,0.764,0.55,
1268,Where the Red Fern Grows,,0.0,1974.0,4019.0,Yearling,272.0,328420,Wilson Rawls,0.8140000000000001,0.6900000000000001,
1269,Hard Candy,1608296.4509394572,11888204.013110649,2005.0,173287.0,"Loose Id, LLC",350.0,806,Angela Knight,0.798,0.7,10279907.562171191
1270,The Protector,10157661.795407098,45989797.37895616,2005.0,40244.0,Warner Books (NY),482.0,2558,David Morrell,0.788,0.7,35832135.58354907
1271,The Protector,10157661.795407098,45989797.37895616,2005.0,40244.0,Jove Books,189.0,2,Malcolm Braly,0.6,0.7,35832135.58354907
1272,The Coast Guard,,0.0,2002.0,3614.0,Hugh Lauter Levin Associates,352.0,22,Tom Beard,0.828,0.64,
1273,Art School Confidential,,0.0,2006.0,18064.0,Fantagraphics Books,181.0,181,Daniel Clowes,0.6799999999999999,0.63,
1274,The Da Vinci Code,203442047.1650777,1249655728.2735171,2006.0,478769.0,Broadway Books,467.0,1843585,Dan Brown,0.768,0.6599999999999999,1046213681.1084394
1275,The Lake House,65101455.09282488,186890182.8642649,2006.0,163538.0,Grand Central Publication,416.0,34587,James Patterson,0.76,0.6799999999999999,121788727.77144003
1276,The Devil Wears Prada,56963773.20622177,531473784.5388459,2006.0,513678.0,Broadway,360.0,767673,Lauren Weisberger,0.748,0.7,474510011.33262414
1277,Let It Be,,0.0,1970.0,8481.0,Bloomsbury Academic,118.0,566,Colin Meloy,0.674,0.76,
1278,See No Evil,13020291.018564977,0.0,2006.0,30445.0,Random House Audio,,4544,Robert B. Baer,0.786,0.51,-13020291.018564977
1279,See No Evil,13020291.018564977,0.0,2006.0,30445.0,Love Inspired Suspense,250.0,58,Gayle Roper,0.806,0.51,-13020291.018564977
1280,Marie Antoinette,65101455.09282488,98424188.24445558,2006.0,129338.0,Rizzoli,144.0,115,Sofia Coppola,0.834,0.65,33322733.1516307
1281,Forever Mine,,0.0,1999.0,2916.0,Harlequin,576.0,137,Nora Roberts,0.834,0.53,
1282,Stoned,,0.0,2005.0,4251.0,Vintage,384.0,343,Andrew Loog Oldham,0.742,0.5700000000000001,
1283,Mouth to Mouth,,0.0,2005.0,4487.0,Kensington,280.0,3292,Erin McCarthy,0.762,0.61,
1284,The Thief Lord,,0.0,2006.0,6414.0,Scholastic Inc.,349.0,84201,Cornelia Funke,0.792,0.5900000000000001,
1285,Stranger Than Fiction,48826091.31961866,87322573.82053185,2006.0,243042.0,Anchor,233.0,21307,Chuck Palahniuk,0.7140000000000001,0.75,38496482.50091319
1286,Stranger Than Fiction,48826091.31961866,87322573.82053185,2006.0,243042.0,Hats Off Books,152.0,2,"Marcia ""Denrique"" Preudhomme",1.0,0.75,38496482.50091319
1287,The Valley of Decision,,0.0,1945.0,2614.0,Aegypan,344.0,90,Edith Wharton,0.674,0.73,
1288,The Pursuit of Happyness,89514500.75263421,499779468.261716,2006.0,605648.0,Amistad,320.0,22018,Chris Gardner,0.8400000000000001,0.8,410264967.5090818
1289,The Rainmaker,,0.0,1956.0,4520.0,Delta,419.0,161446,John Grisham,0.788,0.6900000000000001,
1290,The Rainmaker,,0.0,1956.0,4520.0,Random House Audio,,161825,John Grisham,0.788,0.6900000000000001,
1291,The Night Listener,,0.0,2006.0,16438.0,Harper Perennial,400.0,5088,Armistead Maupin,0.73,0.5900000000000001,
1292,Zoom,56963773.20622177,20354275.91161064,2006.0,23730.0,Puffin Books,64.0,3361,Istvan Banyai,0.86,0.44000000000000006,-36609497.294611126
1293,Tideland,20315323.5908142,959240.484592902,2005.0,35673.0,Dufour Editions,192.0,828,Mitch Cullin,0.744,0.63,-19356083.106221296
1294,Ivanhoe,,0.0,1982.0,5992.0,Penguin Books /Penguin Classics,541.0,81934,Walter Scott,0.75,0.67,
1295,Ivanhoe,,0.0,1982.0,5992.0,Norilana Books,556.0,82057,Walter Scott,0.75,0.67,
1296,Blood on the Moon,,1205.4216216216216,1948.0,3828.0,BBC Audiobooks,7.0,2077,James Ellroy,0.688,0.6900000000000001,
1297,Overlord,,0.0,1975.0,3666.0,Touchstone,396.0,4765,Max Hastings,0.834,0.71,
1298,The Covenant,32550727.54641244,61191251.74775714,2006.0,54396.0,St. Martin's Griffin,276.0,1682,Naomi Ragen,0.788,0.52,28640524.2013447
1299,The Crusades,,0.0,1935.0,1408.0,TAN Books,256.0,187,Hilaire Belloc,0.806,0.65,
1300,The Fountain,56963773.20622177,24909265.22589061,2006.0,255797.0,Hesperides Press,436.0,34,Charles Morgan,0.706,0.71,-32054507.980331156
1301,The Bridge,,0.0,2006.0,12683.0,Liveright,76.0,920,Hart Crane,0.8240000000000001,0.72,
1302,Household Saints,,0.0,1993.0,1252.0,Harper Perennial,272.0,438,Francine Prose,0.74,0.6900000000000001,
1303,All the King's Men,89514500.75263421,15381678.665810334,2006.0,26349.0,Harcourt Brace,439.0,54036,Robert Penn Warren,0.818,0.61,-74132822.08682388
1304,The Assault,,601456.1911555959,1986.0,3592.0,Penguin Books,176.0,171,Reinaldo Arenas,0.756,0.72,
1305,The Guardian,113927546.41244352,89533595.00941293,2006.0,102105.0,Thomas Nelson Publishers,239.0,84,Jane Hamilton,0.742,0.6900000000000001,-24393951.40303059
1306,Dante's Inferno,,0.0,1935.0,990.0,Indiana University Press,432.0,134162,Dante Alighieri,0.8,0.6599999999999999,
1307,Antibodies,3216592.9018789143,0.0,2005.0,9464.0,AudioText,1.0,69,Charles Stross,0.692,0.6900000000000001,-3216592.9018789143
1308,Running with Scissors,19530436.527847465,10993842.220090317,2006.0,23600.0,Atlantic Books,320.0,341549,Augusten Burroughs,0.744,0.61,-8536594.307757149
1309,The Elementary Particles,9765218.263923733,0.0,2006.0,8423.0,Vintage,272.0,29396,Michel Houellebecq,0.76,0.65,-9765218.263923733
1310,Little Children,42315945.81033617,24122787.567205217,2006.0,120789.0,St. Martin's Griffin,368.0,29201,Tom Perrotta,0.724,0.75,-18193158.243130956
1311,Marie Antoinette,,0.0,1938.0,3508.0,Rizzoli,144.0,115,Sofia Coppola,0.834,0.73,
1312,Children of Men,123692764.67636728,113862039.70079276,2006.0,557050.0,Persea Books,236.0,1,Jeanne Schinto,0.2,0.79,-9830724.975574523
1313,The Prestige,65101455.09282488,178502185.88282987,2006.0,1549131.0,Tor Books,368.0,16868,Christopher Priest,0.778,0.85,113400730.790005
1314,Flags of Our Fathers,146478273.958856,107255052.52198696,2006.0,133104.0,Bantam,382.0,49050,James D. Bradley,0.8380000000000001,0.71,-39223221.436869025
1315,Platform,,0.0,2000.0,3374.0,Vintage,259.0,16100,Michel Houellebecq,0.76,0.74,
1316,Perfume: The Story of a Murderer,81376818.8660311,215128284.0484897,2006.0,275965.0,Vintage International,255.0,300951,Patrick Süskind,0.8039999999999999,0.75,133751465.1824586
1317,A Good Year,56963773.20622177,68460861.06693426,2006.0,105688.0,Vintage,287.0,7591,Peter Mayle,0.732,0.6900000000000001,11497087.860712491
1318,The Return,24413045.65980933,19517439.02233818,2006.0,12693.0,Hesperus Press,75.0,213,Joseph Conrad,0.722,0.47000000000000003,-4895606.637471147
1319,Red Dust,,0.0,2004.0,2610.0,W. W. Norton  Company,352.0,436,Gillian Slovo,0.72,0.67,
1320,Casino Royale,244130456.5980933,974969091.5869542,2006.0,729704.0,Blackstone Audiobooks,4.0,60961,Ian Fleming,0.746,0.8,730838634.988861
1321,Deck the Halls,,76870284.5647767,2006.0,37042.0,Pocket Books,292.0,7928,Mary Higgins Clark,0.722,0.51,
1322,La Bête Humaine,,0.0,1938.0,8846.0,Gallimard,462.0,8016,Émile Zola,0.8119999999999999,0.75,
1323,The Great Train Robbery,,0.0,1903.0,22395.0,Avon,329.0,24793,Michael Crichton,0.772,0.72,
1324,She,,0.0,1965.0,3891.0,MTV Books,128.0,1786,Saul Williams,0.8400000000000001,0.58,
1325,Charlotte's Web,138340592.07225287,234365238.3341696,2006.0,49194.0,Puffin,176.0,1346349,E.B. White,0.834,0.63,96024646.26191673
1326,Daniel,,0.0,1983.0,1724.0,W Publishing Group,113.0,33,John E. Goldingay,0.752,0.6599999999999999,
1327,Power,,0.0,1986.0,3683.0,Penguin Books,484.0,496,Michel Foucault,0.8640000000000001,0.5700000000000001,
1328,Power,,0.0,1986.0,3683.0,New York University Press,283.0,384,Cherryl Walker,0.778,0.5700000000000001,
1329,Lost Horizon,91.15728337236531,0.0,1973.0,3043.0,Harper Perennial,241.0,16845,James Hilton,0.784,0.52,-91.15728337236531
1330,The Painted Veil,31574205.720020067,0.0,2006.0,99102.0,Vintage,246.0,34074,W. Somerset Maugham,0.786,0.74,-31574205.720020067
1331,The Plague Dogs,,0.0,1982.0,9663.0,Ballantine Books,390.0,6783,Richard  Adams,0.77,0.77,
1332,The Decameron,,0.0,1971.0,13381.0,Penguin Books,909.0,31101,Giovanni Boccaccio,0.776,0.7,
1333,Notes on a Scandal,24413045.65980933,80514068.34255895,2006.0,88219.0,Penguin,244.0,18341,Zoë Heller,0.742,0.74,56101022.68274962
1334,Inferno,29541712.204007287,0.0,1999.0,11368.0,Modern Library,490.0,134162,Dante Alighieri,0.8,0.52,-29541712.204007287
1335,Venus,,0.0,2006.0,13747.0,Twenty-First Century Books (CT),64.0,1,Ron     Miller,1.0,0.71,
1336,Time,,23993.14127446061,2006.0,13200.0,Harry N. Abrams,206.0,1075,Andy Goldsworthy,0.8800000000000001,0.71,
1337,Bridge to Terabithia,95666373.3735751,219374255.6721933,2007.0,186675.0,HarperTeen,191.0,422564,Katherine Paterson,0.8,0.72,123707882.29861818
1338,House,,0.0,1977.0,38261.0,Mariner Books,352.0,2076,Tracy Kidder,0.796,0.72,
1339,The Secret,,0.0,2006.0,14406.0,Hesperus Press,123.0,209,Charlotte Brontë,0.666,0.55,
1340,Hannibal Rising,79721977.81131259,131014913.38012256,2007.0,120414.0,Random House Audio,,33263,Thomas  Harris,0.7,0.61,51292935.56880997
1341,The Strange Case of Dr. Jekyll and Mr. Hyde,,0.0,1968.0,857.0,Viking Juvenile,112.0,358754,Robert Louis Stevenson,0.762,0.67,
1342,The Odyssey,,0.0,1997.0,17550.0,Penguin Classics,541.0,829841,Homer,0.752,0.7,
1343,The Odyssey,,0.0,1997.0,17550.0,Viking,541.0,831670,Homer,0.752,0.7,
1344,The Canterbury Tales,,0.0,1972.0,8912.0,Penguin Classics,504.0,182495,Geoffrey Chaucer,0.7,0.63,
1345,Next,111610768.9358376,121283980.20757283,2007.0,172952.0,Harper,431.0,63646,Michael Crichton,0.7,0.62,9673211.271735236
1346,Breaking and Entering,,14606860.67773206,2006.0,23709.0,Collins Harvill,224.0,462,Joy Williams,0.806,0.65,
1347,Zodiac,103638571.15470636,135186015.09239712,2007.0,653171.0,Denoël,391.0,17324,Neal Stephenson,0.744,0.77,31547443.937690765
1348,The Lathe of Heaven,,0.0,1980.0,2950.0,Harper Perennial Modern Classics,176.0,48201,Ursula K. Le Guin,0.8220000000000001,0.71,
1349,The Ultimate Gift,,0.0,2006.0,22312.0,Thomas Nelson,228.0,228,Rene Gutteridge,0.8119999999999999,0.73,
1350,300,105789864.52584045,687813830.3572102,2006.0,901748.0,Dark Horse,88.0,43093,Frank Miller,0.79,0.76,582023965.8313698
1351,Julius Caesar,,0.0,1953.0,13867.0,"Oxford University Press, USA",128.0,161007,William Shakespeare,0.736,0.72,
1352,The Host,17902900.15052684,144020112.99861515,2006.0,140991.0,Spectra,358.0,83,Peter Emshwiller,0.78,0.71,126117212.84808831
1353,The Namesake,19530436.527847465,32776688.186894126,2006.0,22577.0,Mariner Books,291.0,226759,Jhumpa Lahiri,0.798,0.75,13246251.659046661
1354,Wilderness,,0.0,2006.0,10766.0,Dell,256.0,1262,Robert B. Parker,0.742,0.61,
1355,The Italian,,0.0,2005.0,3392.0,Penguin Classics,544.0,4437,Ann Radcliffe,0.702,0.75,
1356,Dreamland,,0.0,2006.0,2561.0,Speak,250.0,72358,Sarah Dessen,0.782,0.63,
1357,Dreamland,,0.0,2006.0,2561.0,Harper Perennial,657.0,1657,Kevin Baker,0.742,0.63,
1358,Firehouse Dog,,0.0,2007.0,6543.0,Cartwheel Books,32.0,20,Amy Hutchings,0.76,0.55,
1359,Sunshine,79721977.81131259,51050451.60665955,2007.0,282004.0,Jove,405.0,35681,Robin McKinley,0.77,0.72,-28671526.20465304
1360,The Condemned,,13780514.674046507,2007.0,55677.0,Six Gallery Press,118.0,64,Noah Cicero,0.844,0.6,
1361,Lucky You,,9187028.384492496,2007.0,21521.0,Grand Central Publishing,464.0,12705,Carl Hiaasen,0.772,0.5900000000000001,
1362,Tales from Earthsea,35805800.30105368,110672473.6578023,2006.0,47427.0,Turtleback Books,336.0,18052,Ursula K. Le Guin,0.8099999999999999,0.63,74866673.35674861
1363,Year of the Dog,,0.0,2007.0,6761.0,University of Texas Press,227.0,106,Shelby Hearon,0.6940000000000001,0.6,
1364,Thr3e,,0.0,2006.0,4794.0,Oasis Audio,,30613,Ted Dekker,0.818,0.49000000000000005,
1365,Red Dust,,0.0,1932.0,5211.0,W. W. Norton  Company,352.0,436,Gillian Slovo,0.72,0.72,
1366,Once,255110.32899620023,33021661.156938016,2007.0,124159.0,Mariner Books,96.0,286,Alice Walker,0.784,0.78,32766550.827941816
1367,Paranoid Park,,774931.107556639,2007.0,32640.0,Viking Books,180.0,1336,Blake Nelson,0.726,0.6599999999999999,
1368,The Legend of Sleepy Hollow,,0.0,1980.0,928.0,Wildside Press,108.0,46297,Washington Irving,0.746,0.6,
1369,The Wedding Night,,0.0,1935.0,1168.0,MIRA,256.0,854,Jayne Ann Krentz,0.6900000000000001,0.6599999999999999,
1370,The Mistress of Spices,,0.0,2005.0,5771.0,Anchor,338.0,12237,Chitra Banerjee Divakaruni,0.696,0.55,
1371,Silk,,0.0,2006.0,3622.0,Vintage Books USA,91.0,34333,Alessandro Baricco,0.768,0.64,
1372,Alice in Wonderland,42962649.00662252,0.0,1985.0,3562.0,Gramercy Books,92.0,367242,Jane Carruth,0.806,0.72,-42962649.00662252
1373,Alice in Wonderland,42962649.00662252,0.0,1985.0,3562.0,Scholastic Paperbacks,160.0,214824,Lewis Carroll,0.8039999999999999,0.72,-42962649.00662252
1374,The Homecoming,,0.0,1973.0,907.0,Collins Design,56.0,910,Ray Bradbury,0.8160000000000001,0.6799999999999999,
1375,The Woman Chaser,,0.0,1999.0,763.0,Newstand Library,192.0,600,Charles Willeford,0.786,0.7,
1376,The Man in the Iron Mask,,0.0,1939.0,2124.0,Turtleback Books,592.0,64230,Alexandre Dumas,0.798,0.7,
1377,The Man in the Iron Mask,,0.0,1939.0,2124.0,Abdo Publishing Company,238.0,627,Raymond H. Harris,0.8140000000000001,0.7,
1378,Evening,,0.0,2007.0,14330.0,Vintage,288.0,4327,Susan Minot,0.674,0.64,
1379,Transformers,239165933.43393776,1131589346.6726308,2007.0,706614.0,Del Rey Books,291.0,1156,Alan Dean Foster,0.8119999999999999,0.71,892423413.238693
1380,Harry Potter and the Order of the Phoenix,239165933.43393776,1495923501.6225364,2007.0,681586.0,Turtleback Books,870.0,2361179,J.K. Rowling,0.9,0.75,1256757568.1885986
1381,When the Wind Blows,,15566.12222020018,1986.0,14212.0,Dell,352.0,4385,John Saul,0.77,0.77,
1382,Stardust,111610768.9358376,216142267.6974592,2007.0,295477.0,Harper Perennial,248.0,339986,Neil Gaiman,0.818,0.76,104531498.7616216
1383,Tell No One,,0.0,2006.0,60411.0,Dell Publishing Company,370.0,110413,Harlan Coben,0.8220000000000001,0.75,
1384,The Last Legion,106827450.26715888,40344164.67989598,2007.0,37998.0,Pan Publishing,426.0,4903,Valerio Massimo Manfredi,0.756,0.54,-66483285.5872629
1385,The Nanny Diaries,31888791.12452504,76115513.38464487,2007.0,66947.0,St. Martin's Paperbacks,384.0,353355,Emma McLaughlin,0.686,0.62,44226722.260119826
1386,Halloween,23916593.343393777,127960005.45694242,2007.0,137373.0,Bantam,166.0,7398,Richard Curtis,0.826,0.61,104043412.11354865
1387,Brighton Rock,,0.0,1947.0,7460.0,Vintage,269.0,23954,Graham Greene,0.746,0.73,
1388,Hunting and Gathering,,0.0,2007.0,12874.0,Riverhead Books,488.0,16188,Anna Gavalda,0.8220000000000001,0.67,
1389,Atonement,47833186.68678755,206106920.9359556,2007.0,321300.0,Vintage,372.0,424167,Ian McEwan,0.78,0.78,158273734.24916807
1390,Far from the Madding Crowd,,0.0,1967.0,6673.0,Signet Classics,400.0,121179,Thomas Hardy,0.788,0.72,
1391,Far from the Madding Crowd,,0.0,1967.0,6673.0,Penguin Books,433.0,121179,Thomas Hardy,0.788,0.72,
1392,Into the Wild,23916593.343393777,89695423.64592478,2007.0,688715.0,Anchor Books,207.0,839530,Jon Krakauer,0.796,0.8,65778830.302531004
1393,Sleuth,,546629.6852588269,2007.0,33710.0,Marion Boyars,93.0,567,Anthony Shaffer,0.826,0.63,
1394,The Killing Floor,,0.0,2007.0,3393.0,Mariner Books,64.0,91,Ai,0.852,0.55,
1395,Persepolis,11639408.760451635,0.0,2007.0,104034.0,Darwin Press Inc,129.0,3,Donald Newton Wilber,0.666,0.8,-11639408.760451635
1396,The Jane Austen Book Club,,0.0,2007.0,29594.0,G.P. Putnam's Sons,288.0,62683,Karen Joy Fowler,0.616,0.67,
1397,Fugitive Pieces,,0.0,2007.0,2763.0,Vintage,304.0,13518,Anne Michaels,0.786,0.6900000000000001,
1398,Outlaw,,0.0,2007.0,13034.0,Urban Books,288.0,105,Roy Glenn,0.9019999999999999,0.5700000000000001,
1399,Silk,31888791.12452504,0.0,2007.0,11983.0,Vintage Books USA,91.0,34333,Alessandro Baricco,0.768,0.58,-31888791.12452504
1400,"Mary, Queen of Scots",,0.0,1971.0,5175.0,National Museums of Scotland,40.0,1,Elizabeth Douglas,0.8,0.71,
1401,The Sea Wolf,,0.0,1941.0,4873.0,Alan Rodgers Books,425.0,23825,Jack London,0.808,0.75,
1402,Chilly Scenes of Winter,,0.0,1979.0,2096.0,Vintage,288.0,1211,Ann Beattie,0.782,0.7,
1403,No Country for Old Men,39860988.90565629,273605827.8484248,2007.0,1156004.0,Vintage,309.0,136019,Cormac McCarthy,0.828,0.82,233744838.9427685
1404,Beowulf,111610768.9358376,312089023.2669966,2007.0,178579.0,Signet Classics,160.0,224499,Unknown,0.688,0.63,200478254.33115903
1405,Love in the Time of Cholera,71749780.03018132,7346552.454784527,2007.0,24706.0,Vintage International,348.0,388098,Gabriel García Márquez,0.784,0.64,-64403227.57539679
1406,I Served the King of England,,0.0,2006.0,8462.0,Vintage International,241.0,6794,Bohumil Hrabal,0.8220000000000001,0.73,
1407,The Mist,28699912.01207253,91036423.84580974,2007.0,366443.0,Simon & Schuster Audio,2.0,108386,Stephen King,0.79,0.71,62336511.83373721
1408,This Christmas,20727714.23094128,0.0,2007.0,10976.0,Zebra,480.0,1611,Jane Green,0.638,0.64,-20727714.23094128
1409,I Am Legend,239165933.43393776,933303615.7418758,2007.0,862743.0,Millenium,160.0,88522,Richard Matheson,0.8140000000000001,0.72,694137682.307938
1410,Noise,,0.0,2004.0,592.0,Nick Hern Books,84.0,0,Alex Jones,,0.54,
1411,Mary,,0.0,2005.0,2168.0,Vintage,114.0,5160,Vladimir Nabokov,0.736,0.58,
1412,Between Two Worlds,,0.0,1944.0,2570.0,"Oxford University Press, USA",302.0,6,Andrew Barratt,0.7,0.71,
1413,The Kite Runner,31888791.12452504,116834227.86069396,2007.0,84397.0,Riverhead Books,324.0,2319239,Khaled Hosseini,0.86,0.76,84945436.73616892
1414,Robin Hood,,0.0,1922.0,2636.0,Atheneum Books for Young Readers,64.0,1329,Paul Creswick,0.8,0.7,
1415,Train Man,,0.0,2005.0,2461.0,St. Martin's Paperbacks,448.0,388,P.T. Deutermann,0.788,0.67,
1416,As You Like It,,0.0,2006.0,3993.0,Applause Theatre & Cinema Book Publishers,114.0,69587,William Shakespeare,0.766,0.6,
1417,Ricochet,,0.0,1991.0,22328.0,Simon & Schuster,400.0,17400,Sandra Brown,0.794,0.62,
1418,Ricochet,,0.0,1991.0,22328.0,Simon & Schuster,385.0,17429,Sandra Brown,0.794,0.62,
1419,P.S. I Love You,47833186.68678755,250064468.31575373,2007.0,223654.0,Thomas Nelson Publishers,160.0,316,H. Jackson Brown Jr.,0.788,0.7,202231281.62896618
1420,Savages,,0.0,1972.0,418.0,Random House Value Publishing,,671,Joe Kane,0.8119999999999999,0.55,
1421,The Eye,18345395.760083705,86085411.86897546,2008.0,58370.0,Vintage,104.0,4090,Vladimir Nabokov,0.736,0.54,67740016.10889176
1422,The Count of Monte Cristo,,0.0,1934.0,3668.0,Tor Classics,580.0,717363,Alexandre Dumas,0.85,0.74,
1423,Hunger,,0.0,1966.0,3533.0,Penguin Books,192.0,1091,Lan Samantha Chang,0.784,0.77,
1424,Already Dead,,0.0,2007.0,2175.0,Harper Perennial,448.0,2239,Denis Johnson,0.738,0.5599999999999999,
1425,The Other Boleyn Girl,53507404.30024414,0.0,2008.0,125590.0,Atria Books,664.0,446450,Philippa Gregory,0.8119999999999999,0.67,-53507404.30024414
1426,Horton Hears a Who!,129946553.30059291,454259538.5162744,2008.0,156584.0,Random House Books for Young Readers,64.0,93580,Dr. Seuss,0.836,0.6799999999999999,324312985.2156815
1427,The Counterfeiters,,0.0,2007.0,48240.0,Vintage,451.0,7287,André Gide,0.772,0.75,
1428,The Woman in White,,0.0,1948.0,2021.0,Penguin Classics,672.0,124562,Wilkie Collins,0.8,0.6599999999999999,
1429,The Woman in White,,0.0,1948.0,2021.0,Everyman's Library,664.0,124591,Wilkie Collins,0.8,0.6599999999999999,
1430,The Promised Land,,0.0,1975.0,4372.0,Abingdon Press,48.0,0,Linda Robinson Whited,,0.78,
1431,Pirates,118059326.66060054,4845818.849863512,1986.0,10017.0,Atheneum Books for Young Readers,32.0,323,John Matthews,0.796,0.6,-113213507.81073703
1432,Dark Matter,,0.0,2007.0,3739.0,Coronet Books (GB),519.0,8321,Greg Iles,0.754,0.6,
1433,The Visitor,,14723868.026366884,2007.0,45773.0,Harper Voyager,512.0,1738,Sheri S. Tepper,0.76,0.76,
1434,Black Friday,,0.0,1940.0,3250.0,Vision,480.0,11753,James Patterson,0.736,0.63,
1435,Deception,38219574.50017439,27122594.425631795,2008.0,41973.0,Vintage,208.0,2129,Philip Roth,0.666,0.6,-11096980.074542593
1436,Deception,38219574.50017439,27122594.425631795,2008.0,41973.0,Back Bay Books,336.0,1882,Denise Mina,0.712,0.6,-11096980.074542593
1437,The Fall,,5609815.637731296,2008.0,125537.0,Vintage,147.0,66894,Albert Camus,0.808,0.78,
1438,Bella,,0.0,2006.0,11226.0,Corgi,256.0,628,Jilly Cooper,0.73,0.7,
1439,The Quiet American,,0.0,1958.0,2293.0,Penguin Classics Deluxe Editions,180.0,45078,Graham Greene,0.794,0.6599999999999999,
1440,Sex and the City,99370893.7004534,634831391.6372788,2008.0,132079.0,Livre de Poche,286.0,49214,Candace Bushnell,0.682,0.5700000000000001,535460497.9368254
1441,Stuck,7972197.781131258,0.0,2007.0,10671.0,Xlibris Corporation,152.0,8,Evan Roskos,0.95,0.64,-7972197.781131258
1442,The Lost World,,0.0,1960.0,4954.0,Random House Value Publishing,,115266,Michael Crichton,0.756,0.55,
1443,The Protector,,0.0,1985.0,5775.0,Warner Books (NY),482.0,2558,David Morrell,0.788,0.5700000000000001,
1444,The Protector,,0.0,1985.0,5775.0,Jove Books,189.0,2,Malcolm Braly,0.6,0.5700000000000001,
1445,The Three Musketeers,,0.0,1921.0,1246.0,Viking,704.0,262810,Alexandre Dumas,0.8140000000000001,0.6900000000000001,
1446,Tom Sawyer,,0.0,1973.0,2839.0,Globe Fearon,,726009,Mark Twain,0.782,0.64,
1447,Brick Lane,,0.0,2007.0,3350.0,Scribner,432.0,27267,Monica Ali,0.682,0.6599999999999999,
1448,Two Women,,0.0,1999.0,1791.0,Zoland Books,331.0,1679,Alberto Moravia,0.794,0.67,
1449,The Stone Angel,,755753.1885743497,2007.0,1864.0,University of Chicago Press,318.0,10882,Margaret Laurence,0.744,0.61,
1450,Sublime,,0.0,2007.0,7182.0,Alfred Publishing Company,62.0,0,Sublime,,0.53,
1451,Towelhead,,562038.7172038044,2008.0,12255.0,Simon  Schuster,336.0,3671,Alicia Erian,0.722,0.6900000000000001,
1452,Breath,,0.0,2007.0,5264.0,Knopf,96.0,249,Philip Levine,0.796,0.6900000000000001,
1453,Breath,,0.0,2007.0,5264.0,Simon Pulse,260.0,896,Donna Jo Napoli,0.754,0.6900000000000001,
1454,Watchmen,198967786.9892844,283542845.1338112,2009.0,604865.0,DC Comics,464.0,474288,Alan Moore,0.8720000000000001,0.76,84575058.14452678
1455,Bravo Two Zero,,0.0,1999.0,4529.0,Corgi,416.0,11365,Andy McNab,0.818,0.67,
1456,Brideshead Revisited,30575659.60013951,20186495.343859285,2008.0,14090.0,Back Bay Books,351.0,90318,Evelyn Waugh,0.8,0.6599999999999999,-10389164.256280225
1457,Blindsight,,0.0,2006.0,721.0,New Directions,114.0,68,Rosmarie Waldrop,0.8560000000000001,0.72,
1458,Heart of a Dog,,0.0,1988.0,10067.0,,132.0,38812,Mikhail Bulgakov,0.82,0.85,
1459,The End of Summer,,0.0,1961.0,4804.0,St. Martin's Paperbacks,233.0,4443,Rosamunde Pilcher,0.752,0.77,
1460,Still Life,,0.0,2007.0,0.0,Bulfinch,144.0,40,Irving Penn,0.844,,
1461,Mirrors,53507404.30024414,110739595.0755135,2008.0,118120.0,American University in Cairo Press,184.0,1859,Naguib Mahfouz,0.77,0.61,57232190.77526936
1462,Noise,,0.0,2008.0,4621.0,Nick Hern Books,84.0,0,Alex Jones,,0.61,
1463,The Woman in Black,,0.0,1989.0,6808.0,David R. Godine Publisher,138.0,45109,Susan Hill,0.744,0.7,
1464,The Woman in Black,,0.0,1989.0,6808.0,Harlequin Intrigue,250.0,8,Jenna Ryan,0.776,0.7,
1465,John Adams,,0.0,2008.0,39199.0,Simon & Schuster Paperbacks,751.0,293110,David McCullough,0.8119999999999999,0.8400000000000001,
1466,John Adams,,0.0,2008.0,39199.0,Enslow Publishers,48.0,2,Stephen Feinstein,0.8,0.8400000000000001,
1467,Tobacco Road,,0.0,1941.0,2697.0,University of Georgia Press,192.0,13413,Erskine Caldwell,0.746,0.64,
1468,Private Parts,,0.0,1972.0,2020.0,Pocket Books,660.0,4246,Howard Stern,0.754,0.64,
1469,On the Beach,,0.0,2000.0,4491.0,House of Stratus,296.0,33872,Nevil Shute,0.788,0.6900000000000001,
1470,Miracle at St. Anna,68795234.1003139,14254117.198827378,2008.0,19583.0,Riverhead Books,336.0,2616,James   McBride,0.75,0.61,-54541116.90148652
1471,1984,,0.0,1956.0,4689.0,New American Library,328.0,2917777,George Orwell,0.836,0.6900000000000001,
1472,Nights in Rodanthe,,128991157.19385034,2008.0,27204.0,Warner Books,212.0,149519,Nicholas Sparks,0.768,0.6,
1473,The Wrong Man,,0.0,1993.0,857.0,Harlequin Superromance,304.0,42,Laura Abbot,0.6519999999999999,0.5900000000000001,
1474,"20,000 Leagues Under the Sea",,0.0,1916.0,2185.0,IndyPublish,440.0,186838,Jules Verne,0.776,0.61,
1475,"20,000 Leagues Under the Sea",,0.0,1916.0,2185.0,Evans Brothers,48.0,728,Pauline Francis,0.752,0.61,
1476,The Secret Life of Bees,16816612.78007673,58254879.3224429,2008.0,29387.0,Penguin Books,302.0,1083099,Sue Monk Kidd,0.8099999999999999,0.72,41438266.54236616
1477,The Wave,11465872.350052316,29046876.62013253,2008.0,120059.0,Grand Central Publishing,240.0,934,Walter Mosley,0.654,0.76,17581004.270080213
1478,Quarantine,18345395.760083705,62459069.20825361,2008.0,82118.0,Picador,256.0,3379,Jim Crace,0.738,0.6,44113673.4481699
1479,The Adventures of Huckleberry Finn,,0.0,1939.0,1532.0,Penguin Classics,327.0,1117780,Mark Twain,0.764,0.6799999999999999,
1480,Resistance,,0.0,2003.0,760.0,Vintage,180.0,332,Barry  Lopez,0.766,0.54,
1481,Resistance,,0.0,2003.0,760.0,Little Brown and Company,284.0,8052,Anita Shreve,0.752,0.54,
1482,The Adventures of Tom Sawyer,,0.0,1938.0,2426.0,University of California Press,288.0,725859,Mark Twain,0.782,0.71,
1483,Blindness,38219574.50017439,30338666.133795846,2008.0,76715.0,Houghton Mifflin Harcourt Publishing Company,326.0,183687,José Saramago,0.8240000000000001,0.65,-7880908.366378542
1484,Changeling,84083063.90038365,172783442.24004826,2008.0,272786.0,iBooks,244.0,2059,Roger Zelazny,0.742,0.77,88700378.33966461
1485,The Road,48976686.02813153,42296426.75864542,2009.0,266651.0,Alfred A. Knopf,241.0,683245,Cormac McCarthy,0.794,0.72,-6680259.269486107
1486,A Tale of Two Cities,,0.0,1958.0,1736.0,Simon  Schuster,496.0,781949,Charles Dickens,0.768,0.71,
1487,A Tale of Two Cities,,0.0,1958.0,1736.0,In Audio,12.0,782355,Charles Dickens,0.768,0.71,
1488,The Island,,0.0,2006.0,13103.0,Scholastic Paperbacks,208.0,1503,Gary Paulsen,0.744,0.78,
1489,Fanny,,0.0,1961.0,2904.0,Signet,544.0,1134,Erica Jong,0.756,0.6799999999999999,
1490,The Face of Another,,0.0,1966.0,11567.0,Vintage,238.0,3151,Kōbō Abe,0.756,0.78,
1491,Australia,198741787.4009068,75757314.84883162,2008.0,132890.0,DK Publishing (Dorling Kindersley),616.0,237,Kate Hemphill,0.8140000000000001,0.6599999999999999,-122984472.55207518
1492,Twilight,56564970.26025809,600225613.9677812,2008.0,516093.0,Schocken,224.0,823,Elie Wiesel,0.784,0.53,543660643.7075231
1493,The Children,,0.0,2008.0,19534.0,Virago,368.0,705,Edith Wharton,0.746,0.5900000000000001,
1494,The Boy in the Striped Pyjamas,19109787.250087194,31212494.02464016,2008.0,267289.0,Definitions (Young Adult),216.0,473137,John Boyne,0.828,0.77,12102706.774552967
1495,Hunger,,4165129.480671525,2008.0,75896.0,Penguin Books,192.0,1091,Lan Samantha Chang,0.784,0.75,
1496,The Lovers,,0.0,1958.0,6281.0,Dutton Books,304.0,104,Morris L. West,0.662,0.71,
1497,Pandora's Box,,0.0,2008.0,3111.0,Strebor Books,283.0,276,Allison Hobbs,0.792,0.71,
1498,The Reader,48921055.36022321,172781966.96447256,2008.0,271300.0,Random House Audio,4.0,165031,Bernhard Schlink,0.752,0.76,123860911.60424936
1499,Love,,0.0,2005.0,429.0,Miramax Books,43.0,1464,Pablo Neruda,0.892,0.58,
1500,Love,,0.0,2005.0,429.0,Vintage Classics,122.0,1130,Angela Carter,0.738,0.58,
1501,The Memory Keeper's Daughter,,0.0,2008.0,3108.0,Penguin Books,401.0,550326,Kim Edwards,0.734,0.6599999999999999,
1502,Yes Man,107014808.60048828,345491160.80153084,2008.0,399798.0,Gallery Books,371.0,8830,Danny Wallace,0.8160000000000001,0.6799999999999999,238476352.20104256
1503,Birds of America,,0.0,2008.0,5666.0,Picador USA,291.0,13529,Lorrie Moore,0.8220000000000001,0.6,
1504,Birds of America,,0.0,2008.0,5666.0,Mariner Books,348.0,261,Mary McCarthy,0.6940000000000001,0.6,
1505,Choke,4586348.940020926,5855448.256694977,2008.0,34607.0,HarperTorch,352.0,2804,Stuart Woods,0.768,0.64,1269099.3166740509
1506,Choke,4586348.940020926,5855448.256694977,2008.0,34607.0,DoubleDay,304.0,182483,Chuck Palahniuk,0.74,0.64,1269099.3166740509
1507,Revolutionary Road,53507404.30024414,115003759.11762989,2008.0,232825.0,Methuen,355.0,74824,Richard Yates,0.782,0.73,61496354.81738575
1508,The Vanishing Point,,0.0,2007.0,714.0,Mariner Books,369.0,1135,Mary Sharratt,0.734,0.64,
1509,The Tale of Despereaux,91726978.80041853,77780113.34734699,2008.0,41168.0,Candlewick Press,267.0,153529,Kate DiCamillo,0.808,0.61,-13946865.453071535
1510,The Tale of Despereaux,91726978.80041853,77780113.34734699,2008.0,41168.0,Candlewick Press,272.0,153941,Kate DiCamillo,0.808,0.61,-13946865.453071535
1511,Hamlet,,0.0,2000.0,261.0,Cambridge University Press,289.0,695817,William Shakespeare,0.8039999999999999,0.64,
1512,Hamlet,,0.0,2000.0,261.0,Dover Publications,128.0,698155,William Shakespeare,0.8039999999999999,0.64,
1513,Maria,,0.0,2003.0,347.0,Panamericana Editorial,57.0,16,Gustavo Reyes,0.738,0.7,
1514,Night Train,,0.0,2009.0,10155.0,Roaring Brook Press,32.0,58,Caroline Stutson,0.6519999999999999,0.5700000000000001,
1515,The Visitor,,0.0,2008.0,638.0,Harper Voyager,512.0,1738,Sheri S. Tepper,0.76,0.62,
1516,Outlander,76439149.00034878,10752974.857164403,2008.0,80838.0,Games Workshop(uk),254.0,55,Matt Keefe,0.77,0.62,-65686174.14318437
1517,Coraline,91831286.30274662,190697458.2838161,2009.0,292949.0,William Morrow Paperbacks,162.0,451554,Neil Gaiman,0.8119999999999999,0.78,98866171.98106948
1518,Chocolate,,0.0,2008.0,19351.0,Whitecap Books,158.0,37,Trish Deseine,0.8699999999999999,0.6900000000000001,
1519,Push,58159814.65840619,69585614.82181633,2009.0,118670.0,Vintage,177.0,46913,Sapphire,0.768,0.61,11425800.163410135
1520,Wings,,0.0,1966.0,2466.0,Dell,480.0,5054,Danielle Steel,0.77,0.76,
1521,Paris,29046876.62013253,36002839.17916427,2008.0,13127.0,DK Publishing (Dorling Kindersley),448.0,2339,Alan Tillier,0.8380000000000001,0.6799999999999999,6955962.55903174
1522,The Rebel,2391659.334339377,0.0,2007.0,2475.0,Vintage,320.0,11427,Albert Camus,0.8300000000000001,0.6799999999999999,-2391659.334339377
1523,Fanny,,0.0,1932.0,2081.0,Signet,544.0,1134,Erica Jong,0.756,0.78,
1524,Billy Budd,,0.0,1962.0,5308.0,WWW.Readhowyouwant.com,132.0,14388,Herman Melville,0.624,0.78,
1525,Night Has a Thousand Eyes,,0.0,1948.0,2178.0,Pegasus Books,344.0,826,Cornell Woolrich,0.754,0.7,
1526,The Body,,0.0,2003.0,1178.0,Penguin Books,80.0,32410,Stephen King,0.85,0.63,
1527,Mammoth,15305214.383791104,0.0,2009.0,10697.0,Ace Books,341.0,1282,John Varley,0.706,0.6799999999999999,-15305214.383791104
1528,Black Ice,,0.0,2007.0,2854.0,Vintage,256.0,765,Lorene Cary,0.704,0.67,
1529,Earth,23916593.343393777,173793911.62866142,2007.0,14899.0,Spectra,704.0,6808,David Brin,0.784,0.79,149877318.28526765
1530,Love Songs,,0.0,2007.0,10490.0,Pomona,259.0,37,Crass,0.876,0.7,
1531,Management,,3726296.264121208,2009.0,18885.0,Prentice Hall,736.0,26,Michael A. Hitt,0.708,0.58,
1532,Management,,3726296.264121208,2009.0,18885.0,Butterworth-Heinemann Ltd,576.0,1187,Peter F. Drucker,0.858,0.58,
1533,Rhinoceros,,0.0,1974.0,1413.0,Copper Canyon Press,96.0,2,Kevin Ducey,0.8,0.5700000000000001,
1534,The Soloist,91831286.30274662,48548381.84777264,2009.0,56426.0,Counterpoint,320.0,58,Nicholas Christopher,0.658,0.67,-43282904.45497398
1535,Killshot,,4526715.702319794,2008.0,22740.0,HarperTorch,334.0,5459,Elmore Leonard,0.746,0.6,
1536,The Alibi,,0.0,2006.0,6561.0,Hachette Books,564.0,22868,Sandra Brown,0.808,0.63,
1537,My Sister's Keeper,45915643.15137331,146493668.15927675,2009.0,101878.0,Limitless Corporation,252.0,125,Mavis Applewater,0.772,0.73,100578025.00790344
1538,Madame Bovary,,0.0,1949.0,3210.0,Penguin Classics,327.0,237971,Gustave Flaubert,0.734,0.7,
1539,The Group,,0.0,1966.0,2267.0,Signet,397.0,12827,Mary McCarthy,0.732,0.65,
1540,Shiver,,0.0,2008.0,3547.0,Vintage Books USA,15.0,634,Nikki Gemmell,0.72,0.6,
1541,Jonathan Livingston Seagull,,0.0,1973.0,2451.0,Scribner,112.0,192105,Richard Bach,0.768,0.5700000000000001,
1542,The Collector,5203772.890488976,174479443.9752186,2009.0,78213.0,Back Bay Books,305.0,52004,John Fowles,0.796,0.63,169275671.0847296
1543,House,,0.0,2008.0,6381.0,Mariner Books,352.0,2076,Tracy Kidder,0.796,0.45,
1544,Obsessed,30610428.767582208,112998918.17281877,2009.0,35642.0,Oasis Audio,,7712,Ted Dekker,0.782,0.5,82388489.40523656
1545,Black Box,,0.0,2005.0,1990.0,Vintage,259.0,2815,Amos Oz,0.778,0.5700000000000001,
1546,The Time Traveler's Wife,59690336.09678531,154934366.85865816,2009.0,163887.0,MacAdam/Cage,518.0,1521922,Audrey Niffenegger,0.794,0.71,95244030.76187286
1547,Northern Lights,,0.0,2009.0,1970.0,Broadway Books,372.0,1057,Tim O'Brien,0.658,0.5700000000000001,
1548,Northern Lights,,0.0,2009.0,1970.0,Jove,637.0,38725,Nora Roberts,0.8,0.5700000000000001,
1549,London,,0.0,1994.0,815.0,,400.0,718,Lonely Planet,0.806,0.73,
1550,London,,0.0,1994.0,815.0,Ballantine Books,1152.0,25295,Edward Rutherfurd,0.8140000000000001,0.73,
1551,The Three Musketeers,,0.0,1933.0,542.0,Viking,704.0,262810,Alexandre Dumas,0.8140000000000001,0.52,
1552,The Men Who Stare at Goats,36732514.52109865,105191755.86503282,2009.0,140819.0,Simon  Schuster,259.0,14446,Jon Ronson,0.722,0.62,68459241.34393418
1553,Thirst,7652607.191895552,0.0,2009.0,53955.0,Beacon Press,88.0,4223,Mary Oliver,0.8720000000000001,0.71,-7652607.191895552
1554,Angel,,0.0,1937.0,3625.0,HarperCollins Publishers,495.0,1029,Barbara Taylor Bradford,0.73,0.72,
1555,Whiteout,61220857.535164416,18681587.531455696,2009.0,42132.0,MacMillan Audio,4.0,28698,Ken Follett,0.716,0.55,-42539270.00370872
1556,Whiteout,61220857.535164416,18681587.531455696,2009.0,42132.0,Signet,469.0,28775,Ken Follett,0.716,0.55,-42539270.00370872
1557,Capone,6016003.059273424,12404130.01912046,1975.0,3425.0,Da Capo Press,432.0,632,John Kobler,0.78,0.5700000000000001,6388126.959847037
1558,Hiroshima,,0.0,2009.0,164.0,Scholastic Paperbacks,64.0,778,Laurence Yep,0.736,0.65,
1559,Cleopatra,,0.0,1934.0,5065.0,Waking Lion Press,308.0,1214,H. Rider Haggard,0.772,0.6799999999999999,
1560,Where the Wild Things Are,153052143.83791104,153184982.3851123,2009.0,111163.0,HarperCollins,48.0,779084,Maurice Sendak,0.844,0.67,132838.54720124602
1561,India Song,,0.0,1975.0,2836.0,Grove Press,146.0,328,Marguerite Duras,0.712,0.61,
1562,The Man Who Watched Trains Go By,,0.0,1952.0,843.0,New York Review of Books,203.0,3117,Georges Simenon,0.77,0.63,
1563,Mother,,0.0,1926.0,3256.0,Citadel Press,406.0,11684,Maxim Gorky,0.786,0.74,
1564,Mother,,0.0,1926.0,3256.0,Echo Library,285.0,11707,Maxim Gorky,0.786,0.74,
1565,Up in the Air,38263035.95947776,250500443.819509,2009.0,357752.0,Anchor,320.0,4595,Walter Kirn,0.5740000000000001,0.74,212237407.86003125
1566,David Copperfield,,0.0,2001.0,1219.0,Signet,928.0,192313,Charles Dickens,0.798,0.7,
1567,Forever,211.57972905168089,0.0,2006.0,351.0,Gallery Books,224.0,51758,Judy Blume,0.724,0.76,-211.57972905168089
1568,The Collector,,0.0,2005.0,2177.0,Back Bay Books,305.0,52004,John Fowles,0.796,0.6900000000000001,
1569,Les Misérables,,0.0,1935.0,4152.0,Signet Classics,1463.0,641220,Victor Hugo,0.834,0.76,
1570,Vital Signs,,0.0,1990.0,916.0,"Samuel French, Inc.",96.0,16,Jane Martin,0.7,0.55,
1571,Fantastic Mr. Fox,61220857.535164416,71124896.96490872,2009.0,295551.0,Knopf Books for Young Readers,96.0,98799,Roald Dahl,0.8119999999999999,0.79,9904039.429744303
1572,Creation,,0.0,2009.0,15527.0,Doubleday,574.0,3588,Gore Vidal,0.844,0.6599999999999999,
1573,Top Dog,12931614.6179402,10978309.316784052,1995.0,4084.0,Volo,80.0,18,Marcia Thornton Jones,0.844,0.43,-1953305.3011561483
1574,A Christmas Carol,306104287.6758221,497777399.8083545,2009.0,137238.0,Bethany House Publishers,104.0,574810,Charles Dickens,0.8099999999999999,0.6799999999999999,191673112.13253242
1575,A Night to Remember,,0.0,1942.0,1547.0,Zebra,256.0,20,Adrienne Basso,0.67,0.6599999999999999,
1576,A Night to Remember,,0.0,1942.0,1547.0,Holt McDougal,208.0,16470,Walter Lord,0.806,0.6599999999999999,
1577,Brothers,39793557.39785687,66299661.8196883,2009.0,166713.0,Toby Press,556.0,23,Chayym Zeldis,0.6599999999999999,0.71,26506104.42183143
1578,Summer of the Monkeys,,0.0,1998.0,651.0,Yearling,288.0,12345,Wilson Rawls,0.808,0.62,
1579,Happiness,,0.0,1935.0,1255.0,HarperPerennial,320.0,3112,Will Ferguson,0.758,0.73,
1580,Asylum,33633225.56015346,0.0,2008.0,4142.0,University of Pittsburgh Press,88.0,87,Quan Barry,0.834,0.4,-33633225.56015346
1581,A Single Man,10713650.068653772,0.0,2009.0,121156.0,Univ Of Minnesota Press,192.0,22641,Christopher Isherwood,0.82,0.75,-10713650.068653772
1582,Morphine,5503618.728025111,1171162.4214088437,2008.0,4529.0,Chelsea House Publications,102.0,3,Gregory D. Busse,0.666,0.72,-4332456.306616267
1583,The Lovely Bones,99483893.49464215,143142914.40996918,2009.0,188919.0,Random House,327.0,1942369,Alice Sebold,0.762,0.6599999999999999,43659020.91532703
1584,The Lovely Bones,99483893.49464215,143142914.40996918,2009.0,188919.0,"Little, Brown and Company",328.0,1946770,Alice Sebold,0.762,0.6599999999999999,43659020.91532703
1585,The Princess and the Frog,160704751.02980658,408719268.3608499,2009.0,182157.0,NBM Publishing,29.0,113,Will Eisner,0.674,0.72,248014517.33104333
1586,The Art of Travel,3.057565960013951,0.0,2008.0,2661.0,Vintage,272.0,19358,Alain de Botton,0.764,0.62,-3.057565960013951
1587,Veronika Decides to Die,13774692.945411991,0.0,2009.0,13477.0,Harper Perennial,210.0,163780,Paulo Coelho,0.742,0.63,-13774692.945411991
1588,The Officers' Ward,,0.0,2001.0,1793.0,Soho Press,136.0,769,Marc Dugain,0.78,0.74,
1589,Sherlock Holmes,137746929.45411992,802037127.5349851,2009.0,698096.0,Pocket Essentials,78.0,28,Mark Campbell,0.772,0.75,664290198.0808651
1590,Sweepers,,0.0,1999.0,2034.0,St. Martin's Paperbacks,464.0,399,P.T. Deutermann,0.79,0.43,
1591,The Friends of Eddie Coyle,,0.0,1973.0,13298.0,Robinson,216.0,6591,George V. Higgins,0.8099999999999999,0.74,
1592,The Sun Also Rises,,0.0,1957.0,2814.0,Simon  Schuster Audio,8.0,354692,Ernest Hemingway,0.764,0.62,
1593,The Sun Also Rises,,0.0,1957.0,2814.0,Collier Books; Macmillan Publishing Company,247.0,355469,Ernest Hemingway,0.764,0.62,
1594,Diamond Dogs,,0.0,2007.0,1983.0,Grand Central Publishing,256.0,313,Alan  Watt,0.6900000000000001,0.41,
1595,The Innocent,,0.0,1976.0,4704.0,Dutton,503.0,26532,Harlan Coben,0.792,0.74,
1596,Birdsong,,0.0,2008.0,648.0,Vintage International,483.0,65739,Sebastian Faulks,0.818,0.63,
1597,Heat,,0.0,1972.0,1957.0,Philomel Books,220.0,19350,Mike Lupica,0.796,0.61,
1598,Heat,,0.0,1972.0,1957.0,iUniverse,256.0,73,Arthur Herzog III,0.6900000000000001,0.61,
1599,The Concert,,0.0,2009.0,19052.0,Arcade Publishing,443.0,255,Ismail Kadare,0.758,0.75,
1600,The Queen and I,,0.0,2008.0,627.0,Penguin,271.0,5141,Sue Townsend,0.744,0.73,
1601,Sometimes a Great Notion,,0.0,1970.0,4881.0,Penguin Classics,715.0,20384,Ken Kesey,0.834,0.6900000000000001,
1602,Peter Pan,,0.0,1960.0,2501.0,Henry Holt and Co.,176.0,255182,J.M. Barrie,0.8140000000000001,0.74,
1603,Crime and Punishment,,0.0,1935.0,2436.0,Vintage Books,564.0,586002,Fyodor Dostoyevsky,0.842,0.6900000000000001,
1604,More Than a Game,,1356074.8379726077,2008.0,5783.0,Touchstone,320.0,433,Phil Jackson,0.762,0.76,
1605,Triangle,18366257.260549325,0.0,2009.0,144679.0,Livre de Poche,445.0,12610,Ken Follett,0.77,0.6900000000000001,-18366257.260549325
1606,Absurdistan,,0.0,2008.0,1789.0,Wheeler Publishing,595.0,12732,Gary Shteyngart,0.662,0.67,
1607,The Hound of the Baskervilles,,0.0,2000.0,1284.0,IndyPublish.com,176.0,234084,Arthur Conan Doyle,0.8220000000000001,0.5900000000000001,
1608,Shutter Island,119314352.97579636,439679647.26219374,2010.0,1592869.0,HarperTorch,369.0,152018,Dennis Lehane,0.818,0.82,320365294.2863974
1609,Persuasion,,0.0,2007.0,17452.0,Oxford University Press,249.0,498446,Jane Austen,0.828,0.74,
1610,Persuasion,,0.0,2007.0,17452.0,Penguin,400.0,499902,Jane Austen,0.828,0.74,
1611,Dear John,37285735.304936364,171480234.6348856,2010.0,162310.0,Warner Books (NY),434.0,523760,Nicholas Sparks,0.806,0.63,134194499.32994924
1612,Tooth Fairy,71588611.78547782,167729892.20069152,2010.0,52351.0,Child's Play International,32.0,163,Audrey Wood,0.772,0.51,96141280.4152137
1613,The Room,,0.0,2003.0,98777.0,Marion Boyars Publishers Ltd,288.0,4575,Hubert Selby Jr.,0.704,0.36,
1614,Alice in Wonderland,298285882.4394909,1529447603.401015,2010.0,461544.0,Gramercy Books,92.0,367242,Jane Carruth,0.806,0.64,1231161720.961524
1615,Alice in Wonderland,298285882.4394909,1529447603.401015,2010.0,461544.0,Scholastic Paperbacks,160.0,214824,Lewis Carroll,0.8039999999999999,0.64,1231161720.961524
1616,The Call of the Wild,,0.0,1935.0,2795.0,Scholastic,172.0,320987,Jack London,0.774,0.6799999999999999,
1617,The Call of the Wild,,0.0,1935.0,2795.0,Puffin Graphics,176.0,123,Neil Kleid,0.716,0.6799999999999999,
1618,The Fall of the Roman Empire,199191725.9211377,49797931.48028442,1964.0,11022.0,Thames & Hudson,192.0,75,Arther Ferrill,0.744,0.67,-149393794.44085327
1619,The Mysteries of Pittsburgh,,0.0,2008.0,3574.0,Harper Perennial,320.0,24993,Michael Chabon,0.728,0.54,
1620,Remember Me,23862870.59515928,83569098.70499521,2010.0,161234.0,Pocket Books,304.0,20557,Mary Higgins Clark,0.784,0.71,59706228.10983594
1621,Skeleton Crew,,0.0,2009.0,1177.0,,566.0,105618,Stephen King,0.792,0.35,
1622,Generation X,14677285.067873305,0.0,1996.0,2206.0,Berkley,288.0,72,Scott Lobdell,0.65,0.44000000000000006,-14677285.067873305
1623,Leaves of Grass,13774692.945411991,1507742.687811714,2009.0,28518.0,Simon  Schuster,624.0,86324,Walt Whitman,0.8240000000000001,0.64,-12266950.257600278
1624,Leaves of Grass,13774692.945411991,1507742.687811714,2009.0,28518.0,Bantam Classics,528.0,86508,Walt Whitman,0.8240000000000001,0.64,-12266950.257600278
1625,Possession,,0.0,2009.0,8407.0,Vintage,555.0,67751,A.S. Byatt,0.778,0.54,
1626,The Egyptian,60201930.21529324,180605790.6458797,1954.0,4827.0,Chicago Review Press,512.0,17571,Mika Waltari,0.826,0.65,120403860.43058644
1627,The Brothers Karamazov,,0.0,1958.0,3241.0,Signet Classics,736.0,228800,Fyodor Dostoyevsky,0.8640000000000001,0.67,
1628,The Brothers Karamazov,,0.0,1958.0,3241.0,Barnes  Noble Classics,752.0,229571,Fyodor Dostoyevsky,0.8640000000000001,0.67,
1629,New York,,0.0,2009.0,12793.0,DK Publishing (Dorling Kindersley),448.0,498,Annelise Sorensen,0.858,0.6799999999999999,
1630,Mother,7652607.191895552,26191374.1153289,2009.0,78602.0,Citadel Press,406.0,11684,Maxim Gorky,0.786,0.77,18538766.92343335
1631,Mother,7652607.191895552,26191374.1153289,2009.0,78602.0,Echo Library,285.0,11707,Maxim Gorky,0.786,0.77,18538766.92343335
1632,Dark Mirror,,0.0,2007.0,1576.0,Ulverscroft,397.0,16,Basil Copper,0.712,0.47000000000000003,
1633,Main Street,,0.0,1956.0,1775.0,Barnes  Noble Classics,560.0,23439,Sinclair Lewis,0.754,0.77,
1634,Clash of the Titans,186428676.5246818,347075220.1093945,2010.0,302127.0,Warner Books (NY),304.0,1098,Alan Dean Foster,0.776,0.58,160646543.58471268
1635,Camille,9172697.880041853,0.0,2008.0,5096.0,Oberon Books,102.0,12,Neil Bartlett,0.7,0.5900000000000001,-9172697.880041853
1636,Angel,23916593.343393777,0.0,2007.0,5769.0,HarperCollins Publishers,495.0,1029,Barbara Taylor Bradford,0.73,0.58,-23916593.343393777
1637,The Runaways,14914294.121974545,4468040.638784668,2010.0,52266.0,Yearling,256.0,120,Zilpha Keatley Snyder,0.704,0.65,-10446253.483189877
1638,A Farewell to Arms,,0.0,1932.0,7385.0,Amereon Limited,336.0,253173,Ernest Hemingway,0.762,0.64,
1639,Caesar and Cleopatra,,0.0,1945.0,3387.0,Penguin Classics,126.0,1602,George Bernard Shaw,0.734,0.62,
1640,Affinity,,0.0,2008.0,2310.0,Riverhead Books,352.0,20802,Sarah Waters,0.748,0.62,
1641,The Case for Christ,,0.0,2007.0,722.0,Zondervan,367.0,94870,Lee Strobel,0.828,0.6599999999999999,
1642,Sahara,,0.0,1983.0,2308.0,St. Martin's Griffin,272.0,2570,Michael Palin,0.792,0.49000000000000005,
1643,Skin,,0.0,2009.0,3824.0,Weekly Reader Early Learning Library,24.0,2,Cynthia Amoroso,0.6,0.6900000000000001,
1644,Ballet Shoes,,0.0,2008.0,9415.0,Orion Children's Books,184.0,31634,Noel Streatfeild,0.8140000000000001,0.6599999999999999,
1645,Disgrace,,0.0,2008.0,5989.0,Penguin Books,220.0,80120,J.M. Coetzee,0.768,0.65,
1646,Hell,,0.0,2005.0,2632.0,Turtle Point Press,255.0,1639,Henri Barbusse,0.738,0.67,
1647,Johnny Angel,,0.0,1945.0,1371.0,Corgi,222.0,5837,Danielle Steel,0.772,0.62,
1648,Bitten,,0.0,2008.0,2554.0,G Publishing,88.0,0,Kevin Williams,,0.51,
1649,Armadillo,2237144.118296182,0.0,2010.0,10647.0,Knopf,337.0,2323,William  Boyd,0.7140000000000001,0.74,-2237144.118296182
1650,Robin Hood,298285882.4394909,463341689.4298536,2010.0,293196.0,Atheneum Books for Young Readers,64.0,1329,Paul Creswick,0.8,0.6599999999999999,165055806.9903627
1651,Father and Son,,0.0,2003.0,2718.0,Oxford University Press,304.0,775,Edmund Gosse,0.744,0.65,
1652,Scavenger Hunt,,0.0,1979.0,3286.0,Archway Paperbacks,215.0,4666,Christopher Pike,0.726,0.58,
1653,Shake Hands With the Devil,17538835.11848877,0.0,2007.0,3876.0,Arrow,563.0,10373,Roméo Dallaire,0.8480000000000001,0.76,-17538835.11848877
1654,Brief Interviews with Hideous Men,,0.0,2009.0,3754.0,Abacus,273.0,23685,David Foster Wallace,0.772,0.54,
1655,The Other Side of Midnight,,0.0,1977.0,2117.0,HarperCollins Publishers,598.0,41938,Sidney Sheldon,0.784,0.6,
1656,Romeo and Juliet,,0.0,1936.0,2379.0,Simon Schuster,368.0,1976840,William Shakespeare,0.748,0.64,
1657,No Greater Love,,0.0,2009.0,549.0,Random House Value Publishing,,8731,Danielle Steel,0.792,0.58,
1658,Tortilla Flat,,0.0,1942.0,2170.0,Penguin Classics,154.0,42133,John Steinbeck,0.766,0.62,
1659,Othello,,0.0,1965.0,1767.0,Simon  Schuster,314.0,301217,William Shakespeare,0.778,0.7,
1660,Othello,,0.0,1965.0,1767.0,Barrons Educational Series,319.0,301924,William Shakespeare,0.778,0.7,
1661,In the Beginning,,0.0,2009.0,2700.0,Ballantine Books,416.0,2577,Chaim Potok,0.8160000000000001,0.71,
1662,Little Dorrit,,0.0,1987.0,1314.0,Modern Library,1347.0,42665,Charles Dickens,0.798,0.72,
1663,Three Comrades,,0.0,1938.0,2292.0,Random House Trade Paperbacks,496.0,23283,Erich Maria Remarque,0.898,0.71,
1664,Bluebeard,,0.0,2009.0,1640.0,Mariner Books,144.0,440,Max Frisch,0.722,0.63,
1665,State of Siege,,0.0,1972.0,6579.0,Vintage Crime/Black Lizard,256.0,425,Eric Ambler,0.76,0.77,
1666,State of Siege,,0.0,1972.0,6579.0,Ballantine Books,,9,Franco Solinas,0.8,0.77,
1667,Whirlpool,,0.0,1949.0,5133.0,Avon,448.0,1706,Elizabeth Lowell,0.756,0.67,
1668,Endgame,33671471.644340426,0.0,2009.0,2923.0,HMH Books for Young Readers,304.0,806,Nancy Garden,0.75,0.62,-33671471.644340426
1669,The Island of Dr. Moreau,,0.0,1977.0,7789.0,J. M. Dent & Sons,176.0,88821,H.G. Wells,0.746,0.5900000000000001,
1670,The Fixer,,0.0,1968.0,1553.0,Farrar Straus Giroux,335.0,9539,Bernard Malamud,0.792,0.67,
1671,Thirst,,0.0,2010.0,919.0,Beacon Press,88.0,4223,Mary Oliver,0.8720000000000001,0.45,
1672,The Good Guy,4897668.6028131535,0.0,2009.0,10011.0,Random House Audio Publishing Group,9.0,32431,Dean Koontz,0.764,0.5700000000000001,-4897668.6028131535
1673,The Wizard of Oz,,0.0,1925.0,1906.0,British Film Institute,69.0,815,Salman Rushdie,0.8,0.49000000000000005,
1674,The Wizard of Oz,,0.0,1925.0,1906.0,,219.0,348776,L. Frank Baum,0.798,0.49000000000000005,
1675,Play Dirty,,0.0,1969.0,4117.0,Simon & Schuster,404.0,13683,Sandra Brown,0.784,0.6799999999999999,
1676,North,,0.0,2009.0,3205.0,HarperTrophy,354.0,385,Donna Jo Napoli,0.744,0.67,
1677,North,,0.0,2009.0,3205.0,Dalkey Archive Press,454.0,606,Louis-Ferdinand Céline,0.8039999999999999,0.67,
1678,Treasure Island,,0.0,1934.0,3457.0,Kingfisher,311.0,380722,Robert Louis Stevenson,0.766,0.71,
1679,Treasure Island,,0.0,1934.0,3457.0,Running Press Kids,48.0,381855,Robert Louis Stevenson,0.766,0.71,
1680,Lucky,,0.0,2010.0,378.0,Hachette Book Group,243.0,89365,Alice Sebold,0.756,0.67,
1681,The Inner Life of Martin Frost,,0.0,2007.0,772.0,Purdue University Press,40.0,304,Paul Auster,0.666,0.51,
1682,The Story Of My Life,,0.0,2004.0,1824.0,Tantor Audio,,126404,Helen Keller,0.8160000000000001,0.6599999999999999,
1683,Centurion,17897152.946369454,10163776.752519678,2010.0,88863.0,Xlibris,204.0,30,Peter W. Mitsopoulos,0.686,0.63,-7733376.193849776
1684,Pope Joan,,41954990.38356461,2009.0,9379.0,Ballantine Books (NY),422.0,63624,Donna Woolfolk Cross,0.8160000000000001,0.67,
1685,The Experiment,32513161.185904507,0.0,2010.0,59239.0,Signet,481.0,697,John Darnton,0.712,0.64,-32513161.185904507
1686,Black Water,1116.107689358376,0.0,2007.0,16969.0,Plume,160.0,6439,Joyce Carol Oates,0.708,0.58,-1116.107689358376
1687,Underworld,,0.0,1927.0,3792.0,Scribner,827.0,25858,Don DeLillo,0.784,0.75,
1688,Accident,,0.0,2009.0,4052.0,Dell,464.0,12739,Danielle Steel,0.792,0.6599999999999999,
1689,Wild Grass,,0.0,2009.0,4081.0,Chinese University Press,168.0,180,Xun Lu,0.79,0.62,
1690,Don Quixote,,0.0,2000.0,1835.0,Ecco,940.0,197128,Miguel de Cervantes Saavedra,0.774,0.61,
1691,Don Quixote,,0.0,2000.0,1835.0,Tantor Media,,197715,Miguel de Cervantes Saavedra,0.774,0.61,
1692,King Lear,,0.0,1971.0,1011.0,Simon  Schuster,338.0,171858,William Shakespeare,0.782,0.72,
1693,Sisters,,0.0,2001.0,4534.0,Delacorte Press,341.0,17802,Danielle Steel,0.77,0.7,
1694,The American,29828588.24394909,97635418.26322372,2010.0,105763.0,Signet Book,400.0,5823,Henry James,0.734,0.63,67806830.01927464
1695,The Switch,28337158.83175164,74318832.90745236,2010.0,116222.0,Piatkus Books,576.0,12112,Sandra Brown,0.786,0.61,45981674.075700715
1696,The Switch,28337158.83175164,74318832.90745236,2010.0,116222.0,HarperTorch,304.0,2513,Elmore Leonard,0.75,0.61,45981674.075700715
1697,Golem,,0.0,1980.0,1354.0,Clarion Books,32.0,3645,David Wisniewski,0.746,0.6599999999999999,
1698,Love Letters,,0.0,1945.0,1976.0,One World (UK),178.0,418,Kahlil Gibran,0.74,0.7,
1699,Above and Beyond,,0.0,1952.0,1446.0,Mira Books,240.0,2954,Erin St. Claire,0.746,0.6900000000000001,
1700,Homecoming,2295782.1575686657,0.0,2009.0,4679.0,Harlequin SuperRomance,304.0,17,Laura Abbot,0.6940000000000001,0.53,-2295782.1575686657
1701,Triangle,7972197.781131258,0.0,2007.0,1966.0,Livre de Poche,445.0,12610,Ken Follett,0.77,0.62,-7972197.781131258
1702,The Town,55182888.25130582,229719109.4775252,2010.0,439361.0,Vintage Books,371.0,1408,William Faulkner,0.82,0.75,174536221.2262194
1703,It's Kind of a Funny Story,11931435.297579637,9681226.257632604,2010.0,151203.0,Disney-Hyperion,444.0,201307,Ned Vizzini,0.826,0.71,-2250209.039947033
1704,Alice in Wonderland,,0.0,1933.0,2909.0,Gramercy Books,92.0,367242,Jane Carruth,0.806,0.63,
1705,Alice in Wonderland,,0.0,1933.0,2909.0,Scholastic Paperbacks,160.0,214824,Lewis Carroll,0.8039999999999999,0.63,
1706,Shadows,,0.0,2007.0,2147.0,Bantam,393.0,11254,John Saul,0.786,0.67,
1707,Secretariat,52200029.42691091,89860666.83462076,2010.0,32195.0,Derrydale Press,228.0,389,Raymond G. Woolfe Jr.,0.86,0.72,37660637.40770985
1708,Stone,32811447.068344,14138330.24453763,2010.0,43818.0,Harry N. Abrams,120.0,284,Andy Goldsworthy,0.9019999999999999,0.54,-18673116.82380637
1709,Hunger,956575.898986944,0.0,2009.0,5964.0,Penguin Books,192.0,1091,Lan Samantha Chang,0.784,0.52,-956575.898986944
1710,Inside Job,2982858.824394909,11739819.429559331,2010.0,82091.0,Subterranean Press,99.0,1718,Connie Willis,0.734,0.82,8756960.605164422
1711,Where The Red Fern Grows,,0.0,2003.0,1464.0,Yearling,272.0,328420,Wilson Rawls,0.8140000000000001,0.64,
1712,Never Let Me Go,22371441.182961818,14101811.103950562,2010.0,158349.0,Vintage Books,288.0,439282,Kazuo Ishiguro,0.764,0.71,-8269630.079011256
1713,Where Love Has Gone,,0.0,1964.0,1821.0,Pocket Books,384.0,795,Harold Robbins,0.728,0.61,
1714,Deadline,,0.0,2009.0,6097.0,Random House Value Publishing,,46,James Barrett Reston,0.76,0.45999999999999996,
1715,Tenderness,,0.0,2009.0,8479.0,Ember,240.0,2640,Robert Cormier,0.74,0.54,
1716,The Castle,,0.0,1997.0,3772.0,Schocken,528.0,41582,Franz Kafka,0.792,0.65,
1717,Hamlet,,0.0,1964.0,3150.0,Cambridge University Press,289.0,695817,William Shakespeare,0.8039999999999999,0.82,
1718,Hamlet,,0.0,1964.0,3150.0,Dover Publications,128.0,698155,William Shakespeare,0.8039999999999999,0.82,
1719,The Devil,,0.0,1972.0,3384.0,Kessinger Publishing,56.0,2719,Leo Tolstoy,0.738,0.7,
1720,The Extra Man,10440005.88538218,675735.3466490104,2010.0,5555.0,Scribner,384.0,1672,Jonathan Ames,0.744,0.58,-9764270.53873317
1721,The Sun Also Rises,,0.0,2007.0,2827.0,Simon  Schuster Audio,8.0,354692,Ernest Hemingway,0.764,0.72,
1722,The Sun Also Rises,,0.0,2007.0,2827.0,Collier Books; Macmillan Publishing Company,247.0,355469,Ernest Hemingway,0.764,0.72,
1723,A High Wind in Jamaica,,0.0,1965.0,2468.0,Vintage Classics,175.0,8204,Richard Hughes,0.756,0.65,
1724,Intruder in the Dust,,0.0,1949.0,3297.0,Vintage,247.0,4818,William Faulkner,0.75,0.76,
1725,Intruder in the Dust,,0.0,1949.0,3297.0,Vintage,241.0,4826,William Faulkner,0.75,0.76,
1726,Breaking the Maya Code,1528782.9800069754,0.0,2008.0,339.0,Thames  Hudson,304.0,533,Michael D. Coe,0.806,0.77,-1528782.9800069754
1727,Nightfall,,0.0,1957.0,5419.0,Onyx,416.0,1217,Anne Stuart,0.774,0.71,
1728,Nightfall,,0.0,1957.0,5419.0,Bantam Books,339.0,29879,Isaac Asimov,0.8099999999999999,0.71,
1729,True Grit,56674317.66350328,376253228.9465901,2010.0,371478.0,Signet,304.0,37966,Charles Portis,0.8320000000000001,0.76,319578911.28308684
1730,Forever Amber,,0.0,1947.0,1887.0,Penguin,972.0,16331,Kathleen Winsor,0.798,0.65,
1731,The Last of the Mohicans,,0.0,1936.0,1854.0,State University of New York Press,418.0,84254,James Fenimore Cooper,0.74,0.6599999999999999,
1732,The Last of the Mohicans,,0.0,1936.0,1854.0,Barnes  Noble Classics,480.0,84369,James Fenimore Cooper,0.74,0.6599999999999999,
1733,Rabbit Hole,7457147.060987272,7649627.958066652,2010.0,52477.0,Theatre Communications Group,157.0,6946,David Lindsay-Abaire,0.8119999999999999,0.6900000000000001,192480.8970793793
1734,Gulliver's Travels,167040094.1661149,354039576.5211506,2010.0,76901.0,Penguin,306.0,223306,Jonathan Swift,0.7140000000000001,0.49000000000000005,186999482.3550357
1735,Gulliver's Travels,167040094.1661149,354039576.5211506,2010.0,76901.0,Penguin Audiobooks,6.0,223839,Jonathan Swift,0.7140000000000001,0.49000000000000005,186999482.3550357
1736,Thirst,,0.0,1949.0,3074.0,Beacon Press,88.0,4223,Mary Oliver,0.8720000000000001,0.65,
1737,Stalin,,0.0,1992.0,2968.0,Anchor Books,640.0,1481,Edvard Radzinsky,0.806,0.7,
1738,Death of a Salesman,,0.0,1951.0,1300.0,Viking Books,139.0,175487,Arthur  Miller,0.704,0.72,
1739,The Dead,,0.0,2004.0,1249.0,Melville House Publishing,64.0,15273,James Joyce,0.8099999999999999,0.67,
1740,Spring Fever,,0.0,1927.0,1124.0,Harry N. Abrams,276.0,544,P.G. Wodehouse,0.8099999999999999,0.64,
1741,Cracks,,0.0,2009.0,21901.0,Blue Works,255.0,10,Mike Klaassen,0.76,0.6599999999999999,
1742,The Europeans,,0.0,1979.0,1266.0,Penguin Books,272.0,98,Luigi Barzini,0.732,0.61,
1743,The Trip,,1418616.3368645625,2010.0,23994.0,HarperTrophy,32.0,249,Ezra Jack Keats,0.758,0.7,
1744,Gravity,,0.0,2010.0,858.0,Dover Publications,176.0,194,George Gamow,0.786,0.67,
1745,The Nun,,0.0,1966.0,3474.0,"Oxford University Press, USA",189.0,5249,Denis Diderot,0.742,0.75,
1746,First Love,,16352.465142243693,2004.0,2035.0,Melville House Publishing,124.0,9149,Ivan Turgenev,0.758,0.6599999999999999,
1747,The Traveler,,0.0,2010.0,5304.0,Ballantine Books,416.0,1477,John Katzenbach,0.732,0.42000000000000004,
1748,The Devil's Playground,,0.0,1976.0,1425.0,Phaidon Press,504.0,219,Nan Goldin,0.8699999999999999,0.6799999999999999,
1749,Ulysses,,0.0,1967.0,1045.0,IndyPublish.com,736.0,105034,James Joyce,0.746,0.64,
1750,Open House,,0.0,2010.0,2754.0,Ballantine Books,272.0,55494,Elizabeth Berg,0.74,0.43,
1751,Don Quixote,,0.0,1992.0,945.0,Ecco,940.0,197128,Miguel de Cervantes Saavedra,0.774,0.6,
1752,Don Quixote,,0.0,1992.0,945.0,Tantor Media,,197715,Miguel de Cervantes Saavedra,0.774,0.6,
1753,Emma,,0.0,2009.0,18932.0,Penguin Books,474.0,609938,Jane Austen,0.8,0.8099999999999999,
1754,Desert Flower,,22393636.171507034,2009.0,15154.0,William Morrow Paperbacks,240.0,18162,Waris Dirie,0.8320000000000001,0.73,
1755,Confessions,,0.0,2010.0,44321.0,Penguin Classics,353.0,43336,Augustine of Hippo,0.784,0.77,
1756,Confessions,,0.0,2010.0,44321.0,"Hackett Publishing Company, Inc.",345.0,43505,Augustine of Hippo,0.786,0.77,
1757,The Tempest,,0.0,1998.0,397.0,Cambridge University Press,180.0,163832,William Shakespeare,0.762,0.49000000000000005,
1758,The Tempest,,0.0,1998.0,397.0,Brimax Books,18.0,183,John Escott,0.744,0.49000000000000005,
1759,The Magus,,0.0,1968.0,2020.0,Back Bay Books,656.0,45642,John Fowles,0.8099999999999999,0.5599999999999999,
1760,Presumed Guilty,,0.0,2008.0,1437.0,Zondervan,316.0,842,James Scott Bell,0.806,0.8099999999999999,
1761,Background to Danger,,0.0,1943.0,1762.0,Vintage Crime/Black Lizard,280.0,959,Eric Ambler,0.778,0.64,
1762,Norwegian Wood,,26303238.376590893,2010.0,12884.0,Vintage Books,296.0,316591,Haruki Murakami,0.806,0.63,
1763,The Sunset Limited,,0.0,2011.0,33331.0,Vintage,160.0,8038,Cormac McCarthy,0.792,0.73,
1764,Emma,,0.0,1932.0,1240.0,Penguin Books,474.0,609938,Jane Austen,0.8,0.7,
1765,A Little Night Music,,0.0,1977.0,972.0,Berkley Trade,179.0,1,Lee  Williams,0.6,0.54,
1766,Jane Eyre,,50902705.21656335,2011.0,96645.0,Penguin,532.0,1548529,Charlotte Brontë,0.8240000000000001,0.73,
1767,Jane Eyre,,50902705.21656335,2011.0,96645.0,Signet Classics,462.0,1553077,Charlotte Brontë,0.8240000000000001,0.73,
1768,Jane Eyre,,50902705.21656335,2011.0,96645.0,Turtleback Books,461.0,1553399,Charlotte Brontë,0.8240000000000001,0.73,
1769,Eden,,0.0,2006.0,910.0,Mariner Books,276.0,4249,Stanisław Lem,0.782,0.72,
1770,Eden,,0.0,2006.0,910.0,Houghton Mifflin Harcourt P,262.0,4262,Stanisław Lem,0.782,0.72,
1771,The Traveler,,0.0,1974.0,2442.0,Ballantine Books,416.0,1477,John Katzenbach,0.732,0.75,
1772,Connections,,0.0,,1583.0,Little Brown and Company,304.0,2173,James  Burke,0.85,0.93,
1773,The Journey,,0.0,1959.0,1988.0,Pan Australia,186.0,287,John Marsden,0.662,0.6799999999999999,
1774,Outsider,,0.0,1997.0,1263.0,University Press of America,110.0,656138,Albert Camus,0.796,0.8,
1775,Water for Elephants,55726530.04019223,167408699.4834235,2011.0,123222.0,Algonquin Books,335.0,1327834,Sara Gruen,0.818,0.6900000000000001,111682169.44323127
1776,Water for Elephants,55726530.04019223,167408699.4834235,2011.0,123222.0,Algonquin Books,335.0,1330459,Sara Gruen,0.818,0.6900000000000001,111682169.44323127
1777,Day and Night,,0.0,2004.0,1723.0,Meredith Corporation,32.0,0,Better Homes and Gardens,,0.65,
1778,My Dog Tulip,,377386.7931468908,2009.0,1822.0,NYRB Classics,208.0,1407,J.R. Ackerley,0.6719999999999999,0.6900000000000001,
1779,Ghosts,,0.0,2005.0,1695.0,Picador,244.0,636,John Banville,0.722,0.6799999999999999,
1780,Ghosts,,0.0,2005.0,1695.0,Kessinger Publishing,92.0,11524,Henrik Ibsen,0.768,0.6799999999999999,
1781,Something Borrowed,51327067.14228232,87845414.58577582,2011.0,66968.0,Diamond/Charter,282.0,87,Rebecca Hagan Lee,0.828,0.58,36518347.4434935
1782,Macbeth,,0.0,1982.0,424.0,Simon  Schuster,249.0,641361,William Shakespeare,0.78,0.64,
1783,Intimate Enemies,15593618.85989274,0.0,2007.0,3551.0,Bantam,390.0,479,Shana Abe,0.762,0.6900000000000001,-15593618.85989274
1784,King Lear,,0.0,1987.0,1684.0,Simon  Schuster,338.0,171858,William Shakespeare,0.782,0.55,
1785,The Moon in the Gutter,,0.0,1983.0,1638.0,Serpent's Tail,183.0,400,David Goodis,0.732,0.5900000000000001,
1786,Dreams,,0.0,1955.0,3709.0,Puffin Books,40.0,266,Ezra Jack Keats,0.77,0.7,
1787,The Tunnel,197975.8304059461,0.0,2011.0,25229.0,Ballantine Books,232.0,41503,Ernesto Sabato,0.8099999999999999,0.58,-197975.8304059461
1788,The Thief,,0.0,1952.0,1504.0,Arrow,86.0,375,Ruth Rendell,0.638,0.67,
1789,The Other Woman,44742882.36592364,152125800.04414037,2010.0,20220.0,Berkley,389.0,30602,Jane Green,0.74,0.63,107382917.67821673
1790,Brotherhood,,0.0,2009.0,3503.0,Main Street,240.0,42,Rudolph W. Giuliani,0.834,0.7,
1791,Everything Must Go,7457147.060987272,3899749.358419775,2010.0,54752.0,Mira Books,361.0,825,Elizabeth Flock,0.538,0.64,-3557397.7025674973
1792,The Oath,,0.0,2010.0,981.0,Thomas Nelson,576.0,25654,Frank E. Peretti,0.8140000000000001,0.72,
1793,Falling,4402648.654290015,0.0,2006.0,312.0,Allen & Unwin,285.0,863,Anne Provoost,0.62,0.5900000000000001,-4402648.654290015
1794,Falling,4402648.654290015,0.0,2006.0,312.0,Forge Books,368.0,1500,Christopher Pike,0.784,0.5900000000000001,-4402648.654290015
1795,Envy,,0.0,2009.0,3911.0,NYRB Classics,152.0,2928,Yury Olesha,0.75,0.65,
1796,Bernie,,0.0,1996.0,4222.0,Authorhouse,116.0,0,Mark Weston,,0.71,
1797,Mr. Popper's Penguins,80656819.79501507,274763695.07010806,2011.0,110945.0,"Little, Brown and Company",139.0,61150,Richard Atwater,0.794,0.6,194106875.275093
1798,The Promise,,0.0,1979.0,901.0,Anchor Books,368.0,12132,Chaim Potok,0.8300000000000001,0.64,
1799,The Promise,,0.0,1979.0,901.0,Moyer Bell and its subsidiaries,256.0,375,Pearl S. Buck,0.8019999999999999,0.64,
1800,Love,,0.0,1971.0,2361.0,Miramax Books,43.0,1464,Pablo Neruda,0.892,0.78,
1801,Love,,0.0,1971.0,2361.0,Vintage Classics,122.0,1130,Angela Carter,0.738,0.78,
1802,Streets of Laredo,,0.0,1995.0,2538.0,Simon  Schuster,547.0,12131,Larry McMurtry,0.788,0.72,
1803,Snow Flower and the Secret Fan,196516.6752114726,1953700.2853151404,2011.0,4134.0,Random House,269.0,332046,Lisa See,0.8140000000000001,0.61,1757183.6101036677
1804,Exodus,,0.0,2007.0,847.0,"Bantam Books, Inc.",608.0,88982,Leon Uris,0.868,0.64,
1805,Comanche Moon,,0.0,2008.0,3503.0,Simon & Schuster,752.0,11109,Larry McMurtry,0.806,0.71,
1806,The Winner,,0.0,1979.0,0.0,Pan,565.0,39504,David Baldacci,0.8160000000000001,,
1807,Forbidden,,0.0,1932.0,2299.0,Severn House Publishers,400.0,3295,Elizabeth Lowell,0.788,0.6900000000000001,
1808,Tender Is the Night,,0.0,1962.0,999.0,Penguin Classics,400.0,106728,F. Scott Fitzgerald,0.764,0.6,
1809,Tender Is the Night,,0.0,1962.0,999.0,Scribner,315.0,106776,F. Scott Fitzgerald,0.764,0.6,
1810,The Living and the Dead,,0.0,2006.0,2529.0,Random House Value Publishing,,166,Paul Hendrickson,0.8019999999999999,0.58,
1811,Anima Mundi,,0.0,1992.0,1435.0,Grand Caractère,257.0,641,Susanna Tamaro,0.6980000000000001,0.75,
1812,Suzanne's Diary for Nicholas,,0.0,2005.0,1224.0,Vision,289.0,136905,James Patterson,0.834,0.63,
1813,Suzanne's Diary for Nicholas,,0.0,2005.0,1224.0,Warner Books (NY),289.0,136905,James Patterson,0.834,0.63,
1814,Fatherland,,0.0,1994.0,6594.0,HarperTorch,380.0,33284,Robert   Harris,0.796,0.64,
1815,The Old Man and the Sea,,0.0,1990.0,1854.0,Simon  Schuster Audio,3.0,779615,Ernest Hemingway,0.754,0.67,
1816,The Old Man and the Sea,,0.0,1990.0,1854.0,Heinemann Library,92.0,782720,Ernest Hemingway,0.754,0.67,
1817,Richard III,,0.0,1912.0,345.0,"Oxford University Press, USA",414.0,41998,William Shakespeare,0.786,0.5700000000000001,
1818,Les Misérables,,0.0,1934.0,2157.0,Signet Classics,1463.0,641220,Victor Hugo,0.834,0.8300000000000001,
1819,Ceremony,,33214.13300963731,2010.0,4590.0,Penguin Books,244.0,17043,Leslie Marmon Silko,0.754,0.54,
1820,Sleeping Beauty,14664876.326366376,0.0,2011.0,35997.0,Hartorch,400.0,3187,Phillip Margolin,0.784,0.53,-14664876.326366376
1821,The House of the Seven Gables,,0.0,1940.0,1668.0,W. W. Norton & Company,225.0,33701,Nathaniel Hawthorne,0.6900000000000001,0.7,
1822,The Perfume of the Lady in Black,,0.0,1974.0,3359.0,Dedalus Limited,252.0,951,Gaston Leroux,0.708,0.65,
1823,Northanger Abbey,,0.0,2007.0,17050.0,Cambridge University Press,354.0,287488,Jane Austen,0.764,0.72,
1824,Northanger Abbey,,0.0,2007.0,17050.0,Oxford University Press,508.0,288216,Jane Austen,0.764,0.72,
1825,Loser Takes All,,0.0,2002.0,1468.0,Penguin Classics,128.0,966,Graham Greene,0.6839999999999999,0.67,
1826,Tinker Tailor Soldier Spy,43994628.97909913,0.0,2011.0,223003.0,Pan Macmillan,317.0,65942,John le Carré,0.8099999999999999,0.7,-43994628.97909913
1827,Sherlock Holmes,1491429.4121974546,0.0,2010.0,2238.0,Pocket Essentials,78.0,28,Mark Campbell,0.772,0.33999999999999997,-1491429.4121974546
1828,Main Street,14914294.121974545,0.0,2010.0,3159.0,Barnes  Noble Classics,560.0,23439,Sinclair Lewis,0.754,0.48,-14914294.121974545
1829,Zaat,,0.0,1971.0,5423.0,American University in Cairo Press,349.0,4922,Sonallah Ibrahim,0.71,0.22000000000000003,
1830,First Love,,0.0,1939.0,831.0,Melville House Publishing,124.0,9149,Ivan Turgenev,0.758,0.7,
1831,The Presence,,0.0,2010.0,3708.0,Ballantine Books,432.0,3092,John Saul,0.752,0.44000000000000006,
1832,Hell,,0.0,2011.0,12673.0,Turtle Point Press,255.0,1639,Henri Barbusse,0.738,0.58,
1833,Snow,,0.0,2008.0,1206.0,Random House,72.0,4470,Roy McKie,0.8320000000000001,0.7,
1834,The Last Days of Pompeii,,0.0,1913.0,664.0,Borgo Press,360.0,1824,Edward Bulwer-Lytton,0.72,0.61,
1835,We Need to Talk About Kevin,10265413.428456465,8856033.757209962,2011.0,177781.0,Harper Perennial,400.0,149578,Lionel Shriver,0.8160000000000001,0.74,-1409379.6712465025
1836,The Three Musketeers,109986572.44774784,193978894.8993928,2011.0,114828.0,Viking,704.0,262810,Alexandre Dumas,0.8140000000000001,0.5700000000000001,83992322.45164497
1837,Brighton Rock,,0.0,2010.0,6934.0,Vintage,269.0,23954,Graham Greene,0.746,0.5700000000000001,
1838,Shame,9532169.612138145,25947555.56339205,2011.0,214308.0,Vintage,287.0,10791,Salman Rushdie,0.764,0.72,16415385.951253906
1839,Batman: Year One,,0.0,2011.0,40102.0,DC Comics,144.0,198646,Frank Miller,0.844,0.73,
1840,Hamlet,,0.0,1969.0,937.0,Cambridge University Press,289.0,695817,William Shakespeare,0.8039999999999999,0.7,
1841,Hamlet,,0.0,1969.0,937.0,Dover Publications,128.0,698155,William Shakespeare,0.8039999999999999,0.7,
1842,The Double,24930289.75482284,5420478.515355784,2011.0,32405.0,Houghton Mifflin Harcourt,324.0,13939,José Saramago,0.78,0.5900000000000001,-19509811.239467055
1843,The Double,24930289.75482284,5420478.515355784,2011.0,32405.0,Mariner Books,324.0,13993,José Saramago,0.78,0.5900000000000001,-19509811.239467055
1844,Rage,,0.0,2009.0,1166.0,Not Avail,896.0,4581,Wilbur Smith,0.8160000000000001,0.47000000000000003,
1845,Wuthering Heights,11731901.0610931,147990.5994475263,2011.0,11661.0,Running Press Book Publishers,248.0,1270598,Emily Brontë,0.77,0.6,-11583910.461645573
1846,Wuthering Heights,11731901.0610931,147990.5994475263,2011.0,11661.0,Penguin Books,335.0,1275195,Emily Brontë,0.77,0.6,-11583910.461645573
1847,The River Why,,0.0,2010.0,4076.0,Bantam Books,304.0,9726,David James Duncan,0.8460000000000001,0.55,
1848,Bluebeard,,0.0,1963.0,1324.0,Mariner Books,144.0,440,Max Frisch,0.722,0.64,
1849,The Rum Diary,65991943.46864869,35195703.183279306,2011.0,109679.0,Bloomsbury Publishing,213.0,51734,Hunter S. Thompson,0.764,0.61,-30796240.28536938
1850,Three Days,,0.0,2008.0,2456.0,Puffin Books,160.0,900,Donna Jo Napoli,0.712,0.5900000000000001,
1851,The Tree,,0.0,2010.0,4798.0,Ecco Press,91.0,1000,John Fowles,0.746,0.65,
1852,Extremely Loud & Incredibly Close,58659505.30546551,81020334.21588068,2011.0,107245.0,Mariner Books,326.0,370068,Jonathan Safran Foer,0.796,0.6900000000000001,22360828.910415165
1853,Asterix and the Vikings,,0.0,2006.0,13375.0,Asterix,136.0,955,René Goscinny,0.8220000000000001,0.6,
1854,Angel,,0.0,1982.0,1048.0,HarperCollins Publishers,495.0,1029,Barbara Taylor Bradford,0.73,0.63,
1855,The Suspect,,0.0,1944.0,3842.0,Dutton,390.0,2658,John Lescroart,0.77,0.73,
1856,A Midsummer Night's Dream,,0.0,1968.0,988.0,Signet Book,162.0,428449,William Shakespeare,0.788,0.65,
1857,The Cost of Living,,0.0,2003.0,687.0,Modern Library,144.0,1124,Arundhati Roy,0.8119999999999999,0.6,
1858,Texas,,0.0,1941.0,1528.0,Dial Press Trade Paperback,1472.0,16610,James A. Michener,0.818,0.67,
1859,All Night Long,,0.0,1962.0,1810.0,G.P. Putnam's Sons,416.0,8263,Jayne Ann Krentz,0.792,0.71,
1860,Faust,,0.0,2011.0,5972.0,W.W. Norton & Company,752.0,29391,Johann Wolfgang von Goethe,0.792,0.65,
1861,Faust,,0.0,2011.0,5972.0,Hesperus Press,92.0,343,Ivan Turgenev,0.766,0.65,
1862,The Sound and the Fury,,0.0,1959.0,1088.0,Modern Library,368.0,154239,William Faulkner,0.772,0.62,
1863,The Nun,,0.0,2005.0,3684.0,"Oxford University Press, USA",189.0,5249,Denis Diderot,0.742,0.41,
1864,Jenny,,0.0,1936.0,304.0,Steerforth,330.0,652,Sigrid Undset,0.76,0.65,
1865,The Woman in Black,24202104.96747746,181844275.30853835,2012.0,198334.0,David R. Godine Publisher,138.0,45109,Susan Hill,0.744,0.64,157642170.34106088
1866,The Woman in Black,24202104.96747746,181844275.30853835,2012.0,198334.0,Harlequin Intrigue,250.0,8,Jenna Ryan,0.776,0.64,157642170.34106088
1867,The Monk,16131363.959003014,1184240.0904212273,2011.0,4253.0,Penguin Classics,431.0,21462,Matthew Gregory Lewis,0.76,0.58,-14947123.868581787
1868,A Doll's House,,0.0,1973.0,1471.0,"Samuel French, Inc.",104.0,100897,Henrik Ibsen,0.744,0.64,
1869,The Vow,42709597.00143081,279199141.69362974,2012.0,211597.0,Pocket Books,368.0,408,Linda Lael Miller,0.796,0.6799999999999999,236489544.69219893
1870,Silence,,0.0,1971.0,1266.0,Taplinger Publishing Company,219.0,22967,Shūsaku Endō,0.8160000000000001,0.71,
1871,The Pearl,,0.0,1947.0,1215.0,Penguin Books,96.0,180853,John Steinbeck,0.6940000000000001,0.74,
1872,The Three Musketeers,,0.0,1939.0,721.0,Viking,704.0,262810,Alexandre Dumas,0.8140000000000001,0.5900000000000001,
1873,The Dead,,0.0,2010.0,9916.0,Melville House Publishing,64.0,15273,James Joyce,0.8099999999999999,0.5700000000000001,
1874,Territorio comanche,,0.0,1997.0,408.0,"Círculo de Lectores, S.A.",128.0,1932,Arturo Pérez-Reverte,0.77,0.64,
1875,The Civil War,,0.0,1990.0,22679.0,Penguin Classics,368.0,5715,Gaius Julius Caesar,0.8119999999999999,0.9,
1876,Freedom,,0.0,2000.0,380.0,,72.0,5,Michael W.  Smith,0.76,0.7,
1877,The Prince and the Pauper,,0.0,1990.0,4339.0,Digital Scanning,420.0,104296,Mark Twain,0.77,0.71,
1878,Gone,,25768392.594657697,2012.0,47740.0,Fiction Collective 2,258.0,10,Elisabeth Sheffield,0.8400000000000001,0.5900000000000001,
1879,The Lorax,99655726.33667187,496627643.8070592,2012.0,140201.0,Random House Books for Young Readers,72.0,268543,Dr. Seuss,0.8699999999999999,0.64,396971917.47038734
1880,Don Quixote,,0.0,1933.0,413.0,Ecco,940.0,197128,Miguel de Cervantes Saavedra,0.774,0.64,
1881,Don Quixote,,0.0,1933.0,413.0,Tantor Media,,197715,Miguel de Cervantes Saavedra,0.774,0.64,
1882,The Dark Side of the Sun,,0.0,1988.0,3903.0,Ulverscroft,5.0,8506,Terry Pratchett,0.716,0.53,
1883,The Awakening,7036552.285984257,307516.59061337233,2011.0,71374.0,Women's Press (UK),224.0,165791,Kate Chopin,0.73,0.65,-6729035.695370885
1884,Lucky,,0.0,2011.0,3760.0,Hachette Book Group,243.0,89365,Alice Sebold,0.756,0.53,
1885,Nothing Lasts Forever,,0.0,1984.0,1032.0,Grand Central,384.0,28785,Sidney Sheldon,0.768,0.62,
1886,The Runner,,0.0,1984.0,2757.0,Yearling,96.0,34,Keith Gray,0.7,0.76,
1887,The Frankenstein Syndrome,,0.0,2010.0,1099.0,Cambridge University Press,256.0,13,Bernard E. Rollin,0.754,0.48,
1888,The Ghost,,0.0,1963.0,1612.0,Dell,420.0,7675,Danielle Steel,0.776,0.61,
1889,Frankenstein,,0.0,1910.0,5151.0,"Oxford University Press, USA",224.0,1106777,Mary Wollstonecraft Shelley,0.76,0.64,
1890,Frankenstein,,0.0,1910.0,5151.0,Dover Publications,166.0,1110135,Mary Wollstonecraft Shelley,0.76,0.64,
1891,Genesis,,0.0,1998.0,1911.0,Picador,256.0,230,Jim Crace,0.6,0.7,
1892,After,,0.0,2009.0,648.0,HarperTeen,352.0,1876,Francine Prose,0.6980000000000001,0.55,
1893,Wild About Harry,,0.0,2000.0,569.0,HarperCollins,257.0,157,Colin Bateman,0.736,0.6,
1894,Mirror Mirror,121010524.8373873,260554910.61391664,2012.0,94304.0,Regan Books,280.0,29307,Gregory Maguire,0.6559999999999999,0.5599999999999999,139544385.77652934
1895,The Second Time Around,,0.0,1961.0,976.0,Pocket Books,373.0,8566,Mary Higgins Clark,0.75,0.65,
1896,Elsewhere,765260.7191895552,0.0,2009.0,3614.0,"Farrar, Straus and Giroux (BYR)",275.0,48245,Gabrielle Zevin,0.782,0.53,-765260.7191895552
1897,The Scarlet Letter,,0.0,1979.0,422.0,Penguin Books,279.0,678359,Nathaniel Hawthorne,0.6799999999999999,0.62,
1898,The Scarlet Letter,,0.0,1979.0,422.0,W. W. Norton & Company,439.0,679902,Nathaniel Hawthorne,0.6799999999999999,0.62,
1899,Hamlet,,0.0,2009.0,3989.0,Cambridge University Press,289.0,695817,William Shakespeare,0.8039999999999999,0.8,
1900,Hamlet,,0.0,2009.0,3989.0,Dover Publications,128.0,698155,William Shakespeare,0.8039999999999999,0.8,
1901,Red Dog,,0.0,2011.0,20632.0,Vintage,119.0,3283,Louis de Bernières,0.758,0.73,
1902,The Clown,,0.0,2011.0,5946.0,Penguin Classics,272.0,20282,Heinrich Böll,0.8,0.72,
1903,Creature,4399462.897909913,0.0,2011.0,3162.0,Bantam,416.0,10324,John Saul,0.768,0.37,-4399462.897909913
1904,Zig Zag,,0.0,1970.0,440.0,Rayo,512.0,1464,José Carlos Somoza,0.75,0.61,
1905,Gifted Hands: The Ben Carson Story,,0.0,2009.0,19792.0,Zondervan,224.0,14849,Ben Carson,0.842,0.74,
1906,Galileo,,0.0,1975.0,792.0,Grove Press,155.0,9167,Bertolt Brecht,0.746,0.65,
1907,Chicken with Plums,17597851.591639653,2094571.087306216,2011.0,10273.0,Pantheon Books,84.0,10985,Marjane Satrapi,0.772,0.7,-15503280.504333436
1908,The Pact,,0.0,2012.0,26203.0,Avon,512.0,264250,Jodi Picoult,0.8019999999999999,0.5700000000000001,
1909,Bernie,7118266.166905135,13106820.783525424,2012.0,66470.0,Authorhouse,116.0,0,Mark Weston,,0.6799999999999999,5988554.616620289
1910,The Keeper,15305214.383791104,0.0,2009.0,5169.0,Starfire,192.0,21,Phyllis Reynolds Naylor,0.82,0.5,-15305214.383791104
1911,Salomé,,0.0,1972.0,487.0,Dover Publications,64.0,11154,Oscar Wilde,0.738,0.6599999999999999,
1912,Cosmopolis,29184891.28431105,8632401.105186926,2012.0,51759.0,Scribner,224.0,14391,Don DeLillo,0.644,0.51,-20552490.179124124
1913,Kidnapped,,0.0,2010.0,8957.0,Atheneum Books for Young Readers,64.0,56495,Robert Louis Stevenson,0.758,0.64,
1914,Kidnapped,,0.0,2010.0,8957.0,ACC Distribution,208.0,56574,Robert Louis Stevenson,0.758,0.64,
1915,Proteus,,0.0,2003.0,731.0,William Heinemann Ltd,5.0,283,Morris L. West,0.756,0.64,
1916,Ted,71182661.66905135,782109977.9668366,2012.0,696906.0,Simon  Schuster Books for Young Readers,40.0,361,Tony DiTerlizzi,0.836,0.6900000000000001,710927316.2977853
1917,On the Road,35591330.834525675,12505822.723747157,2012.0,44441.0,Penguin Books,605.0,330601,Jack Kerouac,0.724,0.6,-23085508.110778518
1918,People Like Us,22778451.73409643,17702811.90607526,2012.0,44835.0,Ballantine Books,464.0,1770,Dominick Dunne,0.778,0.7,-5075639.828021169
1919,Savages,64064395.50214621,118115030.55598176,2012.0,137785.0,Random House Value Publishing,,671,Joe Kane,0.8119999999999999,0.64,54050635.05383555
1920,The War,,0.0,2007.0,5993.0,The New Press,192.0,2144,Marguerite Duras,0.77,0.9,
1921,The Firm,,0.0,2009.0,6828.0,Addison Wesley Publishing Company,76.0,545180,Robin Waterfield,0.8039999999999999,0.58,
1922,The Firm,,0.0,2009.0,6828.0,Random House Audio,2.0,35450,John Grisham,0.8119999999999999,0.58,
1923,Treasure Island,,0.0,2012.0,6487.0,Kingfisher,311.0,380722,Robert Louis Stevenson,0.766,0.62,
1924,Treasure Island,,0.0,2012.0,6487.0,Running Press Kids,48.0,381855,Robert Louis Stevenson,0.766,0.62,
1925,From Beginning to End,,0.0,2009.0,8935.0,Ballantine Books,304.0,1009,Robert Fulghum,0.8019999999999999,0.6599999999999999,
1926,The Cat in the Hat,,0.0,1971.0,2311.0,Random House Books for Young Readers,61.0,398469,Dr. Seuss,0.834,0.72,
1927,A Child's Christmas in Wales,,0.0,1987.0,699.0,David R. Godine Publisher,43.0,5213,Dylan Thomas,0.8300000000000001,0.77,
1928,A Christmas Carol,,0.0,1999.0,11774.0,Bethany House Publishers,104.0,574810,Charles Dickens,0.8099999999999999,0.74,
1929,Rage,,0.0,2009.0,1215.0,Not Avail,896.0,4581,Wilbur Smith,0.8160000000000001,0.63,
1930,Total Recall,177956654.17262837,283025215.4529542,2012.0,274273.0,Avon Books,278.0,8412,Piers Anthony,0.786,0.62,105068561.2803258
1931,Oranges,,0.0,2004.0,888.0,Penguin,160.0,2319,John McPhee,0.8140000000000001,0.6900000000000001,
1932,Beloved,13166184.625317035,0.0,2011.0,2651.0,Vintage,324.0,305047,Toni Morrison,0.768,0.61,-13166184.625317035
1933,Little Birds,,0.0,2011.0,5402.0,Mariner Books,148.0,9398,Anaïs Nin,0.744,0.61,
1934,In Custody,,0.0,1994.0,416.0,Penguin Books Ltd,204.0,1275,Anita Desai,0.6679999999999999,0.71,
1935,The Family Tree,,0.0,2011.0,2137.0,Harper Voyager,496.0,2852,Sheri S. Tepper,0.8019999999999999,0.54,
1936,The Wave,,0.0,1981.0,3565.0,Grand Central Publishing,240.0,934,Walter Mosley,0.654,0.71,
1937,The Words,8541919.400286162,18837012.23500496,2012.0,83856.0,Vintage,256.0,6315,Jean-Paul Sartre,0.756,0.7,10295092.8347188
1938,The Master,45556903.46819286,40229678.48807506,2012.0,197117.0,Scribner,339.0,8608,Colm Tóibín,0.766,0.71,-5327224.980117798
1939,The Paperboy,17795665.417262837,1927438.5557711043,2012.0,41418.0,Delta,336.0,3039,Pete Dexter,0.72,0.5700000000000001,-15868226.861491732
1940,The Crush,,0.0,1967.0,266.0,Coronet Books,480.0,11675,Sandra Brown,0.782,0.75,
1941,Despair,,0.0,1978.0,2913.0,Penguin Classics,163.0,7359,Vladimir Nabokov,0.784,0.6900000000000001,
1942,Presumed Guilty,10214931.05819058,0.0,2011.0,2125.0,Zondervan,316.0,842,James Scott Bell,0.806,0.73,-10214931.05819058
1943,The Painted Veil,,0.0,1934.0,1847.0,Vintage,246.0,34074,W. Somerset Maugham,0.786,0.65,
1944,A Safe Place,,0.0,1971.0,1440.0,Arrow,301.0,682,Lorenzo Carcaterra,0.774,0.49000000000000005,
1945,Mother,,0.0,1992.0,2113.0,Citadel Press,406.0,11684,Maxim Gorky,0.786,0.6900000000000001,
1946,Mother,,0.0,1992.0,2113.0,Echo Library,285.0,11707,Maxim Gorky,0.786,0.6900000000000001,
1947,Passion Play,11931435.297579637,0.0,2010.0,9090.0,Grove Press,288.0,442,Jerzy Kosiński,0.704,0.45,-11931435.297579637
1948,Fat Kid Rules The World,,0.0,2012.0,3442.0,Speak,224.0,8078,K.L. Going,0.758,0.64,
1949,King Leopold's Ghost,,0.0,2006.0,432.0,Mariner Books,384.0,38045,Adam Hochschild,0.8300000000000001,0.75,
1950,Cloud Atlas,145212629.80486476,185762356.92902973,2012.0,383762.0,Sceptre,529.0,205331,David Mitchell,0.8039999999999999,0.74,40549727.12416497
1951,Flight,44133250.23481184,230307764.740478,2012.0,392315.0,Grove Atlantic Black Cat,181.0,14961,Sherman Alexie,0.778,0.73,186174514.50566617
1952,Anna Karenina,,98131207.27170582,2012.0,111067.0,Penguin Classics,838.0,631550,Leo Tolstoy,0.8099999999999999,0.6599999999999999,
1953,Life of Pi,170838388.00572324,867028401.9448564,2012.0,692142.0,Mariner Books / Harvest Books,401.0,1279597,Yann Martel,0.782,0.79,696190013.9391332
1954,Mother Knows Best,,0.0,1997.0,746.0,Simon & Schuster,64.0,91,Sarah Willson,0.852,0.65,
1955,The Age of Innocence,,0.0,1934.0,584.0,W. W. Norton & Company,544.0,134858,Edith Wharton,0.79,0.62,
1956,The Lady,,5513380.506883316,2011.0,11579.0,Ballantine Books,384.0,1837,Anne McCaffrey,0.768,0.7,
1957,Lincoln,92537460.16976675,391922410.2211181,2012.0,281786.0,Vintage,672.0,8059,Gore Vidal,0.842,0.73,299384950.0513513
1958,Babbitt,,0.0,1934.0,363.0,Dover Publications,320.0,20748,Sinclair Lewis,0.732,0.6,
1959,The Caine Mutiny Court-Martial,,0.0,1988.0,821.0,Doubleday Books,120.0,321,Herman Wouk,0.8240000000000001,0.6799999999999999,
1960,The Moth Diaries,,5628.379534059415,2011.0,7113.0,Faber & Faber Limited,245.0,2485,Rachel Klein,0.7,0.49000000000000005,
1961,The Confession,,0.0,1999.0,2947.0,William Morrow,384.0,211,James E. McGreevey,0.674,0.6,
1962,Cry Wolf,,0.0,1947.0,2193.0,St. Martin's Paperbacks,400.0,2932,Wilbur Smith,0.78,0.6599999999999999,
1963,Rebecca of Sunnybrook Farm,,0.0,1938.0,2046.0,IndyPublish.com,212.0,32599,Kate Douglas Wiggin,0.774,0.7,
1964,Mark Twain,,0.0,2002.0,1202.0,Free Press,736.0,1504,Ron Powers,0.8119999999999999,0.8300000000000001,
1965,Mark Twain,,0.0,2002.0,1202.0,Knopf Publishing Group,288.0,421,Geoffrey C. Ward,0.8320000000000001,0.8300000000000001,
1966,DMT: The Spirit Molecule,,0.0,2010.0,4941.0,Park Street Press,363.0,6824,Rick Strassman,0.8380000000000001,0.71,
1967,The Tempest,,0.0,1980.0,353.0,Cambridge University Press,180.0,163832,William Shakespeare,0.762,0.6799999999999999,
1968,The Tempest,,0.0,1980.0,353.0,Brimax Books,18.0,183,John Escott,0.744,0.6799999999999999,
1969,Brooklyn Bridge,,0.0,1982.0,1137.0,Atheneum Books for Young Readers,40.0,87,Lynn Curlee,0.772,0.75,
1970,Jude the Obscure,,0.0,1971.0,139.0,Dover Publications,310.0,59024,Thomas Hardy,0.764,0.76,
1971,Jude the Obscure,,0.0,1971.0,139.0,W. W. Norton & Company,468.0,59132,Thomas Hardy,0.764,0.76,
1972,Fever,,0.0,1991.0,294.0,Berkley Books,352.0,8118,Robin Cook,0.754,0.53,
1973,Kathleen,,0.0,1941.0,550.0,Jove,352.0,43,Francine Rivers,0.768,0.62,
1974,Memory,,0.0,2006.0,2053.0,,288.0,259,Margaret Mahy,0.734,0.52,
1975,Jazz,,0.0,2001.0,2665.0,Alfred A. Knopf,229.0,21639,Toni Morrison,0.764,0.86,
1976,The Master,,18989581.601272594,1992.0,3164.0,Scribner,339.0,8608,Colm Tóibín,0.766,0.5700000000000001,
1977,The Red Shoes,,0.0,2006.0,3309.0,Harper Perennial,359.0,54,Rosemary Sullivan,0.782,0.5700000000000001,
1978,Bluebeard,,0.0,1972.0,1801.0,Mariner Books,144.0,440,Max Frisch,0.722,0.5599999999999999,
1979,Les Misérables,86842847.23624265,628983907.5998279,2012.0,358116.0,Signet Classics,1463.0,641220,Victor Hugo,0.834,0.75,542141060.3635852
1980,Silent Night,,20738.35665066142,2012.0,10154.0,Golden Press,14.0,3,Ann Schweninger,0.6,0.52,
1981,The Turn of the Screw,,0.0,2009.0,1855.0,Wildside Press,172.0,91563,Henry James,0.686,0.54,
1982,The Willow Tree,,0.0,2005.0,4686.0,Marion Boyars Publishers Ltd,250.0,669,Hubert Selby Jr.,0.788,0.73,
1983,Born to Be Wild,,11339358.98402709,2011.0,3200.0,Jove,354.0,2785,Catherine Coulter,0.756,0.75,
1984,The Collection,,9740717.994680522,2012.0,57090.0,DH Publishing,192.0,38,Hideshi Hino,0.752,0.61,
1985,Les Misérables,,0.0,2000.0,4693.0,Signet Classics,1463.0,641220,Victor Hugo,0.834,0.76,
1986,Les Misérables,,0.0,1958.0,1942.0,Signet Classics,1463.0,641220,Victor Hugo,0.834,0.74,
1987,The Man Who Laughs,,0.0,2012.0,1501.0,Norilana Books,672.0,9324,Victor Hugo,0.8460000000000001,0.6,
1988,Mein Kampf,,0.0,2009.0,835.0,Houghton Mifflin Company,384.0,31130,Adolf Hitler,0.632,0.5,
1989,The Unloved,,0.0,2009.0,1348.0,Severn House Publishers,368.0,4092,John Saul,0.772,0.6799999999999999,
1990,Renoir,,3265572.939422933,2012.0,6168.0,Sourcebooks,144.0,13,Paul  Joannides,0.8460000000000001,0.65,
1991,Double Indemnity,,0.0,1973.0,645.0,Vintage Crime/Black Lizard,115.0,18090,James M. Cain,0.8220000000000001,0.45999999999999996,
1992,Madagascar,,0.0,2011.0,2393.0,Aperture,143.0,7,Frans Lanting,0.828,0.85,
1993,Day and Night,,0.0,1997.0,1221.0,Meredith Corporation,32.0,0,Better Homes and Gardens,,0.19,
1994,The Last Godfather,19985154.12344589,24906871.18369749,2010.0,1358.0,Citadel,328.0,396,Anthony M. DeStefano,0.754,0.35,4921717.060251597
1995,Side Effects,42002253.11745994,88726619.34217604,2013.0,203061.0,Roaring Brook Press,144.0,961,Amy Goldman Koss,0.774,0.71,46724366.2247161
1996,Midnight's Children,,1258651.823632166,2012.0,3461.0,Picador,463.0,100685,Salman Rushdie,0.796,0.62,
1997,Death of a Salesman,,0.0,1966.0,741.0,Viking Books,139.0,175487,Arthur  Miller,0.704,0.78,
1998,Zig Zag,,0.0,2002.0,1659.0,Rayo,512.0,1464,José Carlos Somoza,0.75,0.5900000000000001,
1999,The Legend of Sleepy Hollow,,0.0,1949.0,6331.0,Wildside Press,108.0,46297,Washington Irving,0.746,0.77,
2000,The Inheritance,,0.0,1962.0,1213.0,Penguin Books,177.0,4962,Louisa May Alcott,0.728,0.74,
2001,Genghis Khan,,0.0,1965.0,2717.0,Cooper Square Publishers,256.0,95,R.P. Lister,0.736,0.58,
2002,Leviathan,,0.0,2012.0,3934.0,Penguin Books,275.0,14561,Paul Auster,0.792,0.65,
2003,Leviathan,,0.0,2012.0,3934.0,Penguin Books,736.0,36037,Thomas Hobbes,0.74,0.65,
2004,The Glass Menagerie,,0.0,1950.0,1345.0,New Directions,104.0,108303,Tennessee Williams,0.74,0.7,
2005,The Great Gatsby,,0.0,1949.0,1011.0,Wordsworth Editions Ltd,122.0,3577073,F. Scott Fitzgerald,0.784,0.65,
2006,The Great Gatsby,,0.0,1949.0,1011.0,Cambridge University Press,276.0,3589597,F. Scott Fitzgerald,0.784,0.65,
2007,The Crossing,,0.0,2000.0,2353.0,Scholastic Paperbacks,128.0,1031,Gary Paulsen,0.724,0.71,
2008,The Wayward Bus,,0.0,1957.0,1240.0,Penguin Classics,261.0,8665,John Steinbeck,0.77,0.65,
2009,Abraham Lincoln,,0.0,1930.0,1841.0,Children's Press(CT),31.0,20,Wil Mara,0.73,0.5700000000000001,
2010,Riders of the Purple Sage,,0.0,1996.0,1010.0,Forge Books,320.0,9634,Zane Grey,0.742,0.63,
2011,Company,,0.0,2011.0,1542.0,Vintage,338.0,5779,Max Barry,0.748,0.77,
2012,The Host,61603304.57227457,88662837.52074206,2013.0,120987.0,Spectra,358.0,83,Peter Emshwiller,0.78,0.58,27059532.948467486
2013,The Best and the Brightest,,0.0,2010.0,1511.0,Modern Library,816.0,9809,David Halberstam,0.8560000000000001,0.48,
2014,The Mountain,,0.0,1956.0,2423.0,Corgi,384.0,85,Elvi Rhodes,0.866,0.6799999999999999,
2015,Oblivion,168009012.46983975,400657493.180202,2013.0,578640.0,Back Bay Books,329.0,11928,David Foster Wallace,0.8140000000000001,0.7,232648480.71036226
2016,Bernice Bobs Her Hair,,0.0,1976.0,670.0,Kessinger Publishing,48.0,2861,F. Scott Fitzgerald,0.796,0.6900000000000001,
2017,The Taming of the Shrew,,0.0,1980.0,432.0,Simon  Schuster,291.0,149403,William Shakespeare,0.76,0.71,
2018,The Taming of the Shrew,,0.0,1980.0,432.0,BBC Audiobooks,2.0,149541,William Shakespeare,0.76,0.71,
2019,Always in My Heart,,0.0,1942.0,553.0,Signet,420.0,1631,Catherine Anderson,0.806,0.62,
2020,Revolution,,0.0,2013.0,472.0,Tyndale House Publishers,143.0,687,George Barna,0.734,0.73,
2021,"20,000 Leagues Under the Sea",,0.0,1997.0,1759.0,IndyPublish,440.0,186838,Jules Verne,0.776,0.5700000000000001,
2022,"20,000 Leagues Under the Sea",,0.0,1997.0,1759.0,Evans Brothers,48.0,728,Pauline Francis,0.752,0.5700000000000001,
2023,Chariots of the Gods,,213.96306068601584,1970.0,1845.0,Berkley,220.0,12290,Erich von Däniken,0.7,0.62,
2024,The Tenth Man,,0.0,1988.0,2254.0,Washington Square Press,160.0,3559,Graham Greene,0.746,0.6900000000000001,
2025,The Scapegoat,,0.0,2012.0,5706.0,University of Pennsylvania Press,348.0,5985,Daphne du Maurier,0.794,0.72,
2026,Empire,,0.0,1964.0,1524.0,Tor Books,352.0,9255,Orson Scott Card,0.686,0.37,
2027,Empire,,0.0,1964.0,1524.0,Vintage,496.0,1973,Gore Vidal,0.77,0.37,
2028,Syrup,8400450.623491988,0.0,2013.0,12757.0,New York : Penguin Books,304.0,5275,Max Barry,0.776,0.55,-8400450.623491988
2029,The Woman in the Fifth,,0.0,2011.0,7380.0,Hutchinson,432.0,3053,Douglas Kennedy,0.658,0.53,
2030,The Great Gatsby,147007885.91110978,491482951.1099064,2013.0,631355.0,Wordsworth Editions Ltd,122.0,3577073,F. Scott Fitzgerald,0.784,0.72,344475065.19879663
2031,The Great Gatsby,147007885.91110978,491482951.1099064,2013.0,631355.0,Cambridge University Press,276.0,3589597,F. Scott Fitzgerald,0.784,0.72,344475065.19879663
2032,Bliss,,0.0,2007.0,7972.0,Leisure Books,394.0,2254,Lynsay Sands,0.794,0.75,
2033,As You Like It,,0.0,1978.0,372.0,Applause Theatre & Cinema Book Publishers,114.0,69587,William Shakespeare,0.766,0.71,
2034,Players,,0.0,2012.0,5409.0,Vintage,224.0,1546,Don DeLillo,0.6559999999999999,0.44000000000000006,
2035,The Merchant of Venice,,0.0,1980.0,325.0,Signet Classics,272.0,153076,William Shakespeare,0.76,0.72,
2036,Hiroshima,,0.0,2005.0,1951.0,Scholastic Paperbacks,64.0,778,Laurence Yep,0.736,0.78,
2037,An Ideal Husband,,0.0,1947.0,897.0,Dover Publications,78.0,35316,Oscar Wilde,0.808,0.65,
2038,An Ideal Husband,,0.0,1947.0,897.0,BookSurge Classics,126.0,35391,Oscar Wilde,0.808,0.65,
2039,The Body,,0.0,2012.0,77622.0,Penguin Books,80.0,32410,Stephen King,0.85,0.76,
2040,Much Ado About Nothing,,0.0,2012.0,17365.0,Cambridge University Press,196.0,207100,William Shakespeare,0.8140000000000001,0.7,
2041,Much Ado About Nothing,,0.0,2012.0,17365.0,Signet Classic,166.0,207100,William Shakespeare,0.8140000000000001,0.7,
2042,The Other Family,,0.0,2011.0,920.0,Random House,207.0,8,Jacqueline  Carey,0.6,0.73,
2043,The Reluctant Fundamentalist,,727388.0191126516,2013.0,15060.0,Harcourt,184.0,56303,Mohsin Hamid,0.744,0.6799999999999999,
2044,Hammer of the Gods,,897.4481416097273,2013.0,8383.0,MacMillan,343.0,10904,Stephen Davis,0.77,0.45,
2045,Julius Caesar,,0.0,1979.0,271.0,"Oxford University Press, USA",128.0,161007,William Shakespeare,0.736,0.74,
2046,Eden,,0.0,2012.0,9851.0,Mariner Books,276.0,4249,Stanisław Lem,0.782,0.6599999999999999,
2047,Eden,,0.0,2012.0,9851.0,Houghton Mifflin Harcourt P,262.0,4262,Stanisław Lem,0.782,0.6599999999999999,
2048,The Tempest,,0.0,1980.0,353.0,Cambridge University Press,180.0,163832,William Shakespeare,0.762,0.6799999999999999,
2049,The Tempest,,0.0,1980.0,353.0,Brimax Books,18.0,183,John Escott,0.744,0.6799999999999999,
2050,Macbeth,,0.0,1983.0,416.0,Simon  Schuster,249.0,641361,William Shakespeare,0.78,0.6900000000000001,
2051,American Samurai,,0.0,1992.0,2271.0,Grand Central Publishing,352.0,9,William Lareau,0.778,0.5,
2052,Hamlet,,0.0,1980.0,680.0,Cambridge University Press,289.0,695817,William Shakespeare,0.8039999999999999,0.8,
2053,Hamlet,,0.0,1980.0,680.0,Dover Publications,128.0,698155,William Shakespeare,0.8039999999999999,0.8,
2054,Class Act,,0.0,1992.0,8558.0,Harlequin Superromance,304.0,25,Laura Abbot,0.632,0.61,
2055,Othello,,0.0,1981.0,515.0,Simon  Schuster,314.0,301217,William Shakespeare,0.778,0.71,
2056,Othello,,0.0,1981.0,515.0,Barrons Educational Series,319.0,301924,William Shakespeare,0.778,0.71,
2057,Love,733243.8163183188,0.0,2011.0,9093.0,Miramax Books,43.0,1464,Pablo Neruda,0.892,0.54,-733243.8163183188
2058,Love,733243.8163183188,0.0,2011.0,9093.0,Vintage Classics,122.0,1130,Angela Carter,0.738,0.54,-733243.8163183188
2059,The Last Days,,0.0,2013.0,9493.0,Dalkey Archive Press,250.0,257,Raymond Queneau,0.76,0.61,
2060,The Count of Monte Cristo,,0.0,1998.0,7510.0,Tor Classics,580.0,717363,Alexandre Dumas,0.85,0.78,
2061,The Forsyte Saga,,0.0,1967.0,1204.0,Touchstone,878.0,17911,John Galsworthy,0.8320000000000001,0.8400000000000001,
2062,Burning Bright,,0.0,2012.0,8525.0,Dutton,320.0,12621,Tracy Chevalier,0.6719999999999999,0.58,
2063,Evidence,,0.0,2013.0,8100.0,Steidl Dap,95.0,15,Mona Kuhn,0.8140000000000001,0.53,
2064,Money Matters,,0.0,2011.0,143.0,Westminster John Knox Press,264.0,2,Dean R. Hoge,0.6,0.53,
2065,When Nietzsche Wept,,0.0,2007.0,5143.0,Harper Perennial,310.0,41803,Irvin D. Yalom,0.8640000000000001,0.64,
2066,Gravity,147007885.91110978,1003003590.8970602,2013.0,890246.0,Dover Publications,176.0,194,George Gamow,0.786,0.77,855995704.9859504
2067,Spin,7972197.781131258,0.0,2007.0,1296.0,Tor Books,364.0,33880,Robert Charles Wilson,0.8039999999999999,0.54,-7972197.781131258
2068,The Crimson Petal and the White,,0.0,2011.0,3796.0,Canongate Books,835.0,35480,Michel Faber,0.778,0.75,
2069,Saint Joan,,0.0,1957.0,1389.0,Penguin Classics,160.0,6553,George Bernard Shaw,0.76,0.64,
2070,The Naked Civil Servant,,0.0,1975.0,2060.0,Penguin Classics,212.0,1999,Quentin Crisp,0.8099999999999999,0.78,
2071,The Notebook,,93187.59884150053,2013.0,3339.0,Grand Central Publishing,254.0,1270826,Nicholas Sparks,0.82,0.7,
2072,America The Beautiful,,0.0,2008.0,490.0,Touchstone,304.0,495,Moon Unit Zappa,0.706,0.6799999999999999,
2073,Shake Hands with the Devil,,0.0,1959.0,1687.0,Arrow,563.0,10373,Roméo Dallaire,0.8480000000000001,0.7,
2074,Angel,9530891.283055829,0.0,1984.0,5266.0,HarperCollins Publishers,495.0,1029,Barbara Taylor Bradford,0.73,0.58,-9530891.283055829
2075,Alice's Adventures in Wonderland,19682524.27184466,0.0,1972.0,1968.0,Courage Books,56.0,214824,Lewis Carroll,0.8039999999999999,0.5700000000000001,-19682524.27184466
2076,Alice's Adventures in Wonderland,19682524.27184466,0.0,1972.0,1968.0,Hungry Minds,192.0,216623,Lewis Carroll,0.8039999999999999,0.5700000000000001,-19682524.27184466
2077,Alice's Adventures in Wonderland,19682524.27184466,0.0,1972.0,1968.0,LRS (Library Reproduction Service),140.0,216716,Lewis Carroll,0.8039999999999999,0.5700000000000001,-19682524.27184466
2078,Les Misérables,,0.0,1978.0,2091.0,Signet Classics,1463.0,641220,Victor Hugo,0.834,0.73,
2079,The Wall,,0.0,2012.0,7850.0,Vintage Books,640.0,1867,John Hersey,0.8560000000000001,0.67,
2080,Filth,7000375.519576656,12760654.11691176,2013.0,120784.0,W. W. Norton  Company,393.0,24496,Irvine Welsh,0.746,0.7,5760278.597335104
2081,Filth,7000375.519576656,12760654.11691176,2013.0,120784.0,Jonathan Cape,400.0,24566,Irvine Welsh,0.746,0.7,5760278.597335104
2082,Romeo & Juliet,,1627776.318440601,2013.0,13145.0,Nelson Thornes Ltd,288.0,1976622,William Shakespeare,0.748,0.58,
2083,Baggage Claim,11900638.383280316,31440799.17175057,2013.0,10000.0,Touchstone Books,323.0,290,David E. Talbert,0.6599999999999999,0.51,19540160.788470253
2084,Carrie,42002253.11745994,115358191.33362973,2013.0,154225.0,Pocket Books,253.0,489304,Stephen King,0.792,0.58,73355938.21616979
2085,One Nation Under God,,0.0,1993.0,214.0,Doubleday,519.0,35,James P. Moore Jr.,0.6799999999999999,0.73,
2086,The Double,,276279.68025568663,2014.0,54996.0,Houghton Mifflin Harcourt,324.0,13939,José Saramago,0.78,0.64,
2087,The Double,,276279.68025568663,2014.0,54996.0,Mariner Books,324.0,13993,José Saramago,0.78,0.64,
2088,Inherit the Wind,,0.0,1999.0,2256.0,Ballantine Books,129.0,19994,Jerome Lawrence,0.792,0.72,
2089,Running Wild,,0.0,1995.0,0.0,"Farrar, Straus and Giroux",112.0,2481,J.G. Ballard,0.6980000000000001,,
2090,Stuck,,0.0,2013.0,148.0,Xlibris Corporation,152.0,8,Evan Roskos,0.95,0.74,
2091,Great Expectations,,368236.4507334029,2012.0,14150.0,Penguin Audio,3.0,622146,Charles Dickens,0.754,0.63,
2092,Great Expectations,,368236.4507334029,2012.0,14150.0,Signet Classics,494.0,623762,Charles Dickens,0.754,0.63,
2093,Great Expectations,,368236.4507334029,2012.0,14150.0,Brilliance Audio,518.0,623897,Charles Dickens,0.754,0.63,
2094,The Lords of Discipline,,39053797.86247191,1983.0,3171.0,Bantam,512.0,24341,Pat Conroy,0.86,0.6599999999999999,
2095,The Book Thief,,107226594.3321924,2013.0,146282.0,Alfred A. Knopf,552.0,1727186,Markus Zusak,0.874,0.75,
2096,The Scarlet Letter,,0.0,1973.0,961.0,Penguin Books,279.0,678359,Nathaniel Hawthorne,0.6799999999999999,0.58,
2097,The Scarlet Letter,,0.0,1973.0,961.0,W. W. Norton & Company,439.0,679902,Nathaniel Hawthorne,0.6799999999999999,0.58,
2098,A Raisin in the Sun,,0.0,2008.0,2212.0,Random House,162.0,63299,Lorraine Hansberry,0.756,0.65,
2099,The Stranger,,0.0,1967.0,3473.0,HMH Books for Young Readers,32.0,2870,Chris Van Allsburg,0.818,0.71,
2100,Sweetwater,9800525.727407318,8606.26166376754,2013.0,6773.0,Random House Trade Paperbacks,352.0,340,Roxana Robinson,0.6980000000000001,0.62,-9791919.46574355
2101,A Christmas Carol,,0.0,1977.0,651.0,Bethany House Publishers,104.0,574810,Charles Dickens,0.8099999999999999,0.65,
2102,A Christmas Carol,,0.0,1997.0,1028.0,Bethany House Publishers,104.0,574810,Charles Dickens,0.8099999999999999,0.6,
2103,A Christmas Carol,,0.0,2004.0,2406.0,Bethany House Publishers,104.0,574810,Charles Dickens,0.8099999999999999,0.63,
2104,Cockpit,,0.0,2012.0,2666.0,Grove Press,272.0,1119,Jerzy Kosiński,0.736,0.58,
2105,The Outsider,5514399.374383734,0.0,2014.0,3148.0,Harpperen,672.0,2004,Richard Wright,0.8320000000000001,0.47000000000000003,-5514399.374383734
2106,The Grotesque,,0.0,1995.0,718.0,Vintage,178.0,1129,Patrick McGrath,0.724,0.55,
2107,Always,,0.0,1985.0,355.0,Pocket Books,392.0,3800,Jude Deveraux,0.756,0.5599999999999999,
2108,Solo,,0.0,2013.0,1467.0,Headline Review,421.0,4259,Jill Mansell,0.73,0.47000000000000003,
2109,The Lost Thing,,0.0,2010.0,3828.0,Simply Read Books,32.0,4785,Shaun Tan,0.8640000000000001,0.73,
2110,White Fang,,0.0,1973.0,1030.0,Scholastic Paperbacks,252.0,143874,Jack London,0.796,0.6,
2111,White Fang,,0.0,1973.0,1030.0,Thorndike Press,354.0,144286,Jack London,0.796,0.6,
2112,The Secret,,0.0,2007.0,4075.0,Hesperus Press,123.0,209,Charlotte Brontë,0.666,0.62,
2113,Stars,,0.0,1959.0,557.0,Collins,32.0,50,Seymour Simon,0.78,0.74,
2114,Resistance,,0.0,2011.0,2026.0,Vintage,180.0,332,Barry  Lopez,0.766,0.49000000000000005,
2115,Resistance,,0.0,2011.0,2026.0,Little Brown and Company,284.0,8052,Anita Shreve,0.752,0.49000000000000005,
2116,Reasonable Doubt,11028798.748767467,0.0,2014.0,21358.0,Harlequin Presents,251.0,110,Catherine Anderson,0.728,0.5700000000000001,-11028798.748767467
2117,The Assault,,0.0,2010.0,4322.0,Penguin Books,176.0,171,Reinaldo Arenas,0.756,0.61,
2118,Dirty Pictures,,0.0,2000.0,903.0,Ellora's Cave,256.0,85,Elisa Adams,0.73,0.65,
2119,Why Not Me?,,0.0,1999.0,891.0,"Penguin Books, Limited (UK)",304.0,1391,Al Franken,0.752,0.63,
2120,Visitors,,0.0,2013.0,1228.0,Vintage,256.0,439,Anita Brookner,0.718,0.62,
2121,Manhunt,,0.0,2008.0,4587.0,HarperTorch,219.0,13037,Janet Evanovich,0.74,0.51,
2122,Harvest,,0.0,2011.0,2387.0,Pocket Books,368.0,18521,Tess Gerritsen,0.8220000000000001,0.65,
2123,The Confession,,0.0,2001.0,241.0,William Morrow,384.0,211,James E. McGreevey,0.674,0.67,
2124,The Road,,0.0,2011.0,1874.0,Alfred A. Knopf,241.0,683245,Cormac McCarthy,0.794,0.5599999999999999,
2125,A Streetcar Named Desire,,0.0,1984.0,527.0,Dramatists Play Service,107.0,254700,Tennessee Williams,0.796,0.6799999999999999,
2126,A Streetcar Named Desire,,0.0,1995.0,1375.0,Dramatists Play Service,107.0,254700,Tennessee Williams,0.796,0.6599999999999999,
2127,Evidence,,0.0,1995.0,496.0,Steidl Dap,95.0,15,Mona Kuhn,0.8140000000000001,0.67,
2128,Ten Little Indians,,0.0,1974.0,3865.0,Vintage,256.0,6277,Sherman Alexie,0.8140000000000001,0.5700000000000001,
2129,A Long Way Down,,9893310.851790149,2014.0,35406.0,Riverhead Books,368.0,75552,Nick Hornby,0.6839999999999999,0.63,
2130,Endless Love,27571996.87191867,46979815.18207473,2014.0,48901.0,Ecco Press,432.0,3583,Scott Spencer,0.708,0.62,19407818.310156062
2131,Winter's Tale,82715990.615756,42461193.63931862,2014.0,58612.0,Mariner Books,748.0,25861,Mark Helprin,0.7,0.61,-40254796.97643738
2132,Women in Love,,0.0,2011.0,644.0,Dover Publications,416.0,28650,D.H. Lawrence,0.734,0.62,
2133,Women in Love,,0.0,2011.0,644.0,Cambridge University Press,696.0,28697,D.H. Lawrence,0.734,0.62,
2134,Joe,5514399.374383734,3261032.436231342,2014.0,53055.0,Prestel Publishing,96.0,53,Hiroshi Sugimoto,0.8460000000000001,0.6799999999999999,-2253366.9381523915
2135,The Journey,,0.0,1992.0,887.0,Pan Australia,186.0,287,John Marsden,0.662,0.71,
2136,Big Bad Wolf,,0.0,2006.0,2971.0,Love Spell,359.0,162,Linda Jones,0.76,0.52,
2137,The Abyss,,0.0,1910.0,1108.0,Legend,363.0,18197,Orson Scott Card,0.8140000000000001,0.64,
2138,Family tree,,0.0,2010.0,219.0,Doubleday Books,358.0,9137,Barbara Delinsky,0.712,0.6599999999999999,
2139,Blind Date,,0.0,2007.0,988.0,Grove Press,224.0,1174,Jerzy Kosiński,0.738,0.5599999999999999,
2140,Head Over Heels,,0.0,2010.0,2618.0,Headline Review,448.0,4302,Jill Mansell,0.744,0.5700000000000001,
2141,The Human Factor,,0.0,1979.0,1746.0,Everyman’s Library,368.0,7420,Graham Greene,0.782,0.61,
2142,Spider,,0.0,2007.0,3208.0,Gallimard Education,227.0,1801,Patrick McGrath,0.754,0.76,
2143,"Bless Me, Ultima",,2175473.098416344,2013.0,1653.0,Grand Central Publishing,290.0,25960,Rudolfo Anaya,0.754,0.64,
2144,Brotherhood,,0.0,2009.0,3503.0,Main Street,240.0,42,Rudolph W. Giuliani,0.834,0.7,
2145,Stardust,,0.0,1974.0,1262.0,Harper Perennial,248.0,339986,Neil Gaiman,0.818,0.65,
2146,The Prisoner of Zenda,,0.0,1979.0,1454.0,House of Stratus,184.0,17386,Anthony Hope,0.772,0.52,
2147,Diplomacy,,5441168.150691918,2014.0,6120.0,Diane Books Publishing Company,912.0,6275,Henry Kissinger,0.844,0.71,
2148,By the Pricking of My Thumbs,,0.0,2005.0,1336.0,Macmillan Audio,,13440,Agatha Christie,0.744,0.58,
2149,Barabbas,,0.0,1953.0,142.0,Vintage,144.0,3853,Pär Lagerkvist,0.766,0.62,
2150,Barabbas,,0.0,2013.0,548.0,Vintage,144.0,3853,Pär Lagerkvist,0.766,0.54,
2151,Going Postal,,0.0,2010.0,10249.0,Berkley Trade,250.0,154,Stephan Jaramillo,0.6799999999999999,0.76,
2152,The Thirteen,,0.0,1937.0,300.0,Authorhouse,500.0,392,James   Patterson,0.768,0.67,
2153,Graceland,,0.0,2012.0,1726.0,Picador,336.0,2240,Chris Abani,0.756,0.6599999999999999,
2154,Beauty and the Beast,,0.0,1962.0,332.0,Seastar Books,48.0,5862,Marianna Mayer,0.868,0.48,
2155,Beauty and the Beast,,0.0,2009.0,1896.0,Seastar Books,48.0,5862,Marianna Mayer,0.868,0.31,
2156,Beauty and the Beast,45493794.838665806,67689252.32056034,2014.0,23874.0,Seastar Books,48.0,5862,Marianna Mayer,0.868,0.64,22195457.48189453
2157,Bears,,0.0,2014.0,7308.0,Child's World,32.0,0,Patrick Merrick,,0.73,
2158,The Other Woman,55143993.74383734,271282521.8924212,2014.0,158811.0,Berkley,389.0,30602,Jane Green,0.74,0.6,216138528.14858383
2159,Rage,28950596.715514604,0.0,2014.0,26221.0,Not Avail,896.0,4581,Wilbur Smith,0.8160000000000001,0.5,-28950596.715514604
2160,A Study in Scarlet,,0.0,1933.0,1328.0,1st World Library - Literary Society,184.0,302376,Arthur Conan Doyle,0.8320000000000001,0.5599999999999999,
2161,Anne of Green Gables,,0.0,1934.0,1554.0,Sterling,312.0,684282,L.M. Montgomery,0.852,0.7,
2162,Anne of Green Gables,,0.0,1934.0,1554.0,"Oxford University Press, USA",56.0,242,Clare West,0.806,0.7,
2163,Pompeii,179217979.66747135,162442668.06725374,2014.0,121195.0,Random House Trade Paperbacks,274.0,33848,Robert   Harris,0.764,0.55,-16775311.60021761
2164,Memorial Day,6159248.057073878,0.0,2011.0,2854.0,Weekly Reader Early Learning Library,24.0,4,Sheri Dean,0.9,0.61,-6159248.057073878
2165,Blue Ruin,,356208.1419876917,2014.0,84919.0,Living Books,323.0,337,Grace Livingston Hill,0.79,0.71,
2166,The Stranger,,0.0,1991.0,4655.0,HMH Books for Young Readers,32.0,2870,Chris Van Allsburg,0.818,0.8,
2167,Rosemary's Baby,,0.0,2014.0,6268.0,Caedmon,6.0,105787,Ira Levin,0.8,0.55,
2168,Utopia,,0.0,2013.0,468.0,Yale University Press,200.0,56882,Thomas More,0.708,0.77,
2169,A Message to Garcia,,0.0,1936.0,357.0,"Filiquarian Publishing, LLC.",48.0,1820,Elbert Hubbard,0.738,0.5900000000000001,
2170,Tracks,,6725143.658223114,2014.0,32740.0,Harper Perennial,226.0,10700,Louise Erdrich,0.788,0.71,
2171,Gulliver's Travels,,0.0,1977.0,710.0,Penguin,306.0,223306,Jonathan Swift,0.7140000000000001,0.55,
2172,Gulliver's Travels,,0.0,1977.0,710.0,Penguin Audiobooks,6.0,223839,Jonathan Swift,0.7140000000000001,0.55,
2173,Jack the Ripper,,0.0,1976.0,2041.0,iBooks,336.0,31,Martin H. Greenberg,0.696,0.53,
2174,Jack the Ripper,,0.0,1976.0,2041.0,Chartwell Books,500.0,528,Maxim Jakubowski,0.76,0.53,
2175,Helen,,0.0,2009.0,2321.0,,216.0,1023,Euripides,0.742,0.62,
2176,The Shape of Things to Come,,0.0,1979.0,1523.0,Penguin Books Limited,530.0,1049,H.G. Wells,0.722,0.32,
2177,Asylum,,0.0,1997.0,517.0,University of Pittsburgh Press,88.0,87,Quan Barry,0.834,0.49000000000000005,
2178,Play It As It Lays,,0.0,1972.0,878.0,"Farrar, Straus and Giroux",231.0,26972,Joan Didion,0.776,0.63,
2179,Coming Home,,0.0,2014.0,7037.0,Hodder & Stoughton,977.0,16593,Rosamunde Pilcher,0.86,0.72,
2180,Beware of Pity,,0.0,1946.0,318.0,NYRB Classics,353.0,9106,Stefan Zweig,0.842,0.64,
2181,Brothers,,0.0,2011.0,192.0,Toby Press,556.0,23,Chayym Zeldis,0.6599999999999999,0.5700000000000001,
2182,Bluebeard,,0.0,1936.0,410.0,Mariner Books,144.0,440,Max Frisch,0.722,0.64,
2183,Julius Caesar,,0.0,2002.0,3385.0,"Oxford University Press, USA",128.0,161007,William Shakespeare,0.736,0.6599999999999999,
2184,The Visitor,3788239.416058394,0.0,1979.0,4927.0,Harper Voyager,512.0,1738,Sheri S. Tepper,0.76,0.52,-3788239.416058394
2185,The Keeper,6964422.973698335,0.0,2004.0,1866.0,Starfire,192.0,21,Phyllis Reynolds Naylor,0.82,0.47000000000000003,-6964422.973698335
2186,Food,,0.0,1993.0,3801.0,Pan Publishing,287.0,569,Felipe Fernández-Armesto,0.74,0.8,
2187,Two Lives,,0.0,2012.0,3322.0,Harper Perennial,544.0,3227,Vikram Seth,0.73,0.71,
2188,The Key,,0.0,1934.0,606.0,Leisure Books,313.0,2843,Lynsay Sands,0.808,0.6,
2189,The Key,,0.0,1934.0,606.0,Univers,160.0,3881,Jun'ichirō Tanizaki,0.718,0.6,
2190,The Italian,,0.0,2010.0,1652.0,Penguin Classics,544.0,4437,Ann Radcliffe,0.702,0.5700000000000001,
2191,The Suspect,,0.0,2013.0,7237.0,Dutton,390.0,2658,John Lescroart,0.77,0.6799999999999999,
2192,Quicksand,,0.0,2003.0,2945.0,Dover Publications,125.0,4315,Nella Larsen,0.734,0.53,
2193,Quicksand,,0.0,2003.0,2945.0,Penguin Classics,192.0,4330,Nella Larsen,0.734,0.53,
2194,The Giver,34464996.08989833,92339246.1655843,2014.0,129573.0,Yearling Books,208.0,1687463,Lois Lowry,0.826,0.64,57874250.07568596
2195,Crossroads,,0.0,1942.0,1953.0,Catbird Press,224.0,76,Karel Čapek,0.766,0.67,
2196,Paradise,,0.0,2013.0,3784.0,Plume (Penguin Books Ltd),318.0,22167,Toni Morrison,0.76,0.5,
2197,Paradise,,0.0,2013.0,3784.0,Bloomsbury,249.0,606,Abdulrazak Gurnah,0.7,0.5,
2198,The First Man,,0.0,2011.0,596.0,Penguin Classics,261.0,6228,Albert Camus,0.792,0.6799999999999999,
2199,The Message,,0.0,1976.0,11678.0,Message,1736.0,7540,Eugene H. Peterson,0.892,0.89,
2200,Avalon,,0.0,2011.0,1306.0,Chicago Review Press,440.0,3511,Anya Seton,0.772,0.54,
2201,The Tunnel,,0.0,1935.0,1089.0,Ballantine Books,232.0,41503,Ernesto Sabato,0.8099999999999999,0.6,
2202,Lights Out,,0.0,2013.0,7918.0,Fawcett Books,352.0,273,Peter Abrahams,0.73,0.76,
2203,The Pyramid,8960898.983373567,19114886.522389583,2014.0,28680.0,Faber  Faber,217.0,733,William Golding,0.666,0.47000000000000003,10153987.539016016
2204,God's Pocket,,234328.8870150624,2014.0,13061.0,Penguin Books,288.0,628,Pete Dexter,0.76,0.61,
2205,"20,000 Leagues Under the Sea",,0.0,1997.0,1180.0,IndyPublish,440.0,186838,Jules Verne,0.776,0.51,
2206,"20,000 Leagues Under the Sea",,0.0,1997.0,1180.0,Evans Brothers,48.0,728,Pauline Francis,0.752,0.51,
2207,Affluenza,,0.0,2014.0,781.0,Vermilion,592.0,1296,Oliver James,0.704,0.48,
2208,The Confession,,0.0,1970.0,5225.0,William Morrow,384.0,211,James E. McGreevey,0.674,0.78,
2209,The Last Season,,0.0,2014.0,56.0,Harper,352.0,7782,Eric Blehm,0.8119999999999999,0.76,
2210,Cause for Alarm,,0.0,1951.0,2896.0,Vintage Crime/Black Lizard,304.0,1034,Eric Ambler,0.764,0.64,
2211,Cause for Alarm,,0.0,1951.0,2896.0,MIRA,512.0,1894,Erica Spindler,0.818,0.64,
2212,Centennial,,0.0,1978.0,3994.0,Fawcett Books,1086.0,38219,James A. Michener,0.8480000000000001,0.8300000000000001,
2213,The Tribe,,0.0,2014.0,12550.0,Verso,138.0,15,Jean-Michel. Mension,0.8140000000000001,0.7,
2214,The Prince,24814797.1847268,367516520.7847404,2014.0,19591.0,Dante University of America Press,140.0,243142,Niccolò Machiavelli,0.762,0.45999999999999996,342701723.6000136
2215,The Prince,24814797.1847268,367516520.7847404,2014.0,19591.0,Bedford/St. Martin's,208.0,244017,Niccolò Machiavelli,0.762,0.45999999999999996,342701723.6000136
2216,As I Lay Dying,,0.0,2013.0,4286.0,Modern Library,231.0,132173,William Faulkner,0.742,0.53,
2217,As I Lay Dying,,0.0,2013.0,4286.0,Vintage,288.0,132458,William Faulkner,0.742,0.53,
2218,The Red Tent,90859383.7535014,0.0,1969.0,2591.0,St. Martin's Press,336.0,503883,Anita Diamant,0.834,0.6799999999999999,-90859383.7535014
2219,A Christmas Memory,,0.0,1997.0,910.0,Knopf Books for Young Readers,48.0,11116,Truman Capote,0.8480000000000001,0.7,
2220,The Children of Noisy Village,,0.0,1986.0,2651.0,Puffin Books,128.0,10788,Astrid Lindgren,0.858,0.67,
2221,The Dark Horse,,0.0,2014.0,6798.0,Viking Books,202.0,113,Rumer Godden,0.764,0.74,
2222,Fury,93744789.36452349,292012132.08241814,2014.0,592884.0,Vintage,272.0,8097,Salman Rushdie,0.658,0.76,198267342.71789467
2223,Sleeping Beauty,,0.0,2014.0,2119.0,Hartorch,400.0,3187,Phillip Margolin,0.784,0.27999999999999997,
2224,"Alexander and the Terrible, Horrible, No Good, Very Bad Day",38600795.620686136,138761794.06868178,2014.0,48443.0,Atheneum Books for Young Readers,32.0,166652,Judith Viorst,0.844,0.62,100160998.44799563
2225,The Condemned,,0.0,2013.0,382.0,Six Gallery Press,118.0,64,Noah Cicero,0.844,0.73,
2226,Child of God,,0.0,2014.0,4563.0,Liturgy Training Publications,64.0,0,Gertrud Mueller Nelson,,0.54,
2227,Runaway,,0.0,2009.0,369.0,Alfred A. Knopf,335.0,19721,Alice Munro,0.796,0.71,
2228,The Bridge,,0.0,2008.0,1073.0,Liveright,76.0,920,Hart Crane,0.8240000000000001,0.49000000000000005,
2229,Breaking and Entering,,0.0,2011.0,110.0,Collins Harvill,224.0,462,Joy Williams,0.806,0.75,
2230,Mercy,,0.0,2014.0,6080.0,Washington Square Press,400.0,46658,Jodi Picoult,0.716,0.49000000000000005,
2231,Madame Bovary,,0.0,2000.0,1073.0,Penguin Classics,327.0,237971,Gustave Flaubert,0.734,0.65,
2232,Animal,,0.0,2005.0,652.0,Reaktion Books,192.0,72,Erica Fudge,0.752,0.48,
2233,Tom Sawyer,,0.0,2000.0,483.0,Globe Fearon,,726009,Mark Twain,0.782,0.5900000000000001,
2234,Blind Man's Bluff,,0.0,2005.0,10123.0,Ballantine Books,,4,Michael               Adams,0.8,0.72,
2235,Rage,,0.0,1972.0,1487.0,Not Avail,896.0,4581,Wilbur Smith,0.8160000000000001,0.63,
2236,Christine,,0.0,1958.0,1363.0,LGF,411.0,190194,Stephen King,0.756,0.63,
2237,Cleopatra,,0.0,2003.0,670.0,Waking Lion Press,308.0,1214,H. Rider Haggard,0.772,0.6599999999999999,
2238,Cleopatra,,0.0,1999.0,4531.0,Waking Lion Press,308.0,1214,H. Rider Haggard,0.772,0.65,
2239,Cold Blooded,,0.0,2012.0,858.0,Simon  Schuster,181.0,121,Omar Tyree,0.798,0.55,
2240,Leviathan,,0.0,2014.0,59202.0,Penguin Books,275.0,14561,Paul Auster,0.792,0.76,
2241,Leviathan,,0.0,2014.0,59202.0,Penguin Books,736.0,36037,Thomas Hobbes,0.74,0.76,
2242,Still Life,,0.0,2013.0,9512.0,Bulfinch,144.0,40,Irving Penn,0.844,0.74,
2243,You Belong to Me,,0.0,1941.0,918.0,Pocket Books,384.0,22247,Mary Higgins Clark,0.774,0.58,
2244,Wuthering Heights,,0.0,2009.0,10536.0,Running Press Book Publishers,248.0,1270598,Emily Brontë,0.77,0.75,
2245,Wuthering Heights,,0.0,2009.0,10536.0,Penguin Books,335.0,1275195,Emily Brontë,0.77,0.75,
2246,Crime and Punishment,,0.0,1983.0,3594.0,Vintage Books,564.0,586002,Fyodor Dostoyevsky,0.842,0.7,
2247,Crime and Punishment,,0.0,2002.0,934.0,Vintage Books,564.0,586002,Fyodor Dostoyevsky,0.842,0.55,
2248,Crush,,0.0,2009.0,1732.0,Yale University Press,62.0,17939,Richard Siken,0.8619999999999999,0.42000000000000004,
2249,Crush,,0.0,2013.0,7024.0,Yale University Press,62.0,17939,Richard Siken,0.8619999999999999,0.5599999999999999,
2250,Ice Castles,,0.0,2010.0,2674.0,Fawcett,220.0,180,Leonore Fleischer,0.772,0.61,
2251,Hawaii,,0.0,2013.0,6189.0,Dial Press Trade Paperback,1136.0,69542,James A. Michener,0.8400000000000001,0.72,
2252,Hawaii,,0.0,2013.0,6189.0,,564.0,59,Glenda Bendure,0.742,0.72,
2253,Mohawk,,0.0,1956.0,665.0,Knopf,317.0,5117,Richard Russo,0.774,0.52,
2254,Dante's Inferno,,0.0,2007.0,1584.0,Indiana University Press,432.0,134162,Dante Alighieri,0.8,0.6599999999999999,
2255,Twice-Told Tales,,0.0,1963.0,3858.0,Modern Library,432.0,2638,Nathaniel Hawthorne,0.78,0.6599999999999999,
2256,Deadline,,0.0,2004.0,242.0,Random House Value Publishing,,46,James Barrett Reston,0.76,0.75,
2257,Deadline,700037.5519576656,0.0,2013.0,660.0,Random House Value Publishing,,46,James Barrett Reston,0.76,0.6,-700037.5519576656
2258,Deadline,,0.0,2012.0,471.0,Random House Value Publishing,,46,James Barrett Reston,0.76,0.48,
2259,Romance,,0.0,1930.0,1130.0,Dramatists Play Service,54.0,174,David Mamet,0.6719999999999999,0.5700000000000001,
2260,Romance,,0.0,1930.0,1130.0,Vintage,128.0,174,David Mamet,0.6719999999999999,0.5700000000000001,
2261,Head Over Heels,14805.99362716268,0.0,2012.0,2425.0,Headline Review,448.0,4302,Jill Mansell,0.744,0.74,-14805.99362716268
2262,Freedom,,0.0,2009.0,1441.0,,72.0,5,Michael W.  Smith,0.76,0.72,
2263,Stiletto,6115131.920027901,0.0,2008.0,2835.0,Signet,320.0,776,Harold Robbins,0.696,0.48,-6115131.920027901
2264,Happiness,,0.0,2014.0,324.0,HarperPerennial,320.0,3112,Will Ferguson,0.758,0.7,
2265,A Connecticut Yankee in King Arthur's Court,,0.0,1989.0,372.0,University of California Press,496.0,90435,Mark Twain,0.754,0.47000000000000003,
2266,The Wall,,0.0,1975.0,12715.0,Vintage Books,640.0,1867,John Hersey,0.8560000000000001,0.8,
2267,Don Juan,,0.0,1926.0,1023.0,Mariner Books,146.0,8834,Molière,0.734,0.7,
2268,Don Juan,,0.0,1926.0,1023.0,Penguin Classics,584.0,7351,Lord Byron,0.76,0.7,
2269,Don Juan,,0.0,1998.0,539.0,Mariner Books,146.0,8834,Molière,0.734,0.47000000000000003,
2270,Don Juan,,0.0,1998.0,539.0,Penguin Classics,584.0,7351,Lord Byron,0.76,0.47000000000000003,
2271,Dr. Jekyll and Mr. Hyde,,0.0,2008.0,1429.0,Bantam Classics,98.0,358754,Robert Louis Stevenson,0.762,0.45999999999999996,
2272,Enchantment,,0.0,1948.0,1508.0,Del Rey,422.0,25262,Orson Scott Card,0.78,0.72,
2273,The Dark Horse,,0.0,1932.0,1412.0,Viking Books,202.0,113,Rumer Godden,0.764,0.67,
2274,The Rabbi's Cat,,0.0,2011.0,3907.0,Pantheon,142.0,6133,Joann Sfar,0.8039999999999999,0.71,
2275,State of Emergency,1906433.922427629,0.0,2011.0,3300.0,Jove,384.0,27,Steve Pieczenik,0.734,0.52,-1906433.922427629
2276,Great Expectations,,0.0,1934.0,234.0,Penguin Audio,3.0,622146,Charles Dickens,0.754,0.62,
2277,Great Expectations,,0.0,1934.0,234.0,Signet Classics,494.0,623762,Charles Dickens,0.754,0.62,
2278,Great Expectations,,0.0,1934.0,234.0,Brilliance Audio,518.0,623897,Charles Dickens,0.754,0.62,
2279,Dying of the Light,20678997.653939,0.0,2014.0,12052.0,Bantam,288.0,5369,George R.R. Martin,0.7140000000000001,0.45,-20678997.653939
2280,Borrowed Time,,0.0,2013.0,381.0,Delta,432.0,1241,Robert Goddard,0.752,0.5900000000000001,
2281,Kill the Messenger,6892999.217979668,3378735.912277719,2014.0,49885.0,Bantam,528.0,8340,Tami Hoag,0.766,0.6900000000000001,-3514263.3057019487
2282,Dead Souls,,0.0,2012.0,2049.0,Everyman's Library,445.0,59781,Nikolai Gogol,0.798,0.45,
2283,Dead Souls,,0.0,2012.0,2049.0,Penguin Classics,384.0,59966,Nikolai Gogol,0.798,0.45,
2284,The Rebel,,0.0,1980.0,146.0,Vintage,320.0,11427,Albert Camus,0.8300000000000001,0.58,
2285,Zorro,,0.0,1975.0,4936.0,HarperLargePrint,677.0,19680,Isabel Allende,0.752,0.64,
2286,The Scapegoat,,0.0,1963.0,117.0,University of Pennsylvania Press,348.0,5985,Daphne du Maurier,0.794,0.65,
2287,Prey,,0.0,2011.0,1089.0,Leisure Books,352.0,1004,Graham Masterton,0.766,0.53,
2288,The Atrocity Exhibition,,0.0,2000.0,497.0,Re/Search Publications,136.0,5071,J.G. Ballard,0.762,0.53,
2289,Jack the Ripper,,0.0,1988.0,6147.0,iBooks,336.0,31,Martin H. Greenberg,0.696,0.74,
2290,Jack the Ripper,,0.0,1988.0,6147.0,Chartwell Books,500.0,528,Maxim Jakubowski,0.76,0.74,
2291,Mosaic,,0.0,1965.0,413.0,Pocket Books,514.0,228,Gayle Lynds,0.78,0.72,
2292,Straight on Till Morning,,0.0,1972.0,1654.0,Arrow Books,432.0,1971,Mary S. Lovell,0.8320000000000001,0.5700000000000001,
2293,Momo,,0.0,2001.0,623.0,"Penguin Books, Limited (UK)",237.0,49883,Michael Ende,0.8640000000000001,0.6900000000000001,
2294,Night Watch,,0.0,1973.0,2598.0,Xlibris,500.0,1,Suzanne Knecht,0.8,0.63,
2295,Heartbeat,,0.0,1938.0,875.0,HarperCollins,208.0,9401,Sharon Creech,0.786,0.74,
2296,Goodbye to All That,,0.0,2014.0,2594.0,Penguin Modern Classics,281.0,9687,Robert Graves,0.8099999999999999,0.53,
2297,Second Skin,5.747808623744831,0.0,2000.0,1039.0,New Directions,210.0,392,John Hawkes,0.77,0.51,-5.747808623744831
2298,Fanny,,0.0,2013.0,1227.0,Signet,544.0,1134,Erica Jong,0.756,0.6799999999999999,
2299,The Forest,,0.0,2012.0,286.0,Ballantine Books,784.0,7762,Edward Rutherfurd,0.8039999999999999,0.55,
2300,Finders Keepers,,0.0,2014.0,3760.0,Atlantic Books,209.0,810,Mark Bowden,0.6799999999999999,0.43,
2301,Flesh and Blood,,0.0,1922.0,245.0,Bantam Books,292.0,63,Pete Hamill,0.756,0.62,
2302,Forbidden,,0.0,1949.0,246.0,Severn House Publishers,400.0,3295,Elizabeth Lowell,0.788,0.65,
2303,Forbidden,,0.0,1953.0,550.0,Severn House Publishers,400.0,3295,Elizabeth Lowell,0.788,0.63,
2304,The Fountain,,0.0,1989.0,490.0,Hesperides Press,436.0,34,Charles Morgan,0.706,0.73,
2305,From Time to Time,,0.0,2009.0,6668.0,Audioworks,,3765,Jack Finney,0.738,0.67,
2306,The Call of the Wild,,0.0,1972.0,2145.0,Scholastic,172.0,320987,Jack London,0.774,0.5900000000000001,
2307,The Call of the Wild,,0.0,1972.0,2145.0,Puffin Graphics,176.0,123,Neil Kleid,0.716,0.5900000000000001,
2308,Three Men in a Boat,,0.0,1956.0,474.0,Chrysalis Books,239.0,52557,Jerome K. Jerome,0.778,0.53,
2309,Harvest,,0.0,2011.0,200.0,Pocket Books,368.0,18521,Tess Gerritsen,0.8220000000000001,0.51,
2310,The Call of the Wild,,0.0,1976.0,180.0,Scholastic,172.0,320987,Jack London,0.774,0.61,
2311,The Call of the Wild,,0.0,1976.0,180.0,Puffin Graphics,176.0,123,Neil Kleid,0.716,0.61,
2312,Night Train,,0.0,1959.0,3965.0,Roaring Brook Press,32.0,58,Caroline Stutson,0.6519999999999999,0.77,
2313,Frankenstein,,0.0,2004.0,1746.0,"Oxford University Press, USA",224.0,1106777,Mary Wollstonecraft Shelley,0.76,0.62,
2314,Frankenstein,,0.0,2004.0,1746.0,Dover Publications,166.0,1110135,Mary Wollstonecraft Shelley,0.76,0.62,
2315,My Sister and I,,0.0,1987.0,768.0,WorthyKids,26.0,11,P.K. Hallinan,0.9640000000000001,0.61,
2316,Lullaby,,0.0,2014.0,2922.0,Vintage,260.0,86968,Chuck Palahniuk,0.746,0.61,
2317,The Nautical Chart,,0.0,2007.0,529.0,Mariner Books,480.0,4914,Arturo Pérez-Reverte,0.706,0.55,
2318,Harvest,,0.0,1937.0,570.0,Pocket Books,368.0,18521,Tess Gerritsen,0.8220000000000001,0.74,
2319,The Car,,0.0,1977.0,12531.0,HMH Books for Young Readers,192.0,1238,Gary Paulsen,0.758,0.62,
2320,Red Army,,957575.4513617354,2014.0,7388.0,Random House Value Publishing,,2504,Ralph Peters,0.79,0.76,
2321,Thunderstruck,,0.0,2012.0,6266.0,Crown Publishing Group (NY),463.0,35676,Erik Larson,0.74,0.51,
2322,The Stranger,,0.0,2010.0,3476.0,HMH Books for Young Readers,32.0,2870,Chris Van Allsburg,0.818,0.45999999999999996,
2323,The Power and the Glory,,0.0,1961.0,105.0,Penguin Books,222.0,29108,Graham Greene,0.8,0.72,
2324,Picture This,,0.0,2008.0,11320.0,Simon  Schuster,352.0,1367,Joseph Heller,0.736,0.51,
2325,Journey to the End of the Night,,0.0,2006.0,2809.0,New Directions,453.0,30290,Louis-Ferdinand Céline,0.8460000000000001,0.5700000000000001,
2326,The Bride,,10920703.369839167,1985.0,3809.0,St. Martin's Press,245.0,1085,Bapsi Sidhwa,0.6900000000000001,0.54,
2327,Tim,2841179.562043796,3830857.109489051,1979.0,3907.0,Avon,288.0,4104,Colleen McCullough,0.762,0.64,989677.5474452553
2328,Paradise,,0.0,2013.0,770.0,Plume (Penguin Books Ltd),318.0,22167,Toni Morrison,0.76,0.63,
2329,Paradise,,0.0,2013.0,770.0,Bloomsbury,249.0,606,Abdulrazak Gurnah,0.7,0.63,
2330,The Great Gatsby,,0.0,1926.0,0.0,Wordsworth Editions Ltd,122.0,3577073,F. Scott Fitzgerald,0.784,,
2331,The Great Gatsby,,0.0,1926.0,0.0,Cambridge University Press,276.0,3589597,F. Scott Fitzgerald,0.784,,
2332,Open Heart,,0.0,2013.0,179.0,Doubleday,498.0,277,A.B. Yehoshua,0.688,0.71,
2333,Rebirth,,0.0,2011.0,202.0,Del Rey,185.0,40730,John Wyndham,0.786,0.74,
2334,Long Day's Journey Into Night,,0.0,1987.0,299.0,Yale University Press,179.0,34213,Eugene O'Neill,0.8140000000000001,0.72,
2335,The Hound of the Baskervilles,,0.0,2002.0,2795.0,IndyPublish.com,176.0,234084,Arthur Conan Doyle,0.8220000000000001,0.65,
2336,Trust Me,,0.0,2013.0,3691.0,Random House Trade Paperbacks,320.0,806,John Updike,0.756,0.61,
2337,The Message,,0.0,2009.0,4463.0,Message,1736.0,7540,Eugene H. Peterson,0.892,0.74,
2338,Water,,0.0,1985.0,2782.0,Milkweed Editions,240.0,1053,Bapsi Sidhwa,0.794,0.6,
2339,The Hunters,,0.0,2011.0,2188.0,Picador,200.0,513,Claire Messud,0.6839999999999999,0.4,
2340,Half of a Yellow Sun,,0.0,2014.0,2269.0,Knopf,433.0,92655,Chimamanda Ngozi Adichie,0.8640000000000001,0.61,
2341,The Diary of Anne Frank,,0.0,2009.0,3567.0,Dramatists Play Service,70.0,7401,Frances Goodrich,0.8119999999999999,0.75,
2342,Pride and Prejudice,,0.0,1980.0,2619.0,Modern Library,279.0,2821508,Jane Austen,0.852,0.74,
2343,The Key,,0.0,1983.0,3580.0,Leisure Books,313.0,2843,Lynsay Sands,0.808,0.54,
2344,The Key,,0.0,1983.0,3580.0,Univers,160.0,3881,Jun'ichirō Tanizaki,0.718,0.54,
2345,The Canterville Ghost,,0.0,1996.0,3178.0,Wildside Press,52.0,40816,Oscar Wilde,0.778,0.62,
2346,Inside Out,,0.0,2011.0,1946.0,Artspace Books,56.0,10,Stefan Kürten,0.8800000000000001,0.45,
2347,The Deep Six,,0.0,1958.0,596.0,Signet,256.0,380,Randy Striker,0.8019999999999999,0.6,
2348,Oliver Twist,,0.0,1982.0,643.0,Signet,512.0,304540,Charles Dickens,0.774,0.6599999999999999,
2349,The Moon and Sixpence,,0.0,1942.0,925.0,Dover Publications,176.0,17265,W. Somerset Maugham,0.826,0.6599999999999999,
2350,The Moon and Sixpence,,0.0,1942.0,925.0,Vintage Classics,215.0,17265,W. Somerset Maugham,0.826,0.6599999999999999,
2351,Oliver Twist,,0.0,1999.0,881.0,Signet,512.0,304540,Charles Dickens,0.774,0.76,
2352,Oblivion,,0.0,1994.0,1812.0,Back Bay Books,329.0,11928,David Foster Wallace,0.8140000000000001,0.48,
2353,Hot Water,,0.0,1924.0,1706.0,Harry N. Abrams,224.0,1450,P.G. Wodehouse,0.826,0.71,
2354,Monster,,0.0,2008.0,1591.0,Amistad,281.0,58109,Walter Dean Myers,0.744,0.2,
2355,The New Centurions,,0.0,1972.0,3727.0,Dell,368.0,2538,Joseph Wambaugh,0.788,0.7,
2356,The Firefly,,0.0,1937.0,445.0,St. Martin's Paperbacks,528.0,407,P.T. Deutermann,0.756,0.6799999999999999,
2357,Seduction,,0.0,1973.0,689.0,Palgrave Macmillan,192.0,716,Jean Baudrillard,0.78,0.5900000000000001,
2358,The Clown,,0.0,1953.0,571.0,Penguin Classics,272.0,20282,Heinrich Böll,0.8,0.65,
2359,Heidi,,0.0,1952.0,489.0,Sterling,272.0,168190,Johanna Spyri,0.798,0.6799999999999999,
2360,Red Dust,,0.0,1990.0,743.0,W. W. Norton  Company,352.0,436,Gillian Slovo,0.72,0.6900000000000001,
2361,Heidi,,0.0,1993.0,2117.0,Sterling,272.0,168190,Johanna Spyri,0.798,0.71,
2362,Mercy,,0.0,2009.0,1379.0,Washington Square Press,400.0,46658,Jodi Picoult,0.716,0.5900000000000001,
2363,The Phantom of the Opera,25440627.45098039,0.0,1990.0,1907.0,Puffin Classics,336.0,189814,Gaston Leroux,0.794,0.74,-25440627.45098039
2364,Rites of Passage,3559133.0834525675,0.0,2012.0,1795.0,Faber & Faber,288.0,3295,William Golding,0.72,0.41,-3559133.0834525675
2365,The Suspect,,0.0,2013.0,1561.0,Dutton,390.0,2658,John Lescroart,0.77,0.5700000000000001,
2366,"Cry, the Beloved Country",,0.0,1952.0,1075.0,Scribner,316.0,62698,Alan Paton,0.78,0.7,
2367,Katherine,,0.0,1975.0,453.0,Chicago Review Press,500.0,28330,Anya Seton,0.8380000000000001,0.61,
2368,Welcome to Hard Times,,0.0,1967.0,1777.0,Plume,224.0,1671,E.L. Doctorow,0.76,0.58,
2369,The Lost Continent,,0.0,1968.0,2442.0,Waking Lion Press,108.0,1769,Edgar Rice Burroughs,0.734,0.55,
2370,Tornado!,,0.0,1996.0,1209.0,Franklin Watts,147.0,10,Hilary H. Milton,0.72,0.47000000000000003,
2371,Sisters,97652.18263923732,0.0,2006.0,1727.0,Delacorte Press,341.0,17802,Danielle Steel,0.77,0.39,-97652.18263923732
2372,The Inspector,,0.0,1962.0,506.0,Amereon Limited,230.0,23,Jan de Hartog,0.766,0.67,
2373,Wreckage,,0.0,2010.0,1305.0,Hanging Loose Press,112.0,47,Ha Jin,0.758,0.42000000000000004,
2374,Wuthering Heights,,0.0,2003.0,1171.0,Running Press Book Publishers,248.0,1270598,Emily Brontë,0.77,0.41,
2375,Wuthering Heights,,0.0,2003.0,1171.0,Penguin Books,335.0,1275195,Emily Brontë,0.77,0.41,
2376,The Hunters,,0.0,2013.0,4728.0,Picador,200.0,513,Claire Messud,0.6839999999999999,0.49000000000000005,
2377,Love,,0.0,2012.0,1681.0,Miramax Books,43.0,1464,Pablo Neruda,0.892,0.65,
2378,Love,,0.0,2012.0,1681.0,Vintage Classics,122.0,1130,Angela Carter,0.738,0.65,
2379,Memorial Day,,0.0,1983.0,82.0,Weekly Reader Early Learning Library,24.0,4,Sheri Dean,0.9,0.67,
2380,Space,,0.0,1985.0,278.0,Routledge,160.0,469,bell hooks,0.806,0.73,
2381,A Lesson Before Dying,,0.0,1999.0,1156.0,Vintage,256.0,49674,Ernest J. Gaines,0.79,0.67,
2382,Snow in August,,0.0,2001.0,333.0,Grand Central Publishing,384.0,5534,Pete Hamill,0.784,0.61,
2383,Fairy Tales,,0.0,1978.0,964.0,Viking Adult,496.0,2506,Hans Christian Andersen,0.834,0.5,
2384,Fairy Tales,,0.0,1978.0,964.0,Liveright,64.0,461,E.E. Cummings,0.82,0.5,
2385,Fairy Tales,,0.0,1978.0,964.0,Penguin Classics Deluxe Edition,437.0,119045,Hans Christian Andersen,0.8560000000000001,0.5,
2386,The Admirable Crichton,,0.0,1957.0,2201.0,Hard Press,88.0,440,J.M. Barrie,0.744,0.71,
2387,Alice in Wonderland,,0.0,1966.0,1116.0,Gramercy Books,92.0,367242,Jane Carruth,0.806,0.67,
2388,Alice in Wonderland,,0.0,1966.0,1116.0,Scholastic Paperbacks,160.0,214824,Lewis Carroll,0.8039999999999999,0.67,
2389,King Lear,,0.0,1982.0,287.0,Simon  Schuster,338.0,171858,William Shakespeare,0.782,0.76,
2390,The Company She Keeps,,0.0,1951.0,675.0,Mariner Books,304.0,699,Mary McCarthy,0.748,0.63,
2391,No Man's Land,,0.0,2013.0,2956.0,Hesperus Press,160.0,180,Graham Greene,0.634,0.73,
2392,The Angry Hills,,0.0,1959.0,1220.0,Bantam,245.0,1606,Leon Uris,0.736,0.5700000000000001,
2393,Lifeguard,,0.0,1976.0,2039.0,Grand Central Publishing,432.0,24031,James Patterson,0.756,0.6599999999999999,
2394,Perfume,,0.0,2001.0,1175.0,Todtri Productions,156.0,62,Cathy Newman,0.78,0.36,
2395,The Wind in the Willows,,0.0,1983.0,1932.0,Penguin Books,197.0,169596,Kenneth Grahame,0.798,0.76,
2396,The Wind in the Willows,,0.0,1983.0,1932.0,Yearling,244.0,169941,Kenneth Grahame,0.798,0.76,
2397,The Taming of the Shrew,,0.0,1929.0,697.0,Simon  Schuster,291.0,149403,William Shakespeare,0.76,0.63,
2398,The Taming of the Shrew,,0.0,1929.0,697.0,BBC Audiobooks,2.0,149541,William Shakespeare,0.76,0.63,
2399,The Hunters,,0.0,1977.0,1133.0,Picador,200.0,513,Claire Messud,0.6839999999999999,0.74,
2400,The Mysterious Island,,0.0,1973.0,689.0,Modern Library,630.0,42044,Jules Verne,0.8220000000000001,0.58,
2401,The Mysterious Island,,0.0,1973.0,689.0,Signet,528.0,42123,Jules Verne,0.8220000000000001,0.58,
2402,The Mysterious Island,,0.0,1929.0,950.0,Modern Library,630.0,42044,Jules Verne,0.8220000000000001,0.62,
2403,The Mysterious Island,,0.0,1929.0,950.0,Signet,528.0,42123,Jules Verne,0.8220000000000001,0.62,
2404,Ring of Fire,,0.0,2013.0,720.0,Salt Publishing,97.0,182,Lisa Jarnot,0.8699999999999999,0.5900000000000001,
2405,The Power and the Glory,,0.0,1933.0,774.0,Penguin Books,222.0,29108,Graham Greene,0.8,0.6599999999999999,
2406,Ruby,,0.0,1977.0,1264.0,Harper Perennial,224.0,1682,Francesca Lia Block,0.738,0.45,
2407,The Gambler,34464996.08989833,54001313.69147598,2014.0,76829.0,Modern Library,188.0,49689,Fyodor Dostoyevsky,0.778,0.6,19536317.601577647
2408,The Gambler,34464996.08989833,54001313.69147598,2014.0,76829.0,W. W. Norton  Company,192.0,49973,Fyodor Dostoyevsky,0.778,0.6,19536317.601577647
2409,Loitering with Intent,,0.0,2014.0,920.0,New Directions,224.0,2754,Muriel Spark,0.756,0.45,
2410,The Wind in the Willows,,0.0,1995.0,1333.0,Penguin Books,197.0,169596,Kenneth Grahame,0.798,0.74,
2411,The Wind in the Willows,,0.0,1995.0,1333.0,Yearling,244.0,169941,Kenneth Grahame,0.798,0.74,
2412,Heidi,,0.0,1968.0,727.0,Sterling,272.0,168190,Johanna Spyri,0.798,0.65,
2413,Miracles,,0.0,1986.0,675.0,,294.0,14006,C.S. Lewis,0.8160000000000001,0.52,
2414,Special Agent,,0.0,1935.0,1335.0,Voice,336.0,564,Candice Delong,0.778,0.64,
2415,Romance,,0.0,2008.0,728.0,Dramatists Play Service,54.0,174,David Mamet,0.6719999999999999,0.71,
2416,Romance,,0.0,2008.0,728.0,Vintage,128.0,174,David Mamet,0.6719999999999999,0.71,
2417,Splendor,,0.0,1989.0,1188.0,BOA Editions Ltd.,96.0,3,Steve Kronen,0.8,0.71,
2418,The Web,,0.0,1947.0,1669.0,Spectra,192.0,43,Thomas Wylde,0.702,0.71,
2419,Last Man Standing,,0.0,2011.0,740.0,Warners Visions Books,640.0,45331,David Baldacci,0.808,0.51,
2420,Last Man Standing,,0.0,2011.0,740.0,Warner Books,821.0,45331,David Baldacci,0.808,0.51,
2421,Mars,,0.0,1968.0,108.0,"Collector's Guide Publishing, Inc.",96.0,1,Robert Godwin,0.4,0.7,
2422,The Cossacks,,0.0,1928.0,789.0,Modern Library,161.0,6171,Leo Tolstoy,0.758,0.6799999999999999,
2423,Tom Sawyer,,0.0,2011.0,1019.0,Globe Fearon,,726009,Mark Twain,0.782,0.61,
2424,Midnight,,0.0,1934.0,1387.0,Random House Value Publishing,,23583,Dean Koontz,0.766,0.55,
2425,The Burglar,,0.0,1957.0,2181.0,Vintage Crime/Black Lizard,154.0,439,David Goodis,0.796,0.65,
2426,Heidi,,0.0,2005.0,1110.0,Sterling,272.0,168190,Johanna Spyri,0.798,0.65,
2427,New World Order,,0.0,2009.0,701.0,Huntington House Publishers,205.0,44,William T. Still,0.7,0.5700000000000001,
2428,New World Order,,0.0,2009.0,701.0,Huntington House Publishers,205.0,44,William T. Still,0.7,0.5700000000000001,
2429,Midnight,,0.0,1982.0,1377.0,Random House Value Publishing,,23583,Dean Koontz,0.766,0.49000000000000005,
2430,The Lovers,,0.0,1994.0,1115.0,Dutton Books,304.0,104,Morris L. West,0.662,0.73,
2431,The Van,,0.0,1977.0,1138.0,Secker and Warburg,312.0,6301,Roddy Doyle,0.788,0.45999999999999996,
2432,Silent Partner,6094597.077244259,0.0,2005.0,775.0,Ballantine Books,384.0,571,Stephen W. Frey,0.732,0.45,-6094597.077244259
2433,Trust Me,,0.0,2010.0,856.0,Random House Trade Paperbacks,320.0,806,John Updike,0.756,0.45999999999999996,
2434,Hail Caesar,,0.0,1994.0,1411.0,Push,304.0,361,Thu-Huong Ha,0.6599999999999999,0.32,
2435,The Men's Club,,0.0,1986.0,1175.0,Mercury House,181.0,406,Leonard Michaels,0.666,0.48,
2436,In Cold Blood,,0.0,1996.0,1161.0,Random House Audio,15.0,498212,Truman Capote,0.8140000000000001,0.62,
2437,The Hound of the Baskervilles,,0.0,1983.0,1707.0,IndyPublish.com,176.0,234084,Arthur Conan Doyle,0.8220000000000001,0.65,
2438,The Inheritance,733243.8163183188,0.0,2011.0,865.0,Penguin Books,177.0,4962,Louisa May Alcott,0.728,0.29,-733243.8163183188
2439,Parade,,0.0,1974.0,1962.0,Greenwillow Books,32.0,123,Donald Crews,0.692,0.5900000000000001,
2440,Lad: A Dog,,0.0,1962.0,138.0,Gramercy,238.0,8627,Albert Payson Terhune,0.85,0.71,
2441,The Diary of Anne Frank,,0.0,1980.0,680.0,Dramatists Play Service,70.0,7401,Frances Goodrich,0.8119999999999999,0.67,
2442,Doubting Thomas,,0.0,1935.0,223.0,Harvard University Press,267.0,9,Glenn W. Most,0.778,0.64,
2443,Buffalo Girls,,0.0,2012.0,129.0,Simon  Schuster,352.0,2611,Larry McMurtry,0.724,0.7,
2444,Trick or Treat,,0.0,1952.0,2561.0,Clarkson Potter,48.0,9,Emily Gwathmey,0.712,0.72,
2445,Rage of Angels,,0.0,1983.0,322.0,HarperCollins Publishers,512.0,33970,Sidney Sheldon,0.786,0.6,
2446,The Dot and the Line: A Romance in Lower Mathematics,,0.0,1965.0,1755.0,Random House,62.0,1482,Norton Juster,0.866,0.75,
2447,Halloween,,0.0,1931.0,107.0,Bantam,166.0,7398,Richard Curtis,0.826,0.62,
2448,Special Delivery,,0.0,2002.0,414.0,Dell,229.0,5984,Danielle Steel,0.764,0.6,
2449,The Christmas Wish,,0.0,1998.0,805.0,Zebra,218.0,38,Debbie Raleigh,0.658,0.6799999999999999,
2450,Seventh Heaven,,0.0,1993.0,465.0,Avon,379.0,1911,Catherine Anderson,0.8,0.53,
2451,Second Honeymoon,,0.0,1937.0,546.0,Harlequin Special Releases,296.0,13,Laura Abbot,0.77,0.62,
2452,Wolves,24814797.1847268,0.0,2014.0,10995.0,HarperTrophy,32.0,166,Seymour Simon,0.8220000000000001,0.53,-24814797.1847268
2453,The Encounter,,0.0,2010.0,3926.0,Dial Press,488.0,6,Malachi Martin,0.8,0.67,
2454,Zodiac,,0.0,2014.0,1923.0,Denoël,391.0,17324,Neal Stephenson,0.744,0.32999999999999996,
2455,The Little Drummer Girl,,0.0,1984.0,2616.0,Pocket Books,672.0,10674,John le Carré,0.794,0.61,
2456,The Girls,,0.0,1968.0,1148.0,Back Bay Books,368.0,20100,Lori Lansens,0.758,0.67,
2457,Pan,,0.0,1995.0,287.0,Penguin Classics,181.0,7398,Knut Hamsun,0.78,0.53,
2458,Ten Little Indians,,0.0,1987.0,3420.0,Vintage,256.0,6277,Sherman Alexie,0.8140000000000001,0.77,
2459,True Story,,6521565.889063545,2015.0,75242.0,Simon  Schuster,304.0,240,Bill Maher,0.624,0.63,
2460,Eden,,90243.1457617898,2014.0,5513.0,Mariner Books,276.0,4249,Stanisław Lem,0.782,0.64,
2461,Eden,,90243.1457617898,2014.0,5513.0,Houghton Mifflin Harcourt P,262.0,4262,Stanisław Lem,0.782,0.64,
2462,The Overnight,,1519954.67460713,2015.0,17953.0,Tor Books,406.0,413,Ramsey Campbell,0.5980000000000001,0.61,
2463,Z for Zachariah,,167832.01339314238,2015.0,34170.0,Simon Pulse,250.0,13608,Robert C. O'Brien,0.732,0.6,
2464,Z for Zachariah,,167832.01339314238,2015.0,34170.0,,96.0,17,Paul Beadle,0.836,0.6,
2465,Stations of the Cross,,0.0,2014.0,4725.0,Walther Konig Verlag,56.0,1,Lisa Ruyter,0.4,0.74,
2466,The Count of Monte Cristo,,0.0,1954.0,1290.0,Tor Classics,580.0,717363,Alexandre Dumas,0.85,0.71,
2467,Neverwhere,,0.0,1996.0,3190.0,J'AI LU,350.0,407397,Neil Gaiman,0.834,0.72,
2468,Longshot,,0.0,2001.0,1190.0,G.P. Putnam's Sons,320.0,5083,Dick Francis,0.808,0.26,
2469,Saturday Night,,0.0,2010.0,582.0,Replica Books,258.0,334,Susan Orlean,0.712,0.71,
2470,Private Confessions,,0.0,1996.0,507.0,Harlequin Blaze,249.0,570,Lori Borrill,0.742,0.73,
2471,natural history,,0.0,2014.0,56.0,Lars Muller,459.0,18,Philip Ursprung,0.734,0.67,
2472,The Prophet,,0.0,1968.0,387.0,Knopf,128.0,220719,Kahlil Gibran,0.8460000000000001,0.6,
2473,The Beach,,0.0,1954.0,310.0,Longman,112.0,68159,Alex Garland,0.788,0.6900000000000001,
2474,Antarctica,,0.0,1983.0,1885.0,Bantam,672.0,2614,Kim Stanley Robinson,0.756,0.76,
2475,Shadow,,0.0,2010.0,3217.0,eReads.com,228.0,162,Dave Duncan,0.754,0.54,
2476,Shadow,,0.0,1956.0,239.0,eReads.com,228.0,162,Dave Duncan,0.754,0.6799999999999999,
2477,Shadow,,0.0,1971.0,349.0,eReads.com,228.0,162,Dave Duncan,0.754,0.75,
2478,The Plague,,0.0,2006.0,4899.0,Penguin,238.0,148369,Albert Camus,0.798,0.45,
2479,The Plague,,0.0,1992.0,1019.0,Penguin,238.0,148369,Albert Camus,0.798,0.5599999999999999,
2480,The Plague,,0.0,2013.0,373.0,Penguin,238.0,148369,Albert Camus,0.798,0.6900000000000001,
2481,The Mayor of Casterbridge,,0.0,2003.0,1688.0,"Oxford University Press, USA",335.0,52652,Thomas Hardy,0.766,0.77,
2482,The Mayor of Casterbridge,,0.0,2003.0,1688.0,Adamant Media Corporation,336.0,52656,Thomas Hardy,0.766,0.77,
2483,Body,,0.0,2015.0,2601.0,Gallimard,278.0,1057,Harry Crews,0.782,0.64,
2484,Victoria,,4410629.346760554,2015.0,66230.0,Sun & Moon Press,155.0,5195,Knut Hamsun,0.748,0.76,
2485,Naked,,0.0,2000.0,2070.0,Turtleback Books,291.0,229698,David Sedaris,0.818,0.5,
2486,Naked,,0.0,2000.0,2070.0,Hachette Audio,3.0,230058,David Sedaris,0.818,0.5,
2487,Wasteland,,0.0,1960.0,234.0,HarperTeen,160.0,3557,Francesca Lia Block,0.774,0.67,
2488,The Outsider,,0.0,1983.0,3855.0,Harpperen,672.0,2004,Richard Wright,0.8320000000000001,0.64,
2489,Heads,,0.0,1994.0,231.0,Steidl,40.0,15,Philip-Lorca diCorcia,0.786,0.52,
2490,Phantom Pain,,0.0,2009.0,953.0,Other Press (NY),288.0,984,Arnon Grunberg,0.6679999999999999,0.63,
2491,Sense and Sensibility,,0.0,2008.0,13869.0,"Oxford University Press, USA",446.0,917623,Jane Austen,0.8140000000000001,0.8,
2492,Sense and Sensibility,,0.0,2008.0,13869.0,AudioGO,,917839,Jane Austen,0.8140000000000001,0.8,
2493,Sense and Sensibility,,0.0,2008.0,13869.0,Signet Classics,314.0,919827,Jane Austen,0.8140000000000001,0.8,
2494,Lost and Found,,0.0,1979.0,436.0,Del Rey Books,256.0,843,Alan Dean Foster,0.738,0.49000000000000005,
2495,A Short History of Decay,,0.0,2014.0,641.0,Arcade Publishing,186.0,3053,Emil M. Cioran,0.852,0.58,
2496,Focus,69227026.54347019,212742477.5711042,2015.0,290998.0,Buchet Chastel,287.0,935,Arthur  Miller,0.77,0.6599999999999999,143515451.02763402
2497,Lady Dragon,,0.0,1992.0,822.0,Medallion Press,401.0,25,Jewell Mason,0.6559999999999999,0.5,
2498,Ugly,,0.0,2013.0,24785.0,"Little, Brown Books for Young Readers",192.0,194,Donna Jo Napoli,0.754,0.79,
2499,The Hellfire Club,,0.0,1961.0,408.0,Ballantine Books,544.0,6635,Peter Straub,0.752,0.53,
2500,Forgive Me,,0.0,2006.0,469.0,Random House,256.0,1367,Amanda Eyre Ward,0.6900000000000001,0.64,
2501,Island,,0.0,2011.0,572.0,Harper Perennial Classics,354.0,23933,Aldous Huxley,0.766,0.5599999999999999,
2502,The Adventurers,,0.0,1970.0,971.0,Buccaneer,712.0,1370,Harold Robbins,0.774,0.52,
2503,Lights Out,,0.0,2010.0,1209.0,Fawcett Books,352.0,273,Peter Abrahams,0.73,0.64,
2504,Clown,,0.0,2014.0,28890.0,Henry Holt and Co. (BYR),32.0,442,Quentin Blake,0.796,0.5700000000000001,
2505,Nymph,,0.0,2014.0,3384.0,Circlet Press,100.0,1347,Francesca Lia Block,0.764,0.41,
2506,Heat Wave,,0.0,2011.0,458.0,Love Spell,365.0,355,Jennifer Archer,0.718,0.62,
2507,Heat Wave,,0.0,1990.0,237.0,Love Spell,365.0,355,Jennifer Archer,0.718,0.6799999999999999,
2508,Standoff,,0.0,1998.0,567.0,Warner Vision Books,261.0,6980,Sandra Brown,0.744,0.5,
2509,The Case of the Stuttering Bishop,,0.0,1937.0,616.0,House of Stratus,250.0,1098,Erle Stanley Gardner,0.76,0.62,
2510,The Tree,,0.0,2014.0,136.0,Ecco Press,91.0,1000,John Fowles,0.746,0.62,
2511,Pan,207266546.5373359,177404024.68086916,2015.0,68953.0,Penguin Classics,181.0,7398,Knut Hamsun,0.78,0.5700000000000001,-29862521.85646674
2512,Suite Française,20678997.653939,12551760.053585391,2014.0,30083.0,Vintage,431.0,58092,Irène Némirovsky,0.768,0.7,-8127237.60035361
2513,The Tenant of Wildfell Hall,,0.0,1997.0,3296.0,Kessinger Publishing,440.0,85960,Anne Brontë,0.79,0.73,
2514,The Tenant of Wildfell Hall,,0.0,1997.0,3296.0,Hard Press,374.0,85960,Anne Brontë,0.79,0.73,
2515,Joe Hill,,0.0,1971.0,982.0,Penguin Books (NYC),384.0,379,Wallace Stegner,0.744,0.72,
2516,Beauty and the Beast,,0.0,1987.0,821.0,Seastar Books,48.0,5862,Marianna Mayer,0.868,0.58,
2517,Sleeping Beauty,,0.0,1987.0,632.0,Hartorch,400.0,3187,Phillip Margolin,0.784,0.5700000000000001,
2518,No Place to Hide,,0.0,1970.0,937.0,Free Press,368.0,163,Robert O'Harrow Jr.,0.704,0.4,
2519,Beat the Drum,3552771.084337349,0.0,2003.0,731.0,Boyds Mills Press,32.0,5,Lee Bennett Hopkins,0.72,0.71,-3552771.084337349
2520,Siegfried,,0.0,2005.0,1934.0,Penguin,192.0,3520,Harry Mulisch,0.73,0.36,
2521,Heat,,0.0,1986.0,2786.0,Philomel Books,220.0,19350,Mike Lupica,0.796,0.5700000000000001,
2522,Heat,,0.0,1986.0,2786.0,iUniverse,256.0,73,Arthur Herzog III,0.6900000000000001,0.5700000000000001,
2523,Moby Dick,,0.0,2011.0,573.0,Naxos Audiobooks,25.0,463805,Herman Melville,0.7,0.63,
2524,Moby Dick,,0.0,2011.0,573.0,Wildside Press,512.0,464538,Herman Melville,0.7,0.63,
2525,The Face,,0.0,2013.0,31.0,Bantam,649.0,20333,Dean Koontz,0.742,0.53,
2526,Beauty and the Beast,,0.0,1978.0,2259.0,Seastar Books,48.0,5862,Marianna Mayer,0.868,0.75,
2527,The Village,,0.0,2010.0,291.0,Back Bay Books,238.0,107,David Mamet,0.49400000000000005,0.45,
2528,Sole Survivor,1159640.4494382022,0.0,1983.0,2938.0,Bantam Books,403.0,26170,Dean Koontz,0.758,0.6,-1159640.4494382022
2529,Echoes,,0.0,2014.0,1620.0,Dell Publishing Company,496.0,11402,Maeve Binchy,0.76,0.43,
2530,Nobody's Perfect,,0.0,1990.0,752.0,Simon  Schuster Books for Young Readers,240.0,208,Marlee Matlin,0.806,0.55,
2531,Nobody's Perfect,,0.0,1990.0,752.0,Pearlsong Press,192.0,98,Pat Ballard,0.7,0.55,
2532,Oddballs,,0.0,1984.0,396.0,Puffin Books,144.0,288,William Sleator,0.776,0.42000000000000004,
2533,School Spirit,,0.0,1985.0,1484.0,Dis Voir,170.0,43,Douglas Coupland,0.748,0.42000000000000004,
2534,Under the Boardwalk,,394867.1902310231,1989.0,497.0,Pocket Books,480.0,542,Linda Howard,0.718,0.54,
2535,Mine,,0.0,2009.0,254.0,Pocket Books,496.0,9675,Robert R. McCammon,0.78,0.78,
2536,Toxin,,0.0,2014.0,449.0,G.P. Putnam's Sons,432.0,11330,Robin Cook,0.76,0.25,
2537,Sylvia,,0.0,1965.0,451.0,"Farrar, Straus and Giroux",129.0,1244,Leonard Michaels,0.77,0.6599999999999999,
2538,King Lear,,0.0,1983.0,922.0,Simon  Schuster,338.0,171858,William Shakespeare,0.782,0.75,
2539,King Lear,,0.0,1971.0,1011.0,Simon  Schuster,338.0,171858,William Shakespeare,0.782,0.72,
2540,The Outsider,,0.0,1981.0,656.0,Harpperen,672.0,2004,Richard Wright,0.8320000000000001,0.64,
2541,The Outsider,,0.0,2005.0,279.0,Harpperen,672.0,2004,Richard Wright,0.8320000000000001,0.64,
2542,Without a Trace,,0.0,1983.0,2480.0,Harlequin,249.0,167,Catherine Anderson,0.738,0.71,
2543,Survivor,,0.0,2014.0,2300.0,Vintage,289.0,102505,Chuck Palahniuk,0.784,0.4,
2544,The President,,0.0,1961.0,1158.0,Waveland Press,286.0,3306,Miguel Ángel Asturias,0.798,0.71,
2545,Threshold,,0.0,1981.0,566.0,Grand Central Publishing,352.0,103,Ben Mezrich,0.708,0.5900000000000001,
2546,First Love,,0.0,1970.0,433.0,Melville House Publishing,124.0,9149,Ivan Turgenev,0.758,0.63,
2547,The Butterfly Tattoo,,0.0,2009.0,476.0,Young Picador,186.0,1715,Philip Pullman,0.638,0.54,
2548,Kidnapped,,0.0,1995.0,539.0,Atheneum Books for Young Readers,64.0,56495,Robert Louis Stevenson,0.758,0.6599999999999999,
2549,Kidnapped,,0.0,1995.0,539.0,ACC Distribution,208.0,56574,Robert Louis Stevenson,0.758,0.6599999999999999,
2550,Life Support,,0.0,2007.0,1376.0,Pocket Books,400.0,13978,Tess Gerritsen,0.8,0.67,
2551,The Chase,,0.0,1946.0,3000.0,University of Minnesota Press,121.0,258,Alejo Carpentier,0.72,0.64,
2552,The Body,,0.0,1974.0,201.0,Penguin Books,80.0,32410,Stephen King,0.85,0.52,
2553,Far from the Madding Crowd,,41771086.23128729,2015.0,56685.0,Signet Classics,400.0,121179,Thomas Hardy,0.788,0.71,
2554,Far from the Madding Crowd,,41771086.23128729,2015.0,56685.0,Penguin Books,433.0,121179,Thomas Hardy,0.788,0.71,
2555,Kissinger,,0.0,2011.0,115.0,Simon  Schuster,896.0,2772,Walter Isaacson,0.79,0.72,
2556,Resistance,,0.0,2015.0,331.0,Vintage,180.0,332,Barry  Lopez,0.766,0.71,
2557,Resistance,,0.0,2015.0,331.0,Little Brown and Company,284.0,8052,Anita Shreve,0.752,0.71,
2558,Christopher and His Kind,,0.0,2011.0,4823.0,Univ Of Minnesota Press,352.0,2736,Christopher Isherwood,0.8220000000000001,0.7,
2559,Shuffle,711826.6166905134,0.0,2012.0,1968.0,Farrar Straus Giroux,162.0,38,Leonard Michaels,0.8779999999999999,0.65,-711826.6166905134
2560,The Prince and the Pauper,,0.0,2000.0,840.0,Digital Scanning,420.0,104296,Mark Twain,0.77,0.65,
2561,Macbeth,,0.0,2006.0,2317.0,Simon  Schuster,249.0,641361,William Shakespeare,0.78,0.45999999999999996,
2562,Black Friday,,0.0,2004.0,24423.0,Vision,480.0,11753,James Patterson,0.736,0.8400000000000001,
2563,After,,0.0,2012.0,6495.0,HarperTeen,352.0,1876,Francine Prose,0.6980000000000001,0.54,
2564,The Farewell Party,,0.0,2014.0,2340.0,Penguin Books,224.0,12076,Milan Kundera,0.772,0.7,
2565,Thunderstruck,,0.0,2004.0,996.0,Crown Publishing Group (NY),463.0,35676,Erik Larson,0.74,0.61,
2566,Piccadilly Jim,,0.0,2005.0,1276.0,Harry N. Abrams,302.0,3882,P.G. Wodehouse,0.8039999999999999,0.58,
2567,The Debut,,0.0,1970.0,1150.0,Vintage,192.0,1145,Anita Brookner,0.732,0.76,
2568,Oblomov,,0.0,1980.0,2729.0,ReadHowYouWant.com,380.0,27995,Ivan Goncharov,0.8119999999999999,0.76,
2569,Oblomov,,0.0,1980.0,2729.0,Livre de Poche,668.0,28064,Ivan Goncharov,0.8119999999999999,0.76,
2570,Short Stories,,0.0,2012.0,2026.0,W. W. Norton & Company,384.0,4309,Anton Chekhov,0.86,0.6900000000000001,
2571,Waiting for Godot,,0.0,2001.0,1745.0,Samuel French Ltd,83.0,150640,Samuel Beckett,0.766,0.75,
2572,Treasure Island,,0.0,1972.0,1648.0,Kingfisher,311.0,380722,Robert Louis Stevenson,0.766,0.58,
2573,Treasure Island,,0.0,1972.0,1648.0,Running Press Kids,48.0,381855,Robert Louis Stevenson,0.766,0.58,
2574,Nobody's Perfect,,0.0,2008.0,128.0,Simon  Schuster Books for Young Readers,240.0,208,Marlee Matlin,0.806,0.73,
2575,Nobody's Perfect,,0.0,2008.0,128.0,Pearlsong Press,192.0,98,Pat Ballard,0.7,0.73,
2576,Youth,18460540.41159205,2763553.953831145,2015.0,87279.0,Penguin Books,176.0,6223,J.M. Coetzee,0.758,0.73,-15696986.457760906
2577,Streetwise,,0.0,1984.0,3479.0,Aperture,75.0,48,Mary Ellen Mark,0.8960000000000001,0.82,
2578,Survivor,27635539.53831145,0.0,2015.0,36937.0,Vintage,289.0,102505,Chuck Palahniuk,0.784,0.5700000000000001,-27635539.53831145
2579,The Uncanny,,0.0,1977.0,2547.0,Penguin Classics,240.0,2177,Sigmund Freud,0.794,0.5700000000000001,
2580,Journey Into Fear,,0.0,1975.0,389.0,Vintage Crime/Black Lizard,288.0,2918,Eric Ambler,0.784,0.53,
2581,The Red House,,0.0,1947.0,5481.0,Aegypan,140.0,53,E. Nesbit,0.736,0.67,
2582,Matilda,,0.0,1978.0,537.0,Puffin Books,240.0,590839,Roald Dahl,0.8640000000000001,0.37,
2583,Mars,,0.0,2010.0,444.0,"Collector's Guide Publishing, Inc.",96.0,1,Robert Godwin,0.4,0.5900000000000001,
2584,The Nun,,0.0,2013.0,2088.0,"Oxford University Press, USA",189.0,5249,Denis Diderot,0.742,0.65,
2585,Summer,,0.0,1976.0,827.0,IndyPublish.com,152.0,10245,Edith Wharton,0.732,0.77,
2586,The Samurai,,0.0,2014.0,1776.0,New Directions,272.0,2085,Shūsaku Endō,0.792,0.5700000000000001,
2587,Freedom,19989697.73214104,0.0,2014.0,2558.0,,72.0,5,Michael W.  Smith,0.76,0.63,-19989697.73214104
2588,Inside Out,241810970.9602252,1185027375.3787353,2015.0,889949.0,Artspace Books,56.0,10,Stefan Kürten,0.8800000000000001,0.8099999999999999,943216404.4185101
2589,The World Made Straight,,0.0,2015.0,2129.0,Picador USA,289.0,2496,Ron Rash,0.776,0.55,
2590,Mercenaries,,0.0,2014.0,2902.0,Berkley Sensation,307.0,1070,Angela Knight,0.798,0.37,
2591,Forever,,0.0,2014.0,73.0,Gallery Books,224.0,51758,Judy Blume,0.724,0.64,
2592,Frankenstein,,0.0,2004.0,2187.0,"Oxford University Press, USA",224.0,1106777,Mary Wollstonecraft Shelley,0.76,0.45,
2593,Frankenstein,,0.0,2004.0,2187.0,Dover Publications,166.0,1110135,Mary Wollstonecraft Shelley,0.76,0.45,
2594,The Last White Knight,,0.0,2012.0,173.0,Bantam,201.0,1150,Tami Hoag,0.6679999999999999,0.71,
2595,Mercenaries,,0.0,2011.0,1249.0,Berkley Sensation,307.0,1070,Angela Knight,0.798,0.33999999999999997,
2596,Obsessed,,0.0,2002.0,984.0,Oasis Audio,,7712,Ted Dekker,0.782,0.5700000000000001,
2597,The Emperor's New Clothes,,0.0,2015.0,1426.0,Andrews McMeel Publishing,30.0,1,Samantha Easton,0.8,0.7,
2598,Guardian,,0.0,2001.0,629.0,Ace,294.0,364,Joe Haldeman,0.6519999999999999,0.39,
2599,Pizza,341676.7760114465,3986229.053466876,2012.0,9488.0,Ryland Peters & Small,63.0,3,Silvana Franco,0.466,0.79,3644552.2774554295
2600,The Echo,,0.0,2008.0,6257.0,Jove Books,368.0,3630,Minette Walters,0.726,0.55,
2601,Run,,0.0,2013.0,1998.0,HarperLuxe,416.0,37832,Ann Patchett,0.7140000000000001,0.45999999999999996,
2602,Tipping Point,,0.0,2007.0,435.0,Word Works Books,80.0,83,Fred Marchant,0.798,0.62,
2603,Iberia,,0.0,2005.0,426.0,Fawcett Crest Books,960.0,2480,James A. Michener,0.742,0.7,
2604,Solo,,0.0,1980.0,169.0,Headline Review,421.0,4259,Jill Mansell,0.73,0.71,
2605,The Master,,0.0,1980.0,492.0,Scribner,339.0,8608,Colm Tóibín,0.766,0.67,
2606,Labyrinth,28473064.66762054,0.0,2012.0,3787.0,Fawcett,384.0,105,Jon Land,0.794,0.58,-28473064.66762054
2607,Company,2738052.8981429376,10952211.59257175,2002.0,17010.0,Vintage,338.0,5779,Max Barry,0.748,0.79,8214158.694428813
2608,The Victim,,0.0,1980.0,736.0,Penguin Classics,272.0,1710,Saul Bellow,0.706,0.73,
2609,Rewind,,0.0,2013.0,1689.0,Puffin Books,128.0,377,William Sleator,0.696,0.5900000000000001,
2610,Hooking Up,,0.0,2009.0,1952.0,Picador,304.0,1792,Tom Wolfe,0.6639999999999999,0.26,
2611,The Executioner's Song,,0.0,1982.0,2215.0,Vintage Books USA,1056.0,17943,Norman Mailer,0.8119999999999999,0.7,
2612,Macbeth,20726654.653733592,17412747.220658835,2015.0,61238.0,Simon  Schuster,249.0,641361,William Shakespeare,0.78,0.6599999999999999,-3313907.4330747575
2613,Madame Bovary,,0.0,2015.0,9250.0,Penguin Classics,327.0,237971,Gustave Flaubert,0.734,0.5700000000000001,
2614,Bound,,0.0,2015.0,2866.0,Simon Pulse,186.0,5286,Donna Jo Napoli,0.742,0.35,
2615,Wild Horses,,0.0,2015.0,4124.0,G.P. Putnam's Sons,352.0,3853,Dick Francis,0.782,0.48,
2616,The Dive from Clausen's Pier,,0.0,2005.0,802.0,Vintage,432.0,21277,Ann Packer,0.6839999999999999,0.54,
2617,Champs,,0.0,2015.0,1999.0,Fantagraphics,96.0,28,Steven Weissman,0.786,0.72,
2618,The Man in the Iron Mask,,0.0,1977.0,3707.0,Turtleback Books,592.0,64230,Alexandre Dumas,0.798,0.6599999999999999,
2619,The Man in the Iron Mask,,0.0,1977.0,3707.0,Abdo Publishing Company,238.0,627,Raymond H. Harris,0.8140000000000001,0.6599999999999999,
2620,The Lovers,37307978.37672047,0.0,2015.0,3562.0,Dutton Books,304.0,104,Morris L. West,0.662,0.45999999999999996,-37307978.37672047
2621,The Temple,,0.0,2011.0,1839.0,Grove Press,224.0,288,Stephen Spender,0.75,0.82,
2622,Dragonslayer,,0.0,2011.0,558.0,Del Rey Books,218.0,298,Wayland Drew,0.73,0.58,
2623,The Art of Love,,0.0,2011.0,2007.0,Indiana University Press,208.0,4586,Ovid,0.766,0.61,
2624,Best Friends,,0.0,2005.0,306.0,"Little, Brown Books for Young Readers",32.0,12,Loretta Krupinski,0.8,0.44000000000000006,
2625,Best Friends,,0.0,2005.0,306.0,First Avenue Editions (Tm),32.0,9,Marcia Leonard,0.5559999999999999,0.44000000000000006,
2626,The Perfect Wife,,0.0,2001.0,601.0,Leisure Books,354.0,3275,Lynsay Sands,0.772,0.49000000000000005,
2627,The Tenth Circle,,0.0,2008.0,1304.0,Allen & Ulwin,416.0,114138,Jodi Picoult,0.7,0.5700000000000001,
2628,Treasure Island,,0.0,1999.0,691.0,Kingfisher,311.0,380722,Robert Louis Stevenson,0.766,0.52,
2629,Treasure Island,,0.0,1999.0,691.0,Running Press Kids,48.0,381855,Robert Louis Stevenson,0.766,0.52,
2630,Thousand Pieces of Gold,,0.0,1991.0,784.0,Beacon Press,352.0,1585,Ruthanne Lum McCunn,0.754,0.6900000000000001,
2631,The Rainbow,,0.0,1989.0,1944.0,Signet,544.0,18120,D.H. Lawrence,0.738,0.63,
2632,The Keeper,,0.0,1995.0,333.0,Starfire,192.0,21,Phyllis Reynolds Naylor,0.82,0.5700000000000001,
2633,Fascination,,0.0,1979.0,4018.0,Penguin Books,288.0,397,William  Boyd,0.692,0.6,
2634,Tracks,,0.0,1977.0,658.0,Harper Perennial,226.0,10700,Louise Erdrich,0.788,0.63,
2635,The Confession,,0.0,2013.0,866.0,William Morrow,384.0,211,James E. McGreevey,0.674,0.63,
2636,Model Behavior,,0.0,2000.0,2964.0,Vintage,192.0,1269,Jay McInerney,0.646,0.6,
2637,Helen,,0.0,2008.0,494.0,,216.0,1023,Euripides,0.742,0.5900000000000001,
2638,El camino,,0.0,2008.0,189.0,Ediciones Destino,224.0,4675,Miguel Delibes,0.79,0.5700000000000001,
2639,The Jungle Book,238855132.71506235,1319231839.0789895,2016.0,302459.0,Tor Classics,277.0,100040,Rudyard Kipling,0.786,0.73,1080376706.3639271
2640,Mammoth,,0.0,2006.0,2533.0,Ace Books,341.0,1282,John Varley,0.706,0.36,
2641,Hunger,,0.0,1974.0,860.0,Penguin Books,192.0,1091,Lan Samantha Chang,0.784,0.6900000000000001,
2642,River's End,1692943.6325678497,0.0,2005.0,332.0,Jove,443.0,17831,Nora Roberts,0.796,0.52,-1692943.6325678497
2643,Augustine,,0.0,2012.0,1718.0,"Oxford University Press, USA",128.0,297,Henry Chadwick,0.744,0.61,
2644,The Human Factor,,0.0,2013.0,305.0,Everyman’s Library,368.0,7420,Graham Greene,0.782,0.5,
2645,Midnight Sun,24814797.1847268,0.0,2014.0,1050.0,Albin Michel,370.0,61,Elwood Reid,0.692,0.6,-24814797.1847268
2646,Creature,2301570.482497635,0.0,1985.0,5092.0,Bantam,416.0,10324,John Saul,0.768,0.44000000000000006,-2301570.482497635
2647,Sweet Revenge,,0.0,1976.0,391.0,Leisure Books,400.0,2634,Lynsay Sands,0.798,0.5700000000000001,
2648,Sweet Revenge,,0.0,1987.0,349.0,Leisure Books,400.0,2634,Lynsay Sands,0.798,0.39,
2649,Ticks,4542969.187675069,0.0,1993.0,6417.0,Child's World,32.0,0,Patrick Merrick,,0.55,-4542969.187675069
2650,Electra,,0.0,1962.0,2067.0,"Oxford University Press, USA",270.0,5090,Euripides,0.79,0.76,
2651,Inside Out,,0.0,2006.0,610.0,Artspace Books,56.0,10,Stefan Kürten,0.8800000000000001,0.53,
2652,Mirror Mirror,,0.0,1990.0,2591.0,Regan Books,280.0,29307,Gregory Maguire,0.6559999999999999,0.55,
2653,Dark Places,27635539.53831145,288222.0960608655,2015.0,49444.0,HarperCollins,326.0,320,Jon Evans,0.76,0.62,-27347317.442250587
2654,The Marriage of Figaro,,0.0,1975.0,199.0,Dramatists Play Service,81.0,2047,Pierre-Augustin Caron de Beaumarchais,0.728,0.8300000000000001,
2655,The Marriage of Figaro,,0.0,1975.0,199.0,Black Dog & Leventhal,144.0,2075,Wolfgang Amadeus Mozart,0.728,0.8300000000000001,
2656,Palimpsest,,0.0,2006.0,549.0,Penguin Books,448.0,1644,Gore Vidal,0.798,0.58,
2657,Salome,,0.0,1953.0,2466.0,Dover Publications,128.0,11154,Oscar Wilde,0.738,0.58,
2658,The Art of Happiness,,0.0,2013.0,1096.0,Riverhead Hardcover,336.0,86928,Dalai Lama XIV,0.8320000000000001,0.73,
2659,Arcadia,,0.0,2012.0,761.0,Doubleday Books,97.0,18681,Tom Stoppard,0.8380000000000001,0.62,
2660,Always,,0.0,2011.0,12277.0,Pocket Books,392.0,3800,Jude Deveraux,0.756,0.77,
2661,Bad Behavior,,0.0,2013.0,539.0,Harcourt,305.0,73,Mary Higgins Clark,0.6599999999999999,0.44000000000000006,
2662,The Crisis of Civilization,,0.0,2012.0,204.0,TAN Books,224.0,53,Hilaire Belloc,0.868,0.73,
2663,The Deceased,,0.0,1965.0,593.0,Leisure Books,342.0,126,Tom Piccirilli,0.562,0.76,
2664,The Scapegoat,,0.0,2013.0,1374.0,University of Pennsylvania Press,348.0,5985,Daphne du Maurier,0.794,0.63,
2665,Wasted Youth,,0.0,2011.0,1054.0,Rizzoli,144.0,7,Tim Noble,0.8859999999999999,0.5900000000000001,
2666,Sherlock Holmes,,0.0,1922.0,788.0,Pocket Essentials,78.0,28,Mark Campbell,0.772,0.5700000000000001,
2667,Dreamcatcher,,0.0,2015.0,456.0,Albin Michel,688.0,146595,Stephen King,0.726,0.71,
2668,Love,4145330.9307467183,344177.1547410616,2015.0,72700.0,Miramax Books,43.0,1464,Pablo Neruda,0.892,0.61,-3801153.7760056565
2669,Love,4145330.9307467183,344177.1547410616,2015.0,72700.0,Vintage Classics,122.0,1130,Angela Carter,0.738,0.61,-3801153.7760056565
2670,Kingdom Come,4135799.5307878,0.0,2014.0,1459.0,DC Comics,231.0,51951,Mark Waid,0.852,0.43,-4135799.5307878
2671,Kingdom Come,4135799.5307878,0.0,2014.0,1459.0,Aspect,416.0,2767,Elliot S. Maggin,0.892,0.43,-4135799.5307878
2672,The Runner,8290661.861493437,0.0,2015.0,6164.0,Yearling,96.0,34,Keith Gray,0.7,0.47000000000000003,-8290661.861493437
2673,Twenty,,0.0,2015.0,2824.0,Last Gasp,100.0,28,Erich von Götha,0.736,0.6799999999999999,
2674,The Gift,6908884.884577864,81495344.84489258,2015.0,182384.0,Penguin Books,406.0,3146,Vladimir Nabokov,0.8,0.7,74586459.9603147
2675,The Gift,6908884.884577864,81495344.84489258,2015.0,182384.0,"Little, Brown and Company",153.0,389,Pete Hamill,0.692,0.7,74586459.9603147
2676,Missing Pieces,,0.0,2000.0,232.0,Island Books,432.0,2171,Joy Fielding,0.736,0.5900000000000001,
2677,Animal Farm,45297292.04614451,0.0,1999.0,6797.0,NAL,122.0,2571980,George Orwell,0.788,0.6,-45297292.04614451
2678,The Collection,,0.0,1976.0,236.0,DH Publishing,192.0,38,Hideshi Hino,0.752,0.73,
2679,Island of the Blue Dolphins,,0.0,1964.0,599.0,Yearling Books,208.0,278247,Scott O'Dell,0.766,0.61,
2680,Island of the Blue Dolphins,,0.0,1964.0,599.0,Laurel Leaf,189.0,278694,Scott O'Dell,0.766,0.61,
2681,Hidden Secrets,,0.0,2006.0,583.0,Avon Books,374.0,79,Cait London,0.716,0.53,
2682,The Visit,6908884.884577864,136036029.0475107,2015.0,168980.0,"Samuel French, Inc.",120.0,11975,Friedrich Dürrenmatt,0.776,0.63,129127144.16293284
2683,Heart of a Dog,,0.0,1976.0,401.0,,132.0,38812,Mikhail Bulgakov,0.82,0.6599999999999999,
2684,Marco Polo,,0.0,2007.0,1604.0,Chelsea House Publications,96.0,70,Charles Parlin Graves,0.74,0.5900000000000001,
2685,Tangerine,138177.6976915573,970496.5868445602,2015.0,41856.0,Harcourt,312.0,27782,Edward Bloor,0.722,0.71,832318.889153003
2686,Every Secret Thing,,0.0,2014.0,10074.0,Allison & Busby,406.0,5479,Emma Cole,0.792,0.61,
2687,Tracks,,0.0,2005.0,337.0,Harper Perennial,226.0,10700,Louise Erdrich,0.788,0.48,
2688,Blindside,,0.0,1987.0,534.0,Allen & Unwin,420.0,7,J.R. Carroll,0.572,0.47000000000000003,
2689,Deck the Halls,,0.0,2011.0,594.0,Pocket Books,292.0,7928,Mary Higgins Clark,0.722,0.54,
2690,The Black Sheep,,0.0,1968.0,87.0,Penguin Classics,339.0,1693,Honoré de Balzac,0.798,0.64,
2691,Salem Falls,,0.0,2011.0,777.0,Washington Square Press,434.0,71315,Jodi Picoult,0.764,0.55,
2692,Brothers,,0.0,2015.0,14997.0,Toby Press,556.0,23,Chayym Zeldis,0.6599999999999999,0.64,
2693,Flashback,,0.0,2000.0,1135.0,Avon Books,407.0,101,Cait London,0.738,0.52,
2694,Flashback,,0.0,2000.0,1135.0,Forge Books,400.0,174,Gary Braver,0.6980000000000001,0.52,
2695,Flashback,,0.0,1969.0,1150.0,Avon Books,407.0,101,Cait London,0.738,0.8,
2696,Flashback,,0.0,1969.0,1150.0,Forge Books,400.0,174,Gary Braver,0.6980000000000001,0.8,
2697,Peter Pan,,0.0,2000.0,640.0,Henry Holt and Co.,176.0,255182,J.M. Barrie,0.8140000000000001,0.73,
2698,Peter Pan,,0.0,1924.0,1453.0,Henry Holt and Co.,176.0,255182,J.M. Barrie,0.8140000000000001,0.71,
2699,The Naked and the Dead,,0.0,1958.0,1962.0,Picador,721.0,22575,Norman Mailer,0.788,0.64,
2700,The Naked and the Dead,,0.0,1958.0,1962.0,Signet,559.0,22596,Norman Mailer,0.788,0.64,
2701,Elephant Song,,0.0,2014.0,5280.0,Fawcett,480.0,4696,Wilbur Smith,0.792,0.65,
2702,The Italian,,0.0,1915.0,509.0,Penguin Classics,544.0,4437,Ann Radcliffe,0.702,0.6599999999999999,
2703,The Reader,,0.0,1988.0,1895.0,Random House Audio,4.0,165031,Bernhard Schlink,0.752,0.7,
2704,The Lady in the Van,8290661.861493437,57188553.02438795,2015.0,33978.0,Faber  Faber,96.0,8435,Alan Bennett,0.744,0.67,48897891.16289451
2705,Blood Moon,,0.0,2014.0,1199.0,Western Front,358.0,45,Hal Lindsey,0.5640000000000001,0.45999999999999996,
2706,The Midwife,,0.0,2015.0,1634.0,iUniverse,576.0,886,Gay Courter,0.806,0.6,
2707,The Possessed,,0.0,1965.0,1746.0,Vintage,190.0,510,Albert Camus,0.77,0.7,
2708,The Double,,0.0,1971.0,329.0,Houghton Mifflin Harcourt,324.0,13939,José Saramago,0.78,0.54,
2709,The Double,,0.0,1971.0,329.0,Mariner Books,324.0,13993,José Saramago,0.78,0.54,
2710,Redemption,,0.0,2013.0,338.0,Fortress Press,87.0,14,Alister E. McGrath,0.842,0.6900000000000001,
2711,The Lorax,,0.0,1972.0,3651.0,Random House Books for Young Readers,72.0,268543,Dr. Seuss,0.8699999999999999,0.78,
2712,The Crossing,55143993.74383734,0.0,2014.0,0.0,Scholastic Paperbacks,128.0,1031,Gary Paulsen,0.724,,-55143993.74383734
2713,Alice in Wonderland,,0.0,1915.0,924.0,Gramercy Books,92.0,367242,Jane Carruth,0.806,0.61,
2714,Alice in Wonderland,,0.0,1915.0,924.0,Scholastic Paperbacks,160.0,214824,Lewis Carroll,0.8039999999999999,0.61,
2715,The Prophet,,0.0,2014.0,5281.0,Knopf,128.0,220719,Kahlil Gibran,0.8460000000000001,0.7,
2716,Wish You Well,,0.0,2013.0,1605.0,Warner Books (NY),368.0,21807,David Baldacci,0.796,0.67,
2717,The Bridge,,0.0,1999.0,657.0,Liveright,76.0,920,Hart Crane,0.8240000000000001,0.63,
2718,The Cutting Room,,0.0,2015.0,497.0,Canongate Books,294.0,2671,Louise Welsh,0.722,0.33999999999999997,
2719,Proteus,,0.0,1995.0,1337.0,William Heinemann Ltd,5.0,283,Morris L. West,0.756,0.41,
2720,Into the Forest,,0.0,2016.0,22829.0,Dial Press Trade Paperback,243.0,10952,Jean Hegland,0.76,0.58,
2721,Buddenbrooks,,0.0,2008.0,1647.0,Vintage International (NY),604.0,20439,Thomas Mann,0.8320000000000001,0.5900000000000001,
2722,Babes in Toyland,,0.0,1997.0,670.0,Houghton Mifflin Harcourt P,79.0,8,James Howe,0.65,0.48,
2723,Evidence,,0.0,2011.0,5700.0,Steidl Dap,95.0,15,Mona Kuhn,0.8140000000000001,0.5,
2724,Hush Little Baby,,0.0,2007.0,442.0,Scholastic Paperbacks,272.0,706,Caroline B. Cooney,0.6839999999999999,0.4,
2725,Ricochet,,0.0,2011.0,530.0,Simon & Schuster,400.0,17400,Sandra Brown,0.794,0.48,
2726,Ricochet,,0.0,2011.0,530.0,Simon & Schuster,385.0,17429,Sandra Brown,0.794,0.48,
2727,First Love,,0.0,1974.0,382.0,Melville House Publishing,124.0,9149,Ivan Turgenev,0.758,0.6799999999999999,
2728,First Love,,0.0,2000.0,263.0,Melville House Publishing,124.0,9149,Ivan Turgenev,0.758,0.72,
2729,First Love,,0.0,2006.0,343.0,Melville House Publishing,124.0,9149,Ivan Turgenev,0.758,0.61,
2730,One of Us,,0.0,1989.0,137.0,Bantam,368.0,1703,Michael Marshall Smith,0.806,0.72,
2731,The Little Prince,88433726.52259666,134821706.85887358,2015.0,70229.0,HMH Books for Young Readers,96.0,1245997,Antoine de Saint-Exupéry,0.8619999999999999,0.76,46387980.33627692
2732,Silence,62784777.74224496,32399024.03709626,2016.0,130712.0,Taplinger Publishing Company,219.0,22967,Shūsaku Endō,0.8160000000000001,0.72,-30385753.7051487
2733,The Victim,,0.0,2006.0,754.0,Penguin Classics,272.0,1710,Saul Bellow,0.706,0.55,
2734,A Tale of Love and Darkness,5527107.907662291,0.0,2015.0,4535.0,Harvest / Harcourt,560.0,8030,Amos Oz,0.844,0.6,-5527107.907662291
2735,"Gone, But Not Forgotten",,0.0,2003.0,2551.0,Hartorch,432.0,4732,Phillip Margolin,0.806,0.5599999999999999,
2736,Coming Home,,0.0,2003.0,212.0,Hodder & Stoughton,977.0,16593,Rosamunde Pilcher,0.86,0.72,
2737,Ghost Writer,4783318.668678755,0.0,2007.0,926.0,Random House Value Publishing,,9660,Philip Roth,0.764,0.45999999999999996,-4783318.668678755
2738,A Tale of Two Cities,,0.0,1980.0,1120.0,Simon  Schuster,496.0,781949,Charles Dickens,0.768,0.6599999999999999,
2739,A Tale of Two Cities,,0.0,1980.0,1120.0,In Audio,12.0,782355,Charles Dickens,0.768,0.6599999999999999,
2740,The Empty Canvas,,0.0,1963.0,1108.0,Playboy Paperbacks,288.0,2548,Alberto Moravia,0.772,0.6799999999999999,
2741,Rage,,0.0,2010.0,202.0,Not Avail,896.0,4581,Wilbur Smith,0.8160000000000001,0.44000000000000006,
2742,The Falls,,0.0,2012.0,3073.0,HarperAudio,,9573,Joyce Carol Oates,0.716,0.67,
2743,Eden,3178087.046905817,0.0,2015.0,3351.0,Mariner Books,276.0,4249,Stanisław Lem,0.782,0.47000000000000003,-3178087.046905817
2744,Eden,3178087.046905817,0.0,2015.0,3351.0,Houghton Mifflin Harcourt P,262.0,4262,Stanisław Lem,0.782,0.47000000000000003,-3178087.046905817
2745,The Inheritance,,0.0,1976.0,1097.0,Penguin Books,177.0,4962,Louisa May Alcott,0.728,0.6900000000000001,
2746,Spartacus,,0.0,2004.0,5942.0,iBooks,363.0,1463,Howard Fast,0.766,0.6599999999999999,
2747,The Victim,,0.0,2011.0,2343.0,Penguin Classics,272.0,1710,Saul Bellow,0.706,0.43,
2748,Kiss,,0.0,1963.0,450.0,Headline Review,512.0,2360,Jill Mansell,0.736,0.51,
2749,Death of a Salesman,,0.0,2000.0,209.0,Viking Books,139.0,175487,Arthur  Miller,0.704,0.8,
2750,Little Dorrit,,0.0,2008.0,11333.0,Modern Library,1347.0,42665,Charles Dickens,0.798,0.82,
2751,Gone,,0.0,2006.0,4556.0,Fiction Collective 2,258.0,10,Elisabeth Sheffield,0.8400000000000001,0.53,
2752,Territory,,0.0,2015.0,1257.0,Tor Books,318.0,1881,Emma Bull,0.752,0.63,
2753,The Stranger,,0.0,2015.0,3183.0,HMH Books for Young Readers,32.0,2870,Chris Van Allsburg,0.818,0.49000000000000005,
2754,The Hive,,0.0,2015.0,2285.0,The Noonday Press,256.0,5455,Camilo José Cela,0.754,0.51,
2755,No Man's Land,,0.0,1978.0,101.0,Hesperus Press,160.0,180,Graham Greene,0.634,0.85,
2756,Running Wild,,0.0,2006.0,902.0,"Farrar, Straus and Giroux",112.0,2481,J.G. Ballard,0.6980000000000001,0.63,
2757,Animal,,0.0,2014.0,7829.0,Reaktion Books,192.0,72,Erica Fudge,0.752,0.47000000000000003,
2758,When Night Falls,,0.0,2007.0,530.0,Pocket Books,436.0,41,Linda  Anderson,0.688,0.5,
2759,Firestorm,,0.0,2013.0,3156.0,Bantam,368.0,9345,Iris Johansen,0.808,0.62,
2760,Solstice,,0.0,2008.0,7114.0,Le Livre de Poche,224.0,638,Joyce Carol Oates,0.692,0.53,
2761,The Master,,0.0,2017.0,0.0,Scribner,339.0,8608,Colm Tóibín,0.766,,
2762,The Cat,,0.0,2011.0,1689.0,Houghton Mifflin Harcourt P,182.0,690,Georges Simenon,0.736,0.5700000000000001,
2763,The Client,,0.0,2011.0,2155.0,Delta,483.0,378641,John Grisham,0.8019999999999999,0.6799999999999999,
2764,The Client,,0.0,2011.0,2155.0,Random House Large Print,720.0,379408,John Grisham,0.8019999999999999,0.6799999999999999,
2765,The Client,,0.0,2011.0,2155.0,Dell,566.0,379450,John Grisham,0.8019999999999999,0.6799999999999999,
2766,The Ghost,,0.0,2004.0,2131.0,Dell,420.0,7675,Danielle Steel,0.776,0.5900000000000001,
2767,Runaway,3385887.2651356994,0.0,2005.0,529.0,Alfred A. Knopf,335.0,19721,Alice Munro,0.796,0.65,-3385887.2651356994
2768,Nightfall,,0.0,2012.0,1351.0,Onyx,416.0,1217,Anne Stuart,0.774,0.64,
2769,Nightfall,,0.0,2012.0,1351.0,Bantam Books,339.0,29879,Isaac Asimov,0.8099999999999999,0.64,
2770,Helpless,,0.0,2012.0,2800.0,Metropolitan Books,320.0,1114,Barbara Gowdy,0.674,0.67,
2771,The Vagabond,,0.0,1916.0,3393.0,"Farrar, Straus and Giroux",252.0,2351,Colette,0.794,0.6799999999999999,
2772,Housekeeping,,0.0,2015.0,170.0,Picador USA,219.0,38666,Marilynne Robinson,0.764,0.47000000000000003,
2773,Housekeeping,,0.0,2015.0,170.0,Bantam Books,224.0,38799,Marilynne Robinson,0.764,0.47000000000000003,
2774,The Tunnel,,0.0,1933.0,103.0,Ballantine Books,232.0,41503,Ernesto Sabato,0.8099999999999999,0.52,
2775,Nymph,,0.0,2009.0,602.0,Circlet Press,100.0,1347,Francesca Lia Block,0.764,0.61,
2776,Devotion,,0.0,2003.0,648.0,Houghton Mifflin Harcourt,208.0,253,Howard Norman,0.6759999999999999,0.61,
2777,Revelation,,18471981.776765376,2001.0,1724.0,Baker Academic,896.0,85,Grant R. Osborne,0.8800000000000001,0.45999999999999996,
2778,Word of Honor,,0.0,2003.0,621.0,Random House Audio,3.0,10102,Nelson DeMille,0.834,0.64,
2779,Fireworks,,0.0,1947.0,3083.0,Anchor Books,288.0,28,George Plimpton,0.8,0.7,
2780,The Perfect Husband,,0.0,2004.0,575.0,Zebra,249.0,20,Jeanne Savery,0.6599999999999999,0.5,
2781,The Big Bad Wolf,,0.0,1934.0,2557.0,"Little, Brown & Company",8.0,47136,James Patterson,0.798,0.6799999999999999,
2782,The Sound And The Fury,,0.0,2015.0,1348.0,Modern Library,368.0,154239,William Faulkner,0.772,0.48,
2783,Forever,,0.0,2015.0,687.0,Gallery Books,224.0,51758,Judy Blume,0.724,0.54,
2784,Les Misérables,,0.0,1948.0,186.0,Signet Classics,1463.0,641220,Victor Hugo,0.834,0.6900000000000001,
2785,Blind Date,,0.0,1959.0,1022.0,Grove Press,224.0,1174,Jerzy Kosiński,0.738,0.67,
2786,King of the Gypsies,,0.0,1978.0,1591.0,Bantam Books,209.0,150,Peter Maas,0.6719999999999999,0.63,
2787,Three Men in a Boat,,0.0,1979.0,1154.0,Chrysalis Books,239.0,52557,Jerome K. Jerome,0.778,0.6900000000000001,
2788,Three Men in a Boat,,0.0,1975.0,570.0,Chrysalis Books,239.0,52557,Jerome K. Jerome,0.778,0.6900000000000001,
2789,The Ice Dragon,,0.0,2012.0,258.0,MacMillan Audio,,16171,George R.R. Martin,0.756,0.61,
2790,The Master and Margarita,8464718.162839249,0.0,2005.0,5230.0,Penguin Classics,412.0,224437,Mikhail Bulgakov,0.86,0.75,-8464718.162839249
2791,Homecoming,,0.0,2015.0,505.0,Harlequin SuperRomance,304.0,17,Laura Abbot,0.6940000000000001,0.53,
2792,Henrietta,,0.0,1983.0,93.0,Houghton Mifflin Harcourt,32.0,18,David Mamet,0.712,0.67,
2793,Plan B,,0.0,2009.0,4723.0,MTV Books,288.0,1847,Jenny O'Connell,0.6980000000000001,0.7,
2794,Falling For You,,0.0,1995.0,264.0,Headline Review,448.0,5977,Jill Mansell,0.76,0.51,
2795,The Challengers,,0.0,1990.0,297.0,Living Books,247.0,284,Grace Livingston Hill,0.8460000000000001,0.6799999999999999,
2796,Absence,,0.0,1992.0,91.0,"Farrar, Straus and Giroux",118.0,110,Peter Handke,0.686,0.63,
2797,Forbidden,,0.0,1954.0,158.0,Severn House Publishers,400.0,3295,Elizabeth Lowell,0.788,0.5900000000000001,
2798,King Lear,,0.0,1916.0,108.0,Simon  Schuster,338.0,171858,William Shakespeare,0.782,0.54,
2799,Treasure Island,,0.0,1982.0,390.0,Kingfisher,311.0,380722,Robert Louis Stevenson,0.766,0.73,
2800,Treasure Island,,0.0,1982.0,390.0,Running Press Kids,48.0,381855,Robert Louis Stevenson,0.766,0.73,
2801,The Girls,,0.0,1961.0,4988.0,Back Bay Books,368.0,20100,Lori Lansens,0.758,0.78,
2802,Alice in Wonderland,,0.0,1981.0,839.0,Gramercy Books,92.0,367242,Jane Carruth,0.806,0.76,
2803,Alice in Wonderland,,0.0,1981.0,839.0,Scholastic Paperbacks,160.0,214824,Lewis Carroll,0.8039999999999999,0.76,
2804,Curtains,,0.0,1983.0,6535.0,Simon Pulse,139.0,289,R.L. Stine,0.726,0.55,
2805,My Sweet Orange Tree,,0.0,2013.0,1655.0,,208.0,28958,José Mauro de Vasconcelos,0.882,0.72,
2806,Surfacing,8369587.155963303,0.0,1981.0,184.0,McClelland & Stewart Limited,192.0,20840,Margaret Atwood,0.692,0.44000000000000006,-8369587.155963303
2807,Salomé,,0.0,2002.0,480.0,Dover Publications,64.0,11154,Oscar Wilde,0.738,0.6900000000000001,
2808,Salomé,,0.0,2013.0,2353.0,Dover Publications,64.0,11154,Oscar Wilde,0.738,0.62,
2809,Salomé,,0.0,1923.0,1350.0,Dover Publications,64.0,11154,Oscar Wilde,0.738,0.6599999999999999,
2810,Afterlife,,0.0,2014.0,931.0,Onyx,272.0,424,Douglas Clegg,0.662,0.7,
2811,Tangerine,,0.0,2008.0,97.0,Harcourt,312.0,27782,Edward Bloor,0.722,0.62,
2812,Heart of a Dog,,0.0,2015.0,2692.0,,132.0,38812,Mikhail Bulgakov,0.82,0.7,
2813,The List,,0.0,2013.0,427.0,Jove,451.0,12830,Steve Martini,0.792,0.43,
2814,Lucky,,0.0,2011.0,271.0,Hachette Book Group,243.0,89365,Alice Sebold,0.756,0.72,
2815,Truman,,12474129.836803025,2015.0,14520.0,Simon  Schuster,1120.0,74683,David McCullough,0.826,0.73,
2816,Reaper,,0.0,2015.0,6587.0,HarperTorch,416.0,102,Ben Mezrich,0.688,0.44000000000000006,
2817,The Wave,8158103.850766995,17928753.869587258,2015.0,45570.0,Grand Central Publishing,240.0,934,Walter Mosley,0.654,0.6599999999999999,9770650.018820263
2818,Cosmos,,0.0,2015.0,2294.0,Yale University Press,208.0,2652,Witold Gombrowicz,0.806,0.5700000000000001,
2819,The President,,0.0,2014.0,1934.0,Waveland Press,286.0,3306,Miguel Ángel Asturias,0.798,0.73,
2820,Earthfall,,0.0,2015.0,976.0,Writers Club Press,540.0,0,Joel Dodd,,0.3,
2821,Emil and the Detectives,,0.0,1931.0,763.0,,224.0,7544,Erich Kästner,0.794,0.72,
2822,The Unseen,,0.0,1945.0,902.0,Yearling,208.0,350,Zilpha Keatley Snyder,0.692,0.6,
2823,Sherlock Holmes,,0.0,1916.0,530.0,Pocket Essentials,78.0,28,Mark Campbell,0.772,0.62,
2824,Spirit,852056.4601785446,0.0,2012.0,2319.0,Leisure Books,422.0,626,Graham Masterton,0.744,0.75,-852056.4601785446
2825,Chronicle of a Death Foretold,,0.0,1987.0,1391.0,Vintage,120.0,114051,Gabriel García Márquez,0.794,0.6599999999999999,
2826,Second Skin,,0.0,2009.0,769.0,New Directions,210.0,392,John Hawkes,0.77,0.6599999999999999,
2827,Fatherland,,0.0,1986.0,604.0,HarperTorch,380.0,33284,Robert   Harris,0.796,0.62,
2828,The Wall,,0.0,1983.0,4591.0,Vintage Books,640.0,1867,John Hersey,0.8560000000000001,0.79,
2829,The Pyramid,,0.0,2007.0,610.0,Faber  Faber,217.0,733,William Golding,0.666,0.63,
2830,Finders Keepers,,0.0,2015.0,2924.0,Atlantic Books,209.0,810,Mark Bowden,0.6799999999999999,0.6799999999999999,
2831,The Black Marble,,0.0,1980.0,975.0,Dell,416.0,1205,Joseph Wambaugh,0.764,0.62,
2832,Sisters,41453309.30746719,145101855.357061,2015.0,72756.0,Delacorte Press,341.0,17802,Danielle Steel,0.77,0.6,103648546.0495938
2833,The Bridge,,0.0,2015.0,1760.0,Liveright,76.0,920,Hart Crane,0.8240000000000001,0.65,
2834,Midnight Sun,,0.0,2006.0,2028.0,Albin Michel,370.0,61,Elwood Reid,0.692,0.71,
2835,Ghost,,14666050.170602515,2010.0,373.0,Tor Books,279.0,800,Piers Anthony,0.636,0.54,
2836,Black Kiss,,0.0,2004.0,361.0,Eros Comix,136.0,398,Howard Chaykin,0.708,0.6,
2837,Spellbound,,0.0,2011.0,3872.0,Penguin Books Ltd,439.0,24635,Jane Green,0.726,0.6799999999999999,
2838,Pizza,,0.0,2005.0,1161.0,Ryland Peters & Small,63.0,3,Silvana Franco,0.466,0.55,
2839,When Santa Fell to Earth,,0.0,2011.0,300.0,Chicken House / Scholastic,167.0,2228,Cornelia Funke,0.752,0.55,
2840,Standoff,10919091.781259991,0.0,2016.0,9559.0,Warner Vision Books,261.0,6980,Sandra Brown,0.744,0.61,-10919091.781259991
2841,Manhunt,,0.0,1976.0,638.0,HarperTorch,219.0,13037,Janet Evanovich,0.74,0.6799999999999999,
2842,Shadows on the Wall,,0.0,2014.0,384.0,Atheneum Books,165.0,64,Phyllis Reynolds Naylor,0.712,0.49000000000000005,
2843,Parade,,0.0,2010.0,687.0,Greenwillow Books,32.0,123,Donald Crews,0.692,0.72,
2844,The Unseen,8317128.205128204,0.0,1980.0,2524.0,Yearling,208.0,350,Zilpha Keatley Snyder,0.692,0.53,-8317128.205128204
2845,Science Fiction,,0.0,2002.0,390.0,Routledge,168.0,158,Adam Roberts,0.74,0.6,
2846,A perfect match,,0.0,2007.0,531.0,Zebra Mass Paper,319.0,6,Meg-Lynn Roberts,0.666,0.64,
2847,Everything Must Go,,0.0,1996.0,630.0,Mira Books,361.0,825,Elizabeth Flock,0.538,0.6799999999999999,
2848,The Forest,13648864.726574993,54671126.847457625,2016.0,47367.0,Ballantine Books,784.0,7762,Edward Rutherfurd,0.8039999999999999,0.48,41022262.12088263
2849,Of Love and Other Demons,,0.0,2009.0,535.0,Penguin Group (USA),160.0,52921,Gabriel García Márquez,0.796,0.61,
2850,Great Expectations,,0.0,1999.0,1990.0,Penguin Audio,3.0,622146,Charles Dickens,0.754,0.72,
2851,Great Expectations,,0.0,1999.0,1990.0,Signet Classics,494.0,623762,Charles Dickens,0.754,0.72,
2852,Great Expectations,,0.0,1999.0,1990.0,Brilliance Audio,518.0,623897,Charles Dickens,0.754,0.72,
2853,Close Range,,0.0,2015.0,6015.0,Scribner,285.0,14324,Annie Proulx,0.798,0.51,
2854,Don Quixote,,0.0,1957.0,1014.0,Ecco,940.0,197128,Miguel de Cervantes Saavedra,0.774,0.73,
2855,Don Quixote,,0.0,1957.0,1014.0,Tantor Media,,197715,Miguel de Cervantes Saavedra,0.774,0.73,
2856,Bridge To Terabithia,,0.0,1985.0,816.0,HarperTeen,191.0,422564,Katherine Paterson,0.8,0.5900000000000001,
2857,David Golder,,0.0,1931.0,376.0,Vintage Canada,176.0,1405,Irène Némirovsky,0.732,0.7,
2858,The Golem,,0.0,1936.0,285.0,Dedalus,264.0,5521,Gustav Meyrink,0.776,0.62,
2859,The Forest,,0.0,2009.0,131.0,Ballantine Books,784.0,7762,Edward Rutherfurd,0.8039999999999999,0.6599999999999999,
2860,Blind Date,,0.0,2015.0,7322.0,Grove Press,224.0,1174,Jerzy Kosiński,0.738,0.6599999999999999,
2861,Frankenstein,,0.0,2015.0,3226.0,"Oxford University Press, USA",224.0,1106777,Mary Wollstonecraft Shelley,0.76,0.51,
2862,Frankenstein,,0.0,2015.0,3226.0,Dover Publications,166.0,1110135,Mary Wollstonecraft Shelley,0.76,0.51,
2863,Strangers,,0.0,2007.0,534.0,Berkley,704.0,41388,Dean Koontz,0.8,0.67,
2864,The Chosen,,0.0,2015.0,2223.0,Random House Publishing Group,271.0,81501,Chaim Potok,0.8099999999999999,0.35,
2865,Gideon's Trumpet,,0.0,1980.0,1274.0,Vintage Books,264.0,2412,Anthony  Lewis,0.782,0.71,
2866,Night Watch,,0.0,2005.0,607.0,Xlibris,500.0,1,Suzanne Knecht,0.8,0.6,
2867,Hell,,0.0,2005.0,423.0,Turtle Point Press,255.0,1639,Henri Barbusse,0.738,0.42000000000000004,
2868,Providence,,0.0,2016.0,86.0,Bantam,192.0,904,Daniel Quinn,0.734,0.78,
2869,The Source,,0.0,2011.0,4329.0,"Random House, Inc.",1080.0,37855,James A. Michener,0.86,0.72,
2870,Ghosts,,0.0,1997.0,6231.0,Picador,244.0,636,John Banville,0.722,0.75,
2871,Ghosts,,0.0,1997.0,6231.0,Kessinger Publishing,92.0,11524,Henrik Ibsen,0.768,0.75,
2872,The Weapon,,0.0,1957.0,472.0,Baen,656.0,1204,Michael Z. Williamson,0.8119999999999999,0.62,
2873,Stanley,,0.0,1972.0,883.0,HarperCollins Publishers,64.0,158,Syd Hoff,0.724,0.45999999999999996,
2874,The Art of Love,,0.0,1965.0,1073.0,Indiana University Press,208.0,4586,Ovid,0.766,0.61,
2875,Demons,,0.0,1971.0,3345.0,Vintage,733.0,35386,Fyodor Dostoyevsky,0.8539999999999999,0.79,
2876,Run,,0.0,2004.0,1588.0,HarperLuxe,416.0,37832,Ann Patchett,0.7140000000000001,0.5,
2877,Nightfall,,0.0,1999.0,233.0,Onyx,416.0,1217,Anne Stuart,0.774,0.7,
2878,Nightfall,,0.0,1999.0,233.0,Bantam Books,339.0,29879,Isaac Asimov,0.8099999999999999,0.7,
2879,Alexander the Great,,0.0,1980.0,1237.0,Ohio University Press,232.0,298,Nikos Kazantzakis,0.766,0.74,
2880,Three Days,,0.0,1992.0,786.0,Puffin Books,160.0,900,Donna Jo Napoli,0.712,0.6799999999999999,
2881,Quiet Days in Clichy,,0.0,1970.0,1241.0,Grove Press,154.0,4228,Henry Miller,0.738,0.51,
2882,Tess of the D'Urbervilles,,0.0,1998.0,2202.0,Penguin Classics,518.0,229685,Thomas Hardy,0.76,0.76,
2883,Tess of the D'Urbervilles,,0.0,1998.0,2202.0,Simon & Schuster,446.0,229683,Thomas Hardy,0.76,0.76,
2884,Tess of the D'Urbervilles,,0.0,1998.0,2202.0,W. W. Norton & Company,467.0,230102,Thomas Hardy,0.76,0.76,
2885,Forgive Me,,0.0,2001.0,95.0,Random House,256.0,1367,Amanda Eyre Ward,0.6900000000000001,0.7,
2886,Oblivion,,0.0,2008.0,106.0,Back Bay Books,329.0,11928,David Foster Wallace,0.8140000000000001,0.74,
2887,The Secret,,0.0,2000.0,901.0,Hesperus Press,123.0,209,Charlotte Brontë,0.666,0.6,
2888,The Cyclist,,0.0,1987.0,2490.0,Simon  Schuster,192.0,223,Viken Berberian,0.75,0.72,
2889,The Nun,,0.0,2007.0,178.0,"Oxford University Press, USA",189.0,5249,Denis Diderot,0.742,0.6799999999999999,
2890,Fashion,7643914.900034877,0.0,2008.0,13598.0,National Geographic Society,239.0,14,Cathy Newman,0.9,0.6900000000000001,-7643914.900034877
2891,Loverboy,,0.0,2003.0,674.0,Avon Books,313.0,31,Richard Belsky,0.794,0.61,
2892,Thank You,19210987.987539954,6012599.293810214,2011.0,6741.0,Lion Hudson,32.0,0,Olivia Warburton,,0.49000000000000005,-13198388.69372974
2893,Ghost,,0.0,2012.0,266.0,Tor Books,279.0,800,Piers Anthony,0.636,0.25,
2894,The chosen,1627536.377320622,0.0,2006.0,506.0,Random House Publishing Group,271.0,81501,Chaim Potok,0.8099999999999999,0.74,-1627536.377320622
2895,Skin,,0.0,2008.0,1114.0,Weekly Reader Early Learning Library,24.0,2,Cynthia Amoroso,0.6,0.6799999999999999,
2896,Swan Lake,,0.0,1981.0,1053.0,Houghton Mifflin (Jp),80.0,958,Mark Helprin,0.826,0.76,
2897,Creature,,0.0,2014.0,1781.0,Bantam,416.0,10324,John Saul,0.768,0.32999999999999996,
2898,The Legend of Sleepy Hollow,,0.0,1999.0,1364.0,Wildside Press,108.0,46297,Washington Irving,0.746,0.51,
2899,Dreamland,,0.0,2007.0,1134.0,Speak,250.0,72358,Sarah Dessen,0.782,0.35,
2900,Dreamland,,0.0,2007.0,1134.0,Harper Perennial,657.0,1657,Kevin Baker,0.742,0.35,
2901,Plastic Jesus,,0.0,1971.0,276.0,Subterranean Press,105.0,453,Poppy Z. Brite,0.716,0.65,
2902,Beast,,0.0,2011.0,630.0,Simon Pulse,272.0,6666,Donna Jo Napoli,0.6900000000000001,0.5599999999999999,
2903,Darkness,,0.0,2013.0,28.0,Bantam,373.0,19993,John Saul,0.788,0.54,
2904,Mother,,0.0,2016.0,38.0,Citadel Press,406.0,11684,Maxim Gorky,0.786,0.64,
2905,Mother,,0.0,2016.0,38.0,Echo Library,285.0,11707,Maxim Gorky,0.786,0.64,
2906,And Then There Were None,,0.0,,47656.0,St. Martin's Press,264.0,740875,Agatha Christie,0.852,0.78,
2907,Gold Coast,,0.0,2015.0,732.0,Random House Audio,,24549,Nelson DeMille,0.8160000000000001,0.53,
2908,Evolution,,0.0,2015.0,7935.0,Del Rey Books,646.0,2780,Stephen Baxter,0.796,0.5900000000000001,
2909,Happy Days,701778.2207169787,4210675.702060097,2007.0,6623.0,Grove/Atlantic,64.0,5220,Samuel Beckett,0.778,0.79,3508897.4813431185
2910,Hide and Seek,,0.0,2014.0,1365.0,,368.0,61320,James Patterson,0.8240000000000001,0.44000000000000006,
2911,The Encounter,,0.0,2015.0,536.0,Dial Press,488.0,6,Malachi Martin,0.8,0.32999999999999996,
2912,The Gift,,0.0,2014.0,242.0,Penguin Books,406.0,3146,Vladimir Nabokov,0.8,0.6599999999999999,
2913,The Gift,,0.0,2014.0,242.0,"Little, Brown and Company",153.0,389,Pete Hamill,0.692,0.6599999999999999,
2914,Prague,,0.0,2006.0,3491.0,DK Publishing (Dorling Kindersley),272.0,265,Vladimír Soukup,0.8300000000000001,0.67,
2915,Prague,,0.0,2006.0,3491.0,,282.0,115,Neil Wilson,0.754,0.67,
2916,Creature,,0.0,1998.0,3128.0,Bantam,416.0,10324,John Saul,0.768,0.51,
2917,Checkpoint,,0.0,2003.0,561.0,Vintage,128.0,828,Nicholson Baker,0.576,0.78,
2918,Faust,,0.0,1960.0,723.0,W.W. Norton & Company,752.0,29391,Johann Wolfgang von Goethe,0.792,0.74,
2919,Faust,,0.0,1960.0,723.0,Hesperus Press,92.0,343,Ivan Turgenev,0.766,0.74,
2920,Hunger,18471.981776765377,0.0,2001.0,72.0,Penguin Books,192.0,1091,Lan Samantha Chang,0.784,0.77,-18471.981776765377
2921,The Rescue,,0.0,1971.0,56.0,Grand Central Publishing,352.0,164257,Nicholas Sparks,0.8220000000000001,0.65,
2922,Zoom,,0.0,2015.0,3086.0,Puffin Books,64.0,3361,Istvan Banyai,0.86,0.6,
2923,Rhinoceros,,0.0,1964.0,135.0,Copper Canyon Press,96.0,2,Kevin Ducey,0.8,0.6599999999999999,
2924,Paterson,6824432.363287496,2938242.9753757594,2016.0,93760.0,Cátedra,336.0,2659,William Carlos Williams,0.8300000000000001,0.73,-3886189.387911737
2925,Enchantment,,0.0,1921.0,334.0,Del Rey,422.0,25262,Orson Scott Card,0.78,0.63,
2926,The Good Neighbor,,0.0,2016.0,19637.0,Alyson Books,304.0,259,Jay Quinn,0.746,0.63,
2927,Kitchen,,0.0,1965.0,56.0,Grove Press,152.0,44792,Banana Yoshimoto,0.772,0.6599999999999999,
2928,Dreamland,,0.0,2016.0,615.0,Speak,250.0,72358,Sarah Dessen,0.782,0.5700000000000001,
2929,Dreamland,,0.0,2016.0,615.0,Harper Perennial,657.0,1657,Kevin Baker,0.742,0.5700000000000001,
2930,Mary Shelley,,0.0,2018.0,19079.0,Grove Press,672.0,293,Miranda Seymour,0.8019999999999999,0.64,
2931,Imagining Argentina,,0.0,2003.0,3632.0,Bantam,240.0,1175,Lawrence Thornton,0.8099999999999999,0.61,
2932,Embers,,0.0,2015.0,2354.0,Penguin,249.0,16868,Sándor Márai,0.794,0.54,
2933,Laughing Gas,,0.0,1914.0,1734.0,Harry N. Abrams,286.0,2110,P.G. Wodehouse,0.776,0.5599999999999999,
2934,The Rescue,,0.0,1988.0,1434.0,Grand Central Publishing,352.0,164257,Nicholas Sparks,0.8220000000000001,0.55,
2935,Freedom,,0.0,2006.0,482.0,,72.0,5,Michael W.  Smith,0.76,0.72,
2936,The Diary of Anne Frank,,0.0,1995.0,323.0,Dramatists Play Service,70.0,7401,Frances Goodrich,0.8119999999999999,0.67,
2937,Dust,,0.0,2008.0,159.0,Laurel Leaf,192.0,1426,Arthur Slade,0.706,0.63,
2938,Revenge,,0.0,1978.0,838.0,St. Martin's Press,240.0,70,Mary Morris,0.7140000000000001,0.77,
2939,Ali Baba and the Forty Thieves,,0.0,1954.0,1543.0,Usborne Books,48.0,744,Anonymous,0.746,0.6,
2940,Lullaby,,0.0,2015.0,15.0,Vintage,260.0,86968,Chuck Palahniuk,0.746,0.8099999999999999,
2941,The Confession,,0.0,2011.0,0.0,William Morrow,384.0,211,James E. McGreevey,0.674,,
2942,Side Effects,,0.0,2005.0,1183.0,Roaring Brook Press,144.0,961,Amy Goldman Koss,0.774,0.48,
2943,Frozen Stiff,,0.0,2002.0,10722.0,Yearling,160.0,233,Sherry Shahan,0.726,0.8300000000000001,
2944,A Little Night Music,365073.7197523917,522055.4192459201,2002.0,2089.0,Berkley Trade,179.0,1,Lee  Williams,0.6,0.7,156981.6994935284
2945,Labyrinth,,0.0,2002.0,2486.0,Fawcett,384.0,105,Jon Land,0.794,0.7,
2946,Red Dust,,0.0,1999.0,522.0,W. W. Norton  Company,352.0,436,Gillian Slovo,0.72,0.67,
2947,Just Between Us,,0.0,2010.0,1111.0,Gallery Books,544.0,2451,Cathy Kelly,0.762,0.6599999999999999,
2948,The Living and the Dead,,0.0,2007.0,1043.0,Random House Value Publishing,,166,Paul Hendrickson,0.8019999999999999,0.6,
2949,The BFG,191084106.17204988,250245914.2475216,2016.0,97954.0,HarperCollins Publishers,4.0,344834,Roald Dahl,0.8460000000000001,0.63,59161808.07547173
2950,The BFG,191084106.17204988,250245914.2475216,2016.0,97954.0,Puffin Books,208.0,346510,Roald Dahl,0.8460000000000001,0.63,59161808.07547173
2951,Pollyanna,,0.0,2003.0,1395.0,Hard Press,170.0,73752,Eleanor H. Porter,0.796,0.75,
2952,The Magic City,,0.0,1955.0,431.0,SeaStar Books,212.0,1848,E. Nesbit,0.792,0.72,
2953,Second Nature,,0.0,2003.0,863.0,Delta,304.0,6431,Michael Pollan,0.786,0.54,
2954,The Pilot's Wife,,0.0,2005.0,919.0,Back Bay Books,304.0,85541,Anita Shreve,0.704,0.5700000000000001,
2955,The Pilot's Wife,,0.0,2005.0,919.0,Random House Audio,,85652,Anita Shreve,0.706,0.5700000000000001,
2956,Fear Itself,,0.0,2015.0,411.0,Phoenix (Orion Books),316.0,1617,Walter Mosley,0.792,0.62,
2957,War and Peace,,0.0,2007.0,2141.0,Oxford University Press,1392.0,250130,Leo Tolstoy,0.8240000000000001,0.72,
2958,Someone to Run With,,0.0,2006.0,731.0,Picador,343.0,5478,David Grossman,0.828,0.72,
2959,Seven,,0.0,1979.0,1014.0,Digital Manga Publishing,176.0,117,Momoko Tenzen,0.67,0.58,
2960,Abzurdah,,0.0,2015.0,2359.0,Planeta Publishing,290.0,3451,Cielo Latini,0.61,0.54,
2961,Freedom,,0.0,1982.0,140.0,,72.0,5,Michael W.  Smith,0.76,0.61,
2962,Camille,,0.0,1921.0,1120.0,Oberon Books,102.0,12,Neil Bartlett,0.7,0.65,
2963,The Gambler,,0.0,2013.0,1772.0,Modern Library,188.0,49689,Fyodor Dostoyevsky,0.778,0.71,
2964,The Gambler,,0.0,2013.0,1772.0,W. W. Norton  Company,192.0,49973,Fyodor Dostoyevsky,0.778,0.71,
2965,A Midsummer Night's Dream,,0.0,2016.0,898.0,Signet Book,162.0,428449,William Shakespeare,0.788,0.64,
2966,Alexander Hamilton,,0.0,1931.0,351.0,Penguin Books,818.0,111215,Ron Chernow,0.8460000000000001,0.58,
2967,The Witness,,0.0,2015.0,4737.0,Barbour Publishing,224.0,661,Grace Livingston Hill,0.828,0.7,
2968,Prey,,0.0,1977.0,1736.0,Leisure Books,352.0,1004,Graham Masterton,0.766,0.53,
2969,Hard Sell,,0.0,2016.0,999.0,Ace,268.0,705,Piers Anthony,0.678,0.5599999999999999,
2970,The Caretaker,,0.0,2008.0,555.0,Dramatists Play Service,43.0,3073,Harold Pinter,0.74,0.33999999999999997,
2971,The Hive,,0.0,2008.0,2014.0,The Noonday Press,256.0,5455,Camilo José Cela,0.754,0.32,
2972,Double Identity,,0.0,2009.0,2880.0,Simon  Schuster Books for Young Readers,224.0,15065,Margaret Peterson Haddix,0.8039999999999999,0.45,
2973,Thirst,,0.0,1979.0,2025.0,Beacon Press,88.0,4223,Mary Oliver,0.8720000000000001,0.5700000000000001,
2974,Lights Out,6687943.716021746,203189059.0917813,2016.0,150192.0,Fawcett Books,352.0,273,Peter Abrahams,0.73,0.63,196501115.37575954
2975,Hide and Seek,,0.0,2013.0,2567.0,,368.0,61320,James Patterson,0.8240000000000001,0.63,
2976,First Light,,0.0,2015.0,220.0,Grove Press,336.0,342,Peter Ackroyd,0.7,0.62,
2977,Night Train,,0.0,2008.0,729.0,Roaring Brook Press,32.0,58,Caroline Stutson,0.6519999999999999,0.64,
2978,The Journey,1681891.8091870388,0.0,2014.0,643.0,Pan Australia,186.0,287,John Marsden,0.662,0.73,-1681891.8091870388
2979,The Journey,,0.0,1997.0,109.0,Pan Australia,186.0,287,John Marsden,0.662,0.72,
2980,The Journey,923599.0888382688,0.0,2001.0,218.0,Pan Australia,186.0,287,John Marsden,0.662,0.7,-923599.0888382688
2981,Distracted,,0.0,1970.0,1853.0,Tuumba Press,134.0,19,Jalal Toufic,0.8220000000000001,0.62,
2982,Nerve,25932842.980492484,116344964.79948832,2016.0,145734.0,Jove,320.0,4222,Dick Francis,0.808,0.65,90412121.81899583
2983,The Return,,0.0,1980.0,1018.0,Hesperus Press,75.0,213,Joseph Conrad,0.722,0.37,
2984,Alice in Wonderland,,0.0,1903.0,3109.0,Gramercy Books,92.0,367242,Jane Carruth,0.806,0.62,
2985,Alice in Wonderland,,0.0,1903.0,3109.0,Scholastic Paperbacks,160.0,214824,Lewis Carroll,0.8039999999999999,0.62,
2986,The Book of Daniel,,0.0,2013.0,1640.0,Modern Library,320.0,4795,E.L. Doctorow,0.772,0.61,
2987,Friday,,0.0,2016.0,1147.0,Del Rey,384.0,25749,Robert A. Heinlein,0.768,0.62,
2988,Rebirth,,0.0,2016.0,6070.0,Del Rey,185.0,40730,John Wyndham,0.786,0.5,
2989,Batman: The Killing Joke,4777102.654301248,5152446.43428206,2016.0,64716.0,DC Comics,50.0,161445,Alan Moore,0.874,0.64,375343.7799808122
2990,The Presence,55143.99374383734,0.0,2014.0,1562.0,Ballantine Books,432.0,3092,John Saul,0.752,0.41,-55143.99374383734
2991,The Far Pavilions,,0.0,1984.0,945.0,Random House Value Publishing,,39071,M.M. Kaye,0.842,0.7,
2992,Around the World in 80 Days,,0.0,1989.0,3777.0,Listening Library,280.0,175382,Jules Verne,0.786,0.71,
2993,Around the World in 80 Days,,0.0,1989.0,3777.0,Spotlight,236.0,5370,Marian Leighton,0.796,0.71,
2994,Greyfriars Bobby,,0.0,2005.0,722.0,Andersen Press Ltd,32.0,107,Ruth Brown,0.8140000000000001,0.63,
2995,River,,0.0,2016.0,2388.0,HMH Books for Young Readers,32.0,16,Debby Atwell,0.776,0.6,
2996,The Cherry Orchard,9.847237401335764,265.8754098360656,1999.0,734.0,Bloomsbury Methuen Drama,96.0,27867,Anton Chekhov,0.736,0.63,256.02817243472987
2997,Robinson Crusoe,18425967.38087624,4562401.917492804,2016.0,6960.0,Modern Library,320.0,237505,Daniel Defoe,0.734,0.54,-13863565.463383436
2998,Robinson Crusoe,18425967.38087624,4562401.917492804,2016.0,6960.0,Atheneum Books,51.0,20,Timothy Meis,0.7,0.54,-13863565.463383436
2999,Blood Moon,,0.0,2016.0,148.0,Western Front,358.0,45,Hal Lindsey,0.5640000000000001,0.42000000000000004,
3000,Body,,0.0,2015.0,2625.0,Gallimard,278.0,1057,Harry Crews,0.782,0.52,
3001,Youth,,0.0,2013.0,387.0,Penguin Books,176.0,6223,J.M. Coetzee,0.758,0.61,
3002,The Little House,,0.0,2014.0,1529.0,HarperCollins Publishers,368.0,2466,Philippa Gregory,0.736,0.73,
3003,Anne of Green Gables,,0.0,2016.0,1783.0,Sterling,312.0,684282,L.M. Montgomery,0.852,0.65,
3004,Anne of Green Gables,,0.0,2016.0,1783.0,"Oxford University Press, USA",56.0,242,Clare West,0.806,0.65,
3005,The Edge,,0.0,1968.0,88.0,G.P. Putnam's Sons,368.0,4481,Dick Francis,0.8039999999999999,0.62,
3006,The Children,,0.0,1985.0,212.0,Virago,368.0,705,Edith Wharton,0.746,0.6599999999999999,
3007,Endgame,,0.0,2000.0,367.0,HMH Books for Young Readers,304.0,806,Nancy Garden,0.75,0.75,
3008,Endgame,,0.0,2015.0,402.0,HMH Books for Young Readers,304.0,806,Nancy Garden,0.75,0.54,
3009,The Other Side,,0.0,2015.0,1376.0,Random House Value Publishing,,151,Mary Gordon,0.628,0.67,
3010,The Other Side,,0.0,2015.0,1376.0,Chronicle Books (CA),48.0,294,Istvan Banyai,0.8019999999999999,0.67,
3011,Paradise,,0.0,2015.0,140.0,Plume (Penguin Books Ltd),318.0,22167,Toni Morrison,0.76,0.61,
3012,Paradise,,0.0,2015.0,140.0,Bloomsbury,249.0,606,Abdulrazak Gurnah,0.7,0.61,
3013,The Ranch,,0.0,2004.0,755.0,Random House Audio,,6091,Danielle Steel,0.758,0.52,
3014,The Ranch,,0.0,2004.0,755.0,Dell,496.0,6094,Danielle Steel,0.758,0.52,
3015,Scarlett,,0.0,1994.0,3603.0,Grand Central Publishing,896.0,50264,Alexandra Ripley,0.702,0.63,
3016,The Dogs of Riga,,0.0,1995.0,881.0,Blackstone Audiobooks,9.0,21942,Henning Mankell,0.744,0.55,
3017,Fools on the Hill,,0.0,2012.0,68.0,Pocket Books,342.0,1,Preston Lerner,0.6,0.8099999999999999,
3018,The Sea of Trees,,0.0,2016.0,19467.0,Mariner Books,240.0,52,Yannick Murphy,0.78,0.61,
3019,Gargoyles,,0.0,1972.0,4214.0,Vintage International,208.0,1557,Thomas Bernhard,0.786,0.5900000000000001,
3020,The Forest,,0.0,1982.0,1716.0,Ballantine Books,784.0,7762,Edward Rutherfurd,0.8039999999999999,0.39,
3021,The Forest,2.9329752652732752,0.0,2011.0,179.0,Ballantine Books,784.0,7762,Edward Rutherfurd,0.8039999999999999,0.31,-2.9329752652732752
3022,The Forest,,0.0,2002.0,309.0,Ballantine Books,784.0,7762,Edward Rutherfurd,0.8039999999999999,0.5599999999999999,
3023,Out of This World,,0.0,1945.0,187.0,Jove Books,357.0,6317,J.D. Robb,0.8140000000000001,0.63,
3024,The Suspect,,0.0,1975.0,150.0,Dutton,390.0,2658,John Lescroart,0.77,0.65,
3025,The Search,34464996.08989833,0.0,2014.0,3101.0,Gollancz,192.0,2,Iain Crichton Smith,0.8,0.6799999999999999,-34464996.08989833
3026,The Search,34464996.08989833,0.0,2014.0,3101.0,Anchor,133.0,2902,Naguib Mahfouz,0.752,0.6799999999999999,-34464996.08989833
3027,The Jungle,,0.0,2013.0,1037.0,Replica Books,424.0,126085,Upton Sinclair,0.748,0.37,
3028,The Jungle,,0.0,2013.0,1037.0,Modern Library,416.0,126233,Upton Sinclair,0.748,0.37,
3029,Last Summer,,0.0,2013.0,1203.0,Kensington,432.0,691,Michael Thomas Ford,0.8,0.5599999999999999,
3030,El Paso,,0.0,1949.0,513.0,St. Martin's Paperbacks,256.0,27,Matt Braun,0.674,0.5900000000000001,
3031,Naked,,0.0,2014.0,0.0,Turtleback Books,291.0,229698,David Sedaris,0.818,,
3032,Naked,,0.0,2014.0,0.0,Hachette Audio,3.0,230058,David Sedaris,0.818,,
3033,The Promise,,0.0,2017.0,180036.0,Anchor Books,368.0,12132,Chaim Potok,0.8300000000000001,0.61,
3034,The Promise,,0.0,2017.0,180036.0,Moyer Bell and its subsidiaries,256.0,375,Pearl S. Buck,0.8019999999999999,0.61,
3035,Christine,,0.0,2016.0,17664.0,LGF,411.0,190194,Stephen King,0.756,0.6900000000000001,
3036,The End of Time,,0.0,2012.0,432.0,University Press of New England,390.0,29,Damian Thompson,0.738,0.61,
3037,The Piano Tuner,,0.0,2011.0,2462.0,University of Georgia Press,168.0,31,Peter Meinke,0.748,0.8,
3038,Daisy-Head Mayzie,,0.0,1995.0,254.0,Random House Books for Young Readers,56.0,3322,Dr. Seuss,0.774,0.63,
3039,Horton Hears a Who!,,0.0,1970.0,2229.0,Random House Books for Young Readers,64.0,93580,Dr. Seuss,0.836,0.73,
3040,Horton Hatches the Egg,,0.0,1942.0,734.0,Harpercollins Children's Books,64.0,40085,Dr. Seuss,0.834,0.73,
3041,The Confessions,,0.0,2016.0,2036.0,Hendrickson,360.0,43336,Augustine of Hippo,0.784,0.61,
3042,White People,,0.0,2015.0,428.0,Vintage,272.0,486,Allan Gurganus,0.78,0.44000000000000006,
3043,Small Island,,0.0,2009.0,1689.0,Picador USA,441.0,25740,Andrea Levy,0.79,0.75,
3044,Three Days,,0.0,2001.0,1263.0,Puffin Books,160.0,900,Donna Jo Napoli,0.712,0.6799999999999999,
3045,The Karamazov Brothers,,0.0,2008.0,1293.0,Oxford University Press,1054.0,228811,Fyodor Dostoyevsky,0.8640000000000001,0.75,
3046,Brotherly Love,2625376.256139588,0.0,2015.0,2219.0,Random House Value Publishing,,558,Pete Dexter,0.762,0.65,-2625376.256139588
3047,Kicks,,0.0,2016.0,4682.0,Fawcett,10.0,123,Janet Fitch,0.6940000000000001,0.64,
3048,Flowers of Evil,,0.0,2016.0,496.0,New Directions,448.0,45824,Charles Baudelaire,0.852,0.5,
3049,Mansfield Park,,0.0,2007.0,7830.0,Miramax Books,432.0,273521,Jane Austen,0.772,0.62,
3050,Mansfield Park,,0.0,2007.0,7830.0,Barnes  Noble Classics,427.0,274028,Jane Austen,0.772,0.62,
3051,Perfect Match,,0.0,2015.0,2257.0,Atria Books,368.0,63565,Jodi Picoult,0.79,0.6,
3052,Perfect Match,,0.0,2015.0,2257.0,Allen & Unwin,368.0,63651,Jodi Picoult,0.79,0.6,
3053,Sense and Sensibility,,0.0,1981.0,1098.0,"Oxford University Press, USA",446.0,917623,Jane Austen,0.8140000000000001,0.67,
3054,Sense and Sensibility,,0.0,1981.0,1098.0,AudioGO,,917839,Jane Austen,0.8140000000000001,0.67,
3055,Sense and Sensibility,,0.0,1981.0,1098.0,Signet Classics,314.0,919827,Jane Austen,0.8140000000000001,0.67,
3056,Jane Eyre,,0.0,1983.0,3973.0,Penguin,532.0,1548529,Charlotte Brontë,0.8240000000000001,0.8,
3057,Jane Eyre,,0.0,1983.0,3973.0,Signet Classics,462.0,1553077,Charlotte Brontë,0.8240000000000001,0.8,
3058,Jane Eyre,,0.0,1983.0,3973.0,Turtleback Books,461.0,1553399,Charlotte Brontë,0.8240000000000001,0.8,
3059,Persuasion,,0.0,1971.0,635.0,Oxford University Press,249.0,498446,Jane Austen,0.828,0.65,
3060,Persuasion,,0.0,1971.0,635.0,Penguin,400.0,499902,Jane Austen,0.828,0.65,
3061,Emma,,0.0,1972.0,646.0,Penguin Books,474.0,609938,Jane Austen,0.8,0.67,
3062,Love Is Blind,,0.0,2013.0,1010.0,Leisure Books,342.0,4089,Lynsay Sands,0.798,0.73,
3063,Demons,,0.0,2012.0,257.0,Vintage,733.0,35386,Fyodor Dostoyevsky,0.8539999999999999,0.72,
3064,Baseball,,0.0,1994.0,5091.0,DK Publishing (Dorling Kindersley),63.0,60,James Kelley,0.76,0.9199999999999999,
3065,Inferno,102366485.44931243,300304040.106172,2016.0,199171.0,Modern Library,490.0,134162,Dante Alighieri,0.8,0.62,197937554.65685958
3066,Titus Andronicus,,0.0,1985.0,208.0,Simon  Schuster,268.0,22718,William Shakespeare,0.74,0.76,
3067,Wild Oats,,0.0,2016.0,4982.0,Chappell Plays,63.0,12,James McLure,0.716,0.5700000000000001,
3068,Pedro Páramo,,0.0,1967.0,431.0,Anagrama,122.0,38236,Juan Rulfo,0.8119999999999999,0.7,
3069,The Forgotten,1994765.043691136,0.0,2014.0,751.0,Schocken Books Inc,320.0,581,Elie Wiesel,0.788,0.53,-1994765.043691136
3070,Obsessed,,0.0,1992.0,584.0,Oasis Audio,,7712,Ted Dekker,0.782,0.5700000000000001,
3071,Silence,3079624.028536939,0.0,2011.0,475.0,Taplinger Publishing Company,219.0,22967,Shūsaku Endō,0.8160000000000001,0.6599999999999999,-3079624.028536939
3072,Fritz Lang,,0.0,2016.0,389.0,Da Capo Press,416.0,41,Lotte H. Eisner,0.776,0.63,
3073,Sense and Sensibility,,0.0,1971.0,257.0,"Oxford University Press, USA",446.0,917623,Jane Austen,0.8140000000000001,0.65,
3074,Sense and Sensibility,,0.0,1971.0,257.0,AudioGO,,917839,Jane Austen,0.8140000000000001,0.65,
3075,Sense and Sensibility,,0.0,1971.0,257.0,Signet Classics,314.0,919827,Jane Austen,0.8140000000000001,0.65,
3076,Confessions of an Ugly Stepsister,,0.0,2002.0,958.0,William Morrow Paperbacks,372.0,56167,Gregory Maguire,0.706,0.6599999999999999,
3077,Borrowed Time,,0.0,2015.0,4738.0,Delta,432.0,1241,Robert Goddard,0.752,0.75,
3078,Gunslinger,,0.0,1956.0,1909.0,Duke University Press Books,224.0,266,Ed Dorn,0.8220000000000001,0.38,
3079,The Ring,,0.0,1996.0,1007.0,Xlibris,260.0,291,Piers Anthony,0.686,0.72,
3080,Mars,9010222.222222222,0.0,1998.0,594.0,"Collector's Guide Publishing, Inc.",96.0,1,Robert Godwin,0.4,0.39,-9010222.222222222
3081,Flowers for Algernon,,0.0,2000.0,2100.0,Harvest Books,311.0,454065,Daniel Keyes,0.826,0.6599999999999999,
3082,Flatland,,0.0,2007.0,912.0,Oxford University Press,176.0,50336,Edwin A. Abbott,0.764,0.6799999999999999,
3083,Four Mothers,,0.0,1941.0,370.0,Picador,276.0,327,Shifra Horn,0.738,0.62,
3084,Risk,,0.0,2017.0,2424.0,G.P. Putnam's Sons,272.0,3140,Dick Francis,0.79,0.63,
3085,Risk,,0.0,2017.0,2424.0,Fawcett,288.0,3146,Dick Francis,0.79,0.63,
3086,Risk,,0.0,2017.0,2424.0,Routledge,240.0,48,John Adams,0.738,0.63,
3087,Heartstone,,0.0,2016.0,6681.0,HarperTorch,404.0,1409,Phillip Margolin,0.75,0.74,
3088,Vice and Virtue,,0.0,1963.0,445.0,Wings,864.0,66,Jane Feather,0.734,0.6,
3089,Invisible,,0.0,2016.0,150.0,Simon Pulse,160.0,2428,Pete Hautman,0.768,0.54,
3090,Godless,,0.0,2017.0,750.0,Simon  Schuster Books for Young Readers,208.0,4375,Pete Hautman,0.72,0.61,
3091,The Secret Garden,,0.0,1987.0,2032.0,Dover Publications,256.0,844700,Frances Hodgson Burnett,0.826,0.71,
3092,The Wish List,,0.0,2010.0,1051.0,Scholastic Inc.,252.0,15732,Eoin Colfer,0.754,0.62,
3093,The Odyssey,29158069.715382155,0.0,2016.0,6462.0,Penguin Classics,541.0,829841,Homer,0.752,0.6599999999999999,-29158069.715382155
3094,The Odyssey,29158069.715382155,0.0,2016.0,6462.0,Viking,541.0,831670,Homer,0.752,0.6599999999999999,-29158069.715382155
3095,Fences,32757275.34377998,87918835.92836584,2016.0,123612.0,Theatre Communications Group,92.0,16695,August Wilson,0.776,0.72,55161560.58458586
3096,Money,,0.0,2016.0,3164.0,Vintage,394.0,22344,Martin Amis,0.742,0.55,
3097,Mercy,,0.0,2016.0,3806.0,Washington Square Press,400.0,46658,Jodi Picoult,0.716,0.42000000000000004,
3098,The Matchbreaker,,0.0,2016.0,2984.0,Berkley Trade,352.0,805,Chris Manby,0.716,0.5599999999999999,
3099,Twilight of the Dark Master,,0.0,1998.0,649.0,Digital Manga Publishing,217.0,16,Saki Okuse,0.712,0.55,
3100,My Family and Other Animals,,0.0,2005.0,2049.0,House of Stratus,400.0,35702,Gerald Durrell,0.85,0.73,
3101,Strangled,,0.0,2016.0,6777.0,Atria Books,343.0,93,Brian McGrory,0.744,0.7,
3102,Omertà,,0.0,2012.0,589.0,Suma,488.0,13881,Mario Puzo,0.742,0.58,
3103,The Caretaker,,0.0,2016.0,874.0,Dramatists Play Service,43.0,3073,Harold Pinter,0.74,0.41,
3104,The Master and Margarita,,0.0,1994.0,760.0,Penguin Classics,412.0,224437,Mikhail Bulgakov,0.86,0.64,
3105,Dog,,0.0,2001.0,1066.0,Candlewick,192.0,1256,Daniel Pennac,0.786,0.6599999999999999,
3106,Monster Trucks,170610809.08218738,88026872.15222257,2016.0,20103.0,First Avenue Editions (Tm),32.0,30,Kristin L. Nelson,0.8,0.5700000000000001,-82583936.92996481
3107,Hunting Season,,0.0,2010.0,38649.0,St. Martin's Paperbacks,528.0,566,P.T. Deutermann,0.798,0.74,
3108,The Beckoning Silence,,0.0,2007.0,1453.0,Mountaineers Books,315.0,2062,Joe Simpson,0.8099999999999999,0.74,
3109,Silk,,0.0,1986.0,585.0,Vintage Books USA,91.0,34333,Alessandro Baricco,0.768,0.4,
3110,Lucky Girl,,0.0,2001.0,1534.0,Red Dress Ink,343.0,330,Fiona Gibson,0.706,0.64,
3111,Special Delivery,,0.0,1978.0,1189.0,Dell,229.0,5984,Danielle Steel,0.764,0.73,
3112,Every Second Counts,,0.0,2009.0,315.0,Yellow Jersey,246.0,4215,Lance Armstrong,0.704,0.6,
3113,Chocolat,25250399.744163737,0.0,2016.0,8551.0,Soundings,10.0,106961,Joanne Harris,0.792,0.7,-25250399.744163737
3114,Dog,,0.0,2015.0,330.0,Candlewick,192.0,1256,Daniel Pennac,0.786,0.6599999999999999,
3115,Beauty and the Beast,213033848.07362345,1681484600.316955,2017.0,353174.0,Seastar Books,48.0,5862,Marianna Mayer,0.868,0.71,1468450752.2433317
3116,The Island,,0.0,2009.0,3537.0,Scholastic Paperbacks,208.0,1503,Gary Paulsen,0.744,0.65,
3117,Call Me by Your Name,6253571.329277803,0.0,2017.0,348411.0,"Farrar, Straus and Giroux",248.0,165283,André Aciman,0.8539999999999999,0.78,-6253571.329277803
3118,Ghost in the Shell,146460770.55061612,226084729.0057713,2017.0,237081.0,Titan,368.0,9990,Masamune Shirow,0.836,0.63,79623958.4551552
3119,The Feast of the Goat,,0.0,2006.0,914.0,Picador USA,482.0,23973,Mario Vargas Llosa,0.8539999999999999,0.64,
3120,Pearl,,0.0,2016.0,2144.0,Anchor,368.0,546,Mary Gordon,0.638,0.6900000000000001,
3121,Lavender,,0.0,2017.0,9312.0,Redfeather Book from Henry Holt,40.0,26,Karen Hesse,0.646,0.54,
3122,The Book of Love,,0.0,2017.0,4988.0,W. W. Norton  Company,864.0,64,Diane Ackerman,0.8380000000000001,0.6,
3123,The Stranger,,0.0,1973.0,731.0,HMH Books for Young Readers,32.0,2870,Chris Van Allsburg,0.818,0.37,
3124,Black Snow,5325846.201840586,1917304.632662611,2017.0,6254.0,Vintage Books,192.0,3025,Mikhail Bulgakov,0.754,0.62,-3408541.569177975
3125,Mine,,0.0,2016.0,22538.0,Pocket Books,496.0,9675,Robert R. McCammon,0.78,0.58,
3126,In Dubious Battle,19971923.2569022,0.0,2017.0,4686.0,Penguin Classics,304.0,11083,John Steinbeck,0.778,0.6,-19971923.2569022
3127,The Tribe,,0.0,2016.0,494.0,Verso,138.0,15,Jean-Michel. Mension,0.8140000000000001,0.45,
3128,Monster,,0.0,2014.0,1981.0,Amistad,281.0,58109,Walter Dean Myers,0.744,0.64,
3129,Journey,,0.0,2015.0,293.0,Fawcett,336.0,2085,James A. Michener,0.762,0.63,
3130,The Glass Castle,,12922952.77491811,2017.0,40307.0,Scribner,288.0,855213,Jeannette Walls,0.8539999999999999,0.71,
3131,The Thirteenth Tale,,0.0,2013.0,3311.0,Atria Books,406.0,264411,Diane Setterfield,0.792,0.67,
3132,Wolves,,0.0,2016.0,1418.0,HarperTrophy,32.0,166,Seymour Simon,0.8220000000000001,0.5700000000000001,
3133,River,,0.0,2015.0,29453.0,HMH Books for Young Readers,32.0,16,Debby Atwell,0.776,0.79,
3134,Carrie Pilby,,0.0,2017.0,14181.0,Red Dress Ink,328.0,2349,Caren Lissner,0.706,0.67,
3135,Prey,,0.0,2016.0,2989.0,Leisure Books,352.0,1004,Graham Masterton,0.766,0.53,
3136,The Bride,1997192.32569022,0.0,2017.0,3166.0,St. Martin's Press,245.0,1085,Bapsi Sidhwa,0.6900000000000001,0.45999999999999996,-1997192.32569022
3137,Tess of the D'Urbervilles,,0.0,2008.0,6953.0,Penguin Classics,518.0,229685,Thomas Hardy,0.76,0.76,
3138,Tess of the D'Urbervilles,,0.0,2008.0,6953.0,Simon & Schuster,446.0,229683,Thomas Hardy,0.76,0.76,
3139,Tess of the D'Urbervilles,,0.0,2008.0,6953.0,W. W. Norton & Company,467.0,230102,Thomas Hardy,0.76,0.76,
3140,Black Ice,,0.0,1994.0,1142.0,Vintage,256.0,765,Lorene Cary,0.704,0.63,
3141,The Passion,,0.0,2016.0,742.0,Grove Press,176.0,18250,Jeanette Winterson,0.8220000000000001,0.72,
3142,The Prince and the Pauper,,0.0,1962.0,222.0,Digital Scanning,420.0,104296,Mark Twain,0.77,0.6900000000000001,
3143,The Importance of Being Earnest,,0.0,1986.0,289.0,Samuel French Ltd,114.0,291547,Oscar Wilde,0.834,0.73,
3144,The Scapegoat,,0.0,1959.0,2703.0,University of Pennsylvania Press,348.0,5985,Daphne du Maurier,0.794,0.6799999999999999,
3145,The Choirboys,,0.0,1977.0,2043.0,Orion,368.0,4841,Joseph Wambaugh,0.8119999999999999,0.5599999999999999,
3146,Dead Man's Folly,,0.0,1986.0,2497.0,Literary Express,181.0,18283,Agatha Christie,0.758,0.63,
3147,The Tommyknockers,27.257815126050417,0.0,1993.0,12901.0,Signet Book,748.0,120397,Stephen King,0.708,0.54,-27.257815126050417
3148,Ali and Nino,,0.0,2016.0,11621.0,Vintage/Ebury,237.0,5674,Kurban Said,0.784,0.6799999999999999,
3149,Thirst,,0.0,2016.0,1499.0,Beacon Press,88.0,4223,Mary Oliver,0.8720000000000001,0.44000000000000006,
3150,Island in the Sky,,0.0,1953.0,4031.0,Bantam Books (NY),182.0,180,Ernest K. Gann,0.834,0.6799999999999999,
3151,Cleopatra,,0.0,1912.0,658.0,Waking Lion Press,308.0,1214,H. Rider Haggard,0.772,0.51,
3152,Tell No One,,0.0,2012.0,1648.0,Dell Publishing Company,370.0,110413,Harlan Coben,0.8220000000000001,0.6599999999999999,
3153,The Old Man and the Sea,,0.0,1999.0,4815.0,Simon  Schuster Audio,3.0,779615,Ernest Hemingway,0.754,0.8,
3154,The Old Man and the Sea,,0.0,1999.0,4815.0,Heinemann Library,92.0,782720,Ernest Hemingway,0.754,0.8,
3155,The Castle,,0.0,1994.0,1036.0,Schocken,528.0,41582,Franz Kafka,0.792,0.6900000000000001,
3156,The Collector,,0.0,1997.0,560.0,Back Bay Books,305.0,52004,John Fowles,0.796,0.67,
3157,Sideways,,0.0,2009.0,295.0,St. Martin's Griffin,368.0,5025,Rex Pickett,0.74,0.5599999999999999,
3158,The Case for Christ,,0.0,2017.0,11451.0,Zondervan,367.0,94870,Lee Strobel,0.828,0.64,
3159,Still Life,,0.0,1997.0,122.0,Bulfinch,144.0,40,Irving Penn,0.844,0.71,
3160,My Cousin Rachel,,3563093.631570738,2017.0,21916.0,Black Dog & Leventhal Publishers,374.0,36139,Daphne du Maurier,0.792,0.6,
3161,The Covenant,,0.0,2017.0,1824.0,St. Martin's Griffin,276.0,1682,Naomi Ragen,0.788,0.35,
3162,The Wonderful Wizard of Oz,,0.0,1910.0,1783.0,Signet,220.0,348112,L. Frank Baum,0.798,0.5700000000000001,
3163,The Wall,,2400637.1586335986,2017.0,34043.0,Vintage Books,640.0,1867,John Hersey,0.8560000000000001,0.62,
3164,Poppy,,0.0,1936.0,785.0,Scholastic,163.0,7946,Avi,0.792,0.67,
3165,Guns,,0.0,1990.0,1697.0,Medallion Press,357.0,177,Phil Bowie,0.6799999999999999,0.45,
3166,Spin,,0.0,2005.0,1652.0,Tor Books,364.0,33880,Robert Charles Wilson,0.8039999999999999,0.78,
3167,Firefly,,0.0,1975.0,2148.0,Avon Books,466.0,2459,Piers Anthony,0.65,0.7,
3168,Happy Days,,0.0,1978.0,12709.0,Grove/Atlantic,64.0,5220,Samuel Beckett,0.778,0.8699999999999999,
3169,The Trial,,0.0,2010.0,1957.0,Vintage,255.0,215662,Franz Kafka,0.794,0.5599999999999999,
3170,The Trial,,0.0,2010.0,1957.0,Schocken,288.0,216519,Franz Kafka,0.794,0.5599999999999999,
3171,Quo Vadis,33249567.19817768,0.0,2001.0,2424.0,Barbour Publishing,496.0,25193,Henryk Sienkiewicz,0.8320000000000001,0.5700000000000001,-33249567.19817768
3172,The Earthquake,,0.0,2016.0,3085.0,Saqi Books,184.0,98,Tahir Wattar,0.5900000000000001,0.6599999999999999,
3173,Cosmos,,0.0,,49388.0,Yale University Press,208.0,2652,Witold Gombrowicz,0.806,0.93,
3174,Perfect Harmony,,0.0,1991.0,550.0,Grand Central Publishing,470.0,474,Barbara Wood,0.756,0.73,
3175,The Lovers,,285036.62579940725,2017.0,4442.0,Dutton Books,304.0,104,Morris L. West,0.662,0.61,
3176,Heaven and Hell,,0.0,1980.0,179.0,New Century Edition,544.0,443,Emanuel Swedenborg,0.796,0.5900000000000001,
3177,Mother,,0.0,1991.0,3752.0,Citadel Press,406.0,11684,Maxim Gorky,0.786,0.75,
3178,Mother,,0.0,1991.0,3752.0,Echo Library,285.0,11707,Maxim Gorky,0.786,0.75,
3179,The Stone Raft,,0.0,2002.0,675.0,Mariner Books,292.0,6277,José Saramago,0.76,0.58,
3180,Oasis,,0.0,2017.0,5588.0,Counterpoint LLC,201.0,48,Laureen Vonnegut,0.584,0.79,
3181,Much Ado About Nothing,,0.0,2016.0,742.0,Cambridge University Press,196.0,207100,William Shakespeare,0.8140000000000001,0.65,
3182,Much Ado About Nothing,,0.0,2016.0,742.0,Signet Classic,166.0,207100,William Shakespeare,0.8140000000000001,0.65,
3183,Bleeding Hearts,,0.0,2013.0,267.0,"Little, Brown and Company",384.0,1955,Jack Harvey,0.7140000000000001,0.32999999999999996,
3184,Loveless,,0.0,2017.0,37071.0,Continuum,128.0,793,Mike McGonigal,0.704,0.76,
3185,The Lost World,,0.0,2001.0,3632.0,Random House Value Publishing,,115266,Michael Crichton,0.756,0.67,
3186,A Long and Happy Life,,0.0,2013.0,526.0,Scribner Book Company,208.0,758,Reynolds Price,0.784,0.63,
3187,Snow,,0.0,2004.0,2114.0,Random House,72.0,4470,Roy McKie,0.8320000000000001,0.64,
3188,Last Call,,0.0,2012.0,621.0,Penguin Books,288.0,156,Harry Mulisch,0.6940000000000001,0.41,
3189,Alchemy,,0.0,2005.0,614.0,Simon Pulse,207.0,434,Margaret Mahy,0.682,0.52,
3190,A,,0.0,1998.0,323.0,Grove Press,384.0,228,Andy Warhol,0.6799999999999999,0.6799999999999999,
3191,Ghost,,4559864.02382139,2015.0,1239.0,Tor Books,279.0,800,Piers Anthony,0.636,0.65,
3192,Revenge,,0.0,1989.0,787.0,St. Martin's Press,240.0,70,Mary Morris,0.7140000000000001,0.72,
3193,Survivor,,0.0,1999.0,335.0,Vintage,289.0,102505,Chuck Palahniuk,0.784,0.44000000000000006,
3194,Stone,,0.0,2012.0,769.0,Harry N. Abrams,120.0,284,Andy Goldsworthy,0.9019999999999999,0.5599999999999999,
3195,Andersonville,,0.0,1996.0,2213.0,Plume,766.0,7257,MacKinlay Kantor,0.8240000000000001,0.73,
3196,The Spy,8541919.400286162,6531971.5977212265,2012.0,1361.0,IndyPublish.com,404.0,1037,James Fenimore Cooper,0.72,0.54,-2009947.8025649358
3197,The Double,2847306.466762054,0.0,2012.0,864.0,Houghton Mifflin Harcourt,324.0,13939,José Saramago,0.78,0.48,-2847306.466762054
3198,The Double,2847306.466762054,0.0,2012.0,864.0,Mariner Books,324.0,13993,José Saramago,0.78,0.48,-2847306.466762054
3199,The Midwife,,0.0,2017.0,3181.0,iUniverse,576.0,886,Gay Courter,0.806,0.67,
3200,The Other Side,,0.0,1994.0,120.0,Random House Value Publishing,,151,Mary Gordon,0.628,0.6900000000000001,
3201,The Other Side,,0.0,1994.0,120.0,Chronicle Books (CA),48.0,294,Istvan Banyai,0.8019999999999999,0.6900000000000001,
3202,The Jungle,,0.0,2012.0,1346.0,Replica Books,424.0,126085,Upton Sinclair,0.748,0.5,
3203,The Jungle,,0.0,2012.0,1346.0,Modern Library,416.0,126233,Upton Sinclair,0.748,0.5,
3204,The Idiot,,0.0,2003.0,2274.0,Modern Library,667.0,122060,Fyodor Dostoyevsky,0.8380000000000001,0.8300000000000001,
3205,"Hamlet, Prince of Denmark",,0.0,1961.0,708.0,Cambridge University Press/The New Cambridge Shakespeare,270.0,696082,William Shakespeare,0.8039999999999999,0.27,
3206,The Hunchback of Notre-Dame,,0.0,1986.0,91.0,Signet Classics,510.0,162555,Victor Hugo,0.8,0.63,
3207,Women,,0.0,1965.0,150.0,Ecco,291.0,60606,Charles Bukowski,0.77,0.73,
3208,Nemesis,,0.0,1992.0,7460.0,Fleuve noir,286.0,2865,S.D. Perry,0.798,0.54,
3209,Frost,2135479.8500715406,0.0,2012.0,477.0,Alfred A. Knopf,342.0,1113,Thomas Bernhard,0.776,0.33999999999999997,-2135479.8500715406
3210,Junk,4882609.131961866,0.0,2006.0,846.0,Puffin Modern Classics,389.0,17758,Melvin Burgess,0.778,0.52,-4882609.131961866
3211,She,,0.0,1984.0,2258.0,MTV Books,128.0,1786,Saul Williams,0.8400000000000001,0.48,
3212,The Foundling,,0.0,1939.0,866.0,Harlequin,406.0,5410,Georgette Heyer,0.774,0.75,
3213,The Invisible Man,,0.0,1984.0,200.0,Scholastic Paperbacks,208.0,130322,H.G. Wells,0.728,0.6,
3214,Heroes,,0.0,2010.0,975.0,Grove Press,80.0,22,Gerald Sibleyras,0.746,0.71,
3215,Anna Karenina,,0.0,1948.0,3134.0,Penguin Classics,838.0,631550,Leo Tolstoy,0.8099999999999999,0.6599999999999999,
3216,The Promise,409465.9417972498,0.0,2016.0,1725.0,Anchor Books,368.0,12132,Chaim Potok,0.8300000000000001,0.7,-409465.9417972498
3217,The Promise,409465.9417972498,0.0,2016.0,1725.0,Moyer Bell and its subsidiaries,256.0,375,Pearl S. Buck,0.8019999999999999,0.7,-409465.9417972498
3218,Macbeth,,0.0,2010.0,1285.0,Simon  Schuster,249.0,641361,William Shakespeare,0.78,0.75,
3219,The Journey,,0.0,2017.0,2264.0,Pan Australia,186.0,287,John Marsden,0.662,0.67,
3220,The Night Before Christmas,,0.0,1951.0,380.0,Random House Books for Young Readers,40.0,106892,Clement C. Moore,0.874,0.72,
3221,Metamorphoses,,0.0,1978.0,213.0,Penguin,723.0,56269,Ovid,0.8099999999999999,0.61,
3222,Gulliver's Travels,58709140.27149322,0.0,1996.0,7548.0,Penguin,306.0,223306,Jonathan Swift,0.7140000000000001,0.6900000000000001,-58709140.27149322
3223,Gulliver's Travels,58709140.27149322,0.0,1996.0,7548.0,Penguin Audiobooks,6.0,223839,Jonathan Swift,0.7140000000000001,0.6900000000000001,-58709140.27149322
3224,Angel,,0.0,2016.0,532.0,HarperCollins Publishers,495.0,1029,Barbara Taylor Bradford,0.73,0.6,
3225,Sanctuary,,0.0,2015.0,1973.0,Vintage,317.0,10769,William Faulkner,0.728,0.72,
3226,Labyrinth,,0.0,2003.0,1331.0,Fawcett,384.0,105,Jon Land,0.794,0.6799999999999999,
3227,Out of Time,,0.0,1988.0,277.0,Tor Teen,128.0,184,John Marsden,0.58,0.45,
3228,Out of Time,,0.0,1988.0,277.0,Pan Australia,144.0,184,John Marsden,0.58,0.45,
3229,Wolf! Wolf!,,0.0,1944.0,233.0,Hyperion Books for Children,32.0,277,John Rocco,0.8119999999999999,0.55,
3230,Bluebeard,,0.0,1901.0,2054.0,Mariner Books,144.0,440,Max Frisch,0.722,0.6799999999999999,
3231,The Dancing Pig,,0.0,1907.0,1623.0,HMH Books for Young Readers,32.0,22,Judy Sierra,0.7,0.63,
3232,A Little Princess,,0.0,1986.0,829.0,Penguin Books,242.0,261634,Frances Hodgson Burnett,0.8400000000000001,0.8400000000000001,
3233,A Little Princess,,0.0,1986.0,829.0,HarperCollins,324.0,261998,Frances Hodgson Burnett,0.8400000000000001,0.8400000000000001,
3234,Frog,,0.0,1987.0,347.0,Margaret K. McElderry Books,32.0,53,Susan Cooper,0.6599999999999999,0.58,
3235,Heidi,,0.0,2014.0,807.0,Sterling,272.0,168190,Johanna Spyri,0.798,0.47000000000000003,
3236,The Summoning,,0.0,2017.0,402.0,Pinnacle,542.0,1236,Bentley Little,0.74,0.3,
3237,Hollywood,,0.0,1980.0,913.0,Vintage,448.0,1128,Gore Vidal,0.728,0.93,
3238,Success,,0.0,1984.0,189.0,Vintage,224.0,2446,Martin Amis,0.732,0.75,
3239,The Ghost,4586348.940020926,0.0,2008.0,1472.0,Dell,420.0,7675,Danielle Steel,0.776,0.6799999999999999,-4586348.940020926
3240,Churchill,13314615.504601466,0.0,2017.0,16320.0,Haus Publishing,182.0,321,Sebastian Haffner,0.786,0.6,-13314615.504601466
3241,Ecstasy,,0.0,2011.0,1956.0,Points,358.0,9176,Irvine Welsh,0.71,0.5,
3242,Jane Eyre,,0.0,1997.0,3561.0,Penguin,532.0,1548529,Charlotte Brontë,0.8240000000000001,0.7,
3243,Jane Eyre,,0.0,1997.0,3561.0,Signet Classics,462.0,1553077,Charlotte Brontë,0.8240000000000001,0.7,
3244,Jane Eyre,,0.0,1997.0,3561.0,Turtleback Books,461.0,1553399,Charlotte Brontë,0.8240000000000001,0.7,
3245,Loverboy,,0.0,2005.0,3495.0,Avon Books,313.0,31,Richard Belsky,0.794,0.53,
3246,Bittersweet,76439.14900034877,0.0,2008.0,164.0,Dell,464.0,4498,Danielle Steel,0.746,0.47000000000000003,-76439.14900034877
3247,Bittersweet,76439.14900034877,0.0,2008.0,164.0,William Morrow Paperbacks,368.0,1772,Nevada Barr,0.74,0.47000000000000003,-76439.14900034877
3248,Act of God,,0.0,2009.0,131.0,Grand Central Publishing,608.0,264,Susan R. Sloan,0.786,0.55,
3249,Inconceivable,,0.0,2017.0,11349.0,Delta,288.0,4434,Ben Elton,0.7140000000000001,0.52,
3250,Dust,,0.0,2005.0,1775.0,Laurel Leaf,192.0,1426,Arthur Slade,0.706,0.71,
3251,A Long and Happy Life,,0.0,1966.0,490.0,Scribner Book Company,208.0,758,Reynolds Price,0.784,0.74,
3252,Enchiridion,,0.0,2012.0,103.0,Dover Publications,64.0,12819,Epictetus,0.8460000000000001,0.55,
3253,Sahara,,10385400.093589144,2017.0,3349.0,St. Martin's Griffin,272.0,2570,Michael Palin,0.792,0.55,
3254,Pippi Longstocking,,0.0,1969.0,5777.0,Puffin Books,160.0,159223,Astrid Lindgren,0.826,0.7,
3255,The Temptation of St. Anthony,,0.0,1898.0,1105.0,Kessinger Publishing,192.0,2537,Gustave Flaubert,0.764,0.5900000000000001,
3256,Down Under,2729772.9453149983,0.0,2016.0,1081.0,Black Swan,398.0,85324,Bill Bryson,0.8140000000000001,0.5900000000000001,-2729772.9453149983
3257,Coming Home,,0.0,2012.0,388.0,Hodder & Stoughton,977.0,16593,Rosamunde Pilcher,0.86,0.61,
3258,Love,,0.0,1927.0,1279.0,Miramax Books,43.0,1464,Pablo Neruda,0.892,0.6799999999999999,
3259,Love,,0.0,1927.0,1279.0,Vintage Classics,122.0,1130,Angela Carter,0.738,0.6799999999999999,
3260,Twelve Angry Men,,0.0,1954.0,421.0,Penguin Classics,73.0,22565,Reginald Rose,0.818,0.75,
3261,Mars,3482211.4868491674,0.0,2004.0,321.0,"Collector's Guide Publishing, Inc.",96.0,1,Robert Godwin,0.4,0.61,-3482211.4868491674
3262,Savages,1302029.1018564976,2162364.3613447063,2006.0,731.0,Random House Value Publishing,,671,Joe Kane,0.8119999999999999,0.64,860335.2594882087
3263,The Hunters,,0.0,1957.0,124.0,Picador,200.0,513,Claire Messud,0.6839999999999999,0.7,
3264,Robin Hood,,0.0,1991.0,6256.0,Atheneum Books for Young Readers,64.0,1329,Paul Creswick,0.8,0.5700000000000001,
